:020000040800F2
:1000000010B80320D5030008BD3900086D3800087A
:10001000B93900086D2E0008AD4900080000000045
:10002000000000000000000000000000A5430008E0
:100030001934000800000000C1390008E544000838
:10004000F3030008F3030008F3030008F3030008B8
:10005000F3030008F3030008F3030008F3030008A8
:10006000F3030008F3030008F3030008F303000898
:10007000F3030008F3030008F3030008F303000888
:10008000F3030008F3030008F3030008F303000878
:10009000F3030008F3030008F3030008F303000868
:1000A000F3030008F3030008F3030008F303000858
:1000B000F3030008F3030008F3030008F303000848
:1000C000F3030008F3030008F3030008F303000838
:1000D000F3030008F30300089D490008A549000840
:1000E000F3030008F3030008F3030008494800087D
:1000F000F3030008F3030008F3030008F303000808
:10010000F3030008F3030008F3030008F3030008F7
:10011000F303000899490008F3030008F3030008FB
:10012000F303000811340008F3030008F303000888
:1001300015340008F3030008F3030008F303000874
:10014000F3030008F3030008F3030008F3030008B7
:10015000F3030008F3030008F3030008F3030008A7
:10016000F3030008F3030008F3030008F303000897
:10017000F3030008F3030008F30300080000000085
:10018000F3030008F3030008F3030008F303000877
:10019000F3030008F3030008F30300080000000065
:1001A000F3030008F3030008F303000800F002F86B
:1001B00000F09CF80AA090E8000C82448344AAF165
:1001C0000107DA4501D100F091F8AFF2090EBAE863
:1001D0000F0013F0010F18BFFB1A43F0010318477B
:1001E000F063020010640200103A24BF78C878C19E
:1001F000FAD8520724BF30C830C144BF04680C602D
:10020000704700000023002400250026103A28BF74
:1002100078C1FBD8520728BF30C148BF0B60704778
:100220006E2900F0C885702900F07982662922F0D5
:100230009886652922F09586672922F092866129A1
:1002400022F0918603681B0A28BF41F080016929CA
:1002500000F0EA81642900F0E781752900F0E4816B
:100260006F2901F0D780782900F04582E92901F053
:100270007180E42901F06E80F52901F06B80EF298F
:1002800001F0D480F82900F044820368DB0928BF1C
:1002900041F08001632900F0E087732900F0E587D1
:1002A000E32901F01386F32901F018860020704736
:1002B0001FB522F049FE9DE8030000F0DBFC00F0D2
:1002C0005AFB00F0B7FC04000020002122F0E0FD02
:1002D000401C60600020002122F0F0FDE06001F091
:1002E000A1FA1FBD10B501F006FB10BD01F099FF8A
:1002F0001146FFF7DDFF11F007F901F0C8FF03B465
:10030000FFF7F0FF03BC01F0AFFB00000B49D1F891
:1003100000C04A685CF8043B1068184442F8040BBB
:100320008C4528BFA1F1DC0C8A4228BFA1F1DC0278
:10033000C1F800C04A6020F000407047E80A002081
:10034000F0B400EB4003DFF8880000EBC30000F1DD
:1003500018063069F7687568874232D3B368DC1BCA
:10036000631E934214D37D19D01900BF11F8013BCD
:1003700005F8013B521E05D011F8013B05F8013B81
:10038000521EF3D1BFF35F8FF0600120F0BC7047C5
:10039000C018904219D37819121B11F8013B00F8CC
:1003A000013B641EF9D1141C05D011F8013B05F87E
:1003B000013B521EF9D1BFF35F8FF4600120F0BC06
:1003C0007047C01B401E9042CDD20020F0BC704749
:1003D000CCD900200A4880470A4880470A4800478D
:1003E000FEE7FEE7FEE7FEE7FEE7FEE7FEE7FEE7E5
:1003F000FEE7FEE705480649064A074B704700003E
:10040000FD440008C5390008AD010008D07703207D
:1004100010B80320107803201078032010B500F0E6
:1004200009FC001D10BD00BF692A020070B5064618
:1004300000F0FCFB056806F10B0020F00704B44255
:100440009CBF002070BD2B466A68BAB11068A042FC
:1004500010D304F1080188423CBF5068586007D3AC
:100460005168101941601168091B016058601460DF
:10047000101D70BD13465268002AE7D12146284658
:1004800000F0E4FB0028DED170BD70B50446051F06
:1004900000F0CCFB0068002C14BF446870BD002C39
:1004A00018BFAC423CBF20466468F8D301680A1804
:1004B000AA4218BF456003D12A680546114401606D
:1004C00028684119A1421CBF6C6070BD61686960F9
:1004D00021680844286070BD10B50446FFF79EFFF0
:1004E0000068005D000704D5DF2C02D0A4F12000D5
:1004F00010BD204610BD00000A46014900F0BABEFA
:10050000640900200FB4044910B503AA029800F052
:10051000B1FE10BC5DF814FB640900200FB41CB5DB
:10052000084B06AA7B4469460090059800F06BFED4
:1005300004460020694600F079FE20461CBC5DF8A8
:1005400014FB0000050D00000FB41CB50C0007AA39
:10055000009007D04142A14202D32044401E01E056
:100560004FF0FF30074B7B4469460190069800F03E
:100570004AFE0021002C01D0009A11701CBC5DF8CD
:1005800014FB0000CD0C000070B5044685690068BE
:10059000C10601D5302600E02026C00707D070BD77
:1005A000D4E9012130469047206A401C20626D1E2C
:1005B000F6D570BD70B5044685690078C00707D1CF
:1005C00070BDD4E9012120209047206A401C2062A0
:1005D0006D1EF6D570BD70B50C460546012A05D0D6
:1005E0002878800600D5EA69002302E0012305E0AF
:1005F0005B1C934202D2E05C0028F9D1A869E6189E
:10060000C01AA861286A184428622846FFF7BCFF70
:1006100004E0D5E9012114F8010B9047B442F8D366
:100620002846FFF7C7FF70BD2DE9F04106460024BC
:1006300010687529314616A510D000F051FB00282E
:1006400002DA404213A507E031688A0701D512A5F6
:1006500002E0490704D511A5012401E000F049FB9F
:1006600000210A2206F1240709E0B0FBF2FCB0FBEE
:10067000F2F302FB1C00303078541846491C002865
:10068000F3D123462A463046BDE8F04100F03ABB9C
:10069000000000002D0000002B00000020000000E2
:1006A000F0B40D460188090502D5214C7C4402E0D6
:1006B0001F4C7C440E34002100F1240608E002F0B7
:1006C0000F071209E75D42EA03721B097754491CC0
:1006D00052EA0307F3D102780023120704D5702DE4
:1006E00006D009B1022311342246F0BC00F00ABB47
:1006F00001231034F8E770B504460D462146106812
:1007000000F0F7FA024629462046BDE87040002373
:10071000C6E7D21D22F00703D3E90023C0E7036830
:10072000126843F0200303600823C3610023B7E786
:10073000C62802002DE9F05F894604464FF0000A02
:10074000DFF874B1FB44C0F820A02046E168884778
:10075000002874D0252806D0D4E901219047206ACA
:10076000401C2062F1E700265F462046E16888478A
:100770002028054607DB312D05D2781910F8200C0A
:1007800008B10643F1E7B00701D526F00406C4F826
:100790001CA00027C4F818A02A2D09D0284622F052
:1007A00061FB38B304EB8708303DC8F8185019E0F6
:1007B00059F8041B204604EB87029161E1688847E1
:1007C000012F054618D1E069002820DA26F020061E
:1007D0001DE0D8F8180000EB800005EB4000303831
:1007E000C8F818002046E1688847054622F03AFB21
:1007F0000028EED1012F0AD02E2D08D12046E16825
:1008000088477F1C0546022F46F02006C4DBA069FE
:10081000002803DA404246F00106A061F00701D04B
:1008200026F010066C2D0BD0682D09D04C2D39D038
:100830006A2D35D0742D35D07A2D33D016E038E0BE
:10084000E1682F4620468847B842054609D16C2FFB
:1008500026D04FF48060E16806432046884705466D
:1008600004E06C2F1AD04FF4807006430DB3A5F14D
:100870004100192802D8203546F400664A46294628
:10088000204626604E46FFF7CBFC80B101280BD0F6
:10089000F61D26F0070000F1080956E74020E4E7BE
:1008A0008020D8E70020D6E706F104094DE7284666
:1008B00052E7206ABDE8F09F5628020070B5044652
:1008C000C068810713D0800601D5A56A04E0A1693C
:1008D000606808442169451A204600F05FFF002245
:1008E00006462946204600F09DFE304670BD002099
:1008F00070BD70B510B1BDE87040DFE70025074C52
:100900006E1E07E02046FFF7D9FF00B13546206D87
:1009100020F00104002CF5D1284670BD10090020FC
:1009200010B5044603E022F0A4FA401C09D014F8E4
:10093000010B05490028F6D1BDE810400A2022F03D
:1009400098BA4FF0FF3010BD640900200B4910B574
:10095000A1F17C020A4CC2E93712372106E000EB14
:10096000104342F82130074B00FB03400B1EA1F15E
:100970000101F4DC10BD0120E8E70000880A002036
:10098000E119D666CD0D01000EB5054614460E469A
:1009900013A001F039FC284601F036FC16A001F046
:1009A00033FC304601F030FC15A001F02DFC002195
:1009B0008DF80B100A210DF10A008DF80A1008E0DD
:1009C00094FBF1F201FB124294FBF1F4303200F897
:1009D000012D002CF4DC01F017FC00F0BFFF00003B
:1009E0002A2A2A20617373657274696F6E206661AA
:1009F000696C65643A2000002C2066696C652000F3
:100A00002C206C696E65200030B503461D781DB141
:100A10000A4603E0AC4201D1181A30BD12F8014B6E
:100A2000002CF7D15B1CF1E730B503461D783DB1D2
:100A30000A4612F8014B1CB1AC42FAD15B1CF5E737
:100A4000181A30BD40EA010310B59B070FD1042AE4
:100A50000DD310C808C9121F9C42F8D020BA19BA89
:100A6000884201D9012010BD4FF0FF3010BD1AB1EE
:100A7000D30703D0521C07E0002010BD10F8013B43
:100A800011F8014B1B1B07D110F8013B11F8014B6A
:100A90001B1B01D1921EF1D1184610BD10B5431C8D
:100AA00002E010F8011B71B18107FAD14FF0013259
:100AB00002C88C1A8C4314EAC211F9D0C01A0A0673
:100AC00003D0C01E10BDC01A10BD0A0401D0801E84
:100AD00010BD0902FCD0401E10BDCBB22AB1017876
:100AE0008B4203D0401C521EF9D1002070470000F9
:100AF00030B44FF0013C50F8042B51F8043BCCFAD1
:100B000052F4D51A20D1FCB950F8042B51F8043B0B
:100B1000CCFA52F4D51A17D1B4B950F8042B51F8C5
:100B2000043BCCFA52F4D51A0ED16CB950F8042B10
:100B300051F8043BCCFA52F4D51A05D1002CDAD086
:100B400030BC4FF00000704729BAB1FA81F111F0C2
:100B50001801D1F120008440F2D1CA40CB4012F0FC
:100B6000FF0213F0FF0330BCD01A704770B50C467B
:100B7000016800204A1C3ED03C22B1FBF2F302FB8C
:100B80001313B1FBF2F12360B1FBF2F302FB131379
:100B9000B1FBF2F118226360B1FBF2F302FB131315
:100BA000B1FBF2F146F2E0320A440721A360B2FB46
:100BB000F1F301FB132140F2B553B2FBF3F5A16150
:100BC000B2FBF3F103FB15228900B2F5B77F08D31E
:100BD0009B10521EB2FBF3F52944B2FBF3F503FB65
:100BE00015220F4BE261616189077B440CD03B2ADF
:100BF0000AD3521C08E02C21204600F00EFF0120F1
:100C0000E0600AE0521A401C195C9142FAD9521C69
:100C1000C4E903204FF0FF302062204670BD000081
:100C2000CA230200704770477047000000487047B1
:100C3000F80A002000487047100B00200048704759
:100C4000F00A0020704770477047704738B5044677
:100C50000A4600206946AFF30080002808BF38BD6F
:100C600002460099204600F009FF012038BD01200E
:100C700001F0C2BAF8B5AFF30080054600200C467B
:100C8000102000BF0646A819A0420DD93246694679
:100C90000020AFF30080070008BF01F0ADFA009814
:100CA000A04218BF0546C419FFF7C0FF05600746FC
:100CB000F01D20F007004619284600F00AF8B4425B
:100CC00008BFF8BDA21B31463868BDE8F84000F007
:100CD000D5BE00210160C0E90110704710207047A7
:100CE00009684A0501D540B27047C905FCD500B274
:100CF000704709684A0501D5C0B27047C905FCD5DF
:100D000080B270472DE9F0470D4699469246044659
:100D100000F124080168880604D5E06921F010017B
:100D2000216000E00120A84201DD471B00E0002710
:100D3000A1697A1902EB0900081AA0612078C0069F
:100D400002D42046FFF720FC002608E0D4E9012168
:100D50001AF806009047206A401C761C20624E4517
:100D6000F4DB2078C0060AD52046FFF70DFC06E02C
:100D7000D4E9012130209047206A401C2062381EAF
:100D8000A7F10107F4DC07E0D4E9012118F8050018
:100D90009047206A401C2062281EA5F10105F3DC63
:100DA0002046FFF707FC2078000602D50220BDE8A8
:100DB000F0870120FBE711680268006A530501D53E
:100DC00008700AE0D30501D5088006E0130603D5B4
:100DD000C217C1E9000200E00860012070472DE958
:100DE000FF4F0C461E464FF0FF378BB0D2E9000193
:100DF000DDF860800A908A46C1F30A5505B93D4680
:100E0000002108464FF00000BAF1000F00F4400046
:100E100005DA00EB80004FF4400101EA50004FEA90
:100E20009059B9F1010F00DDB9460A9850EA4A001D
:100E30000ED044F61050A5F2FF3545432F14B8F1FB
:100E4000000F1ED07542291E1EDDC9F100021CE0F4
:100E5000B8F1010F4FF0000001D0302103E0F24360
:100E600005E02154401CB042FBDB3046002200214B
:100E700021540B99C1F80880C1E900200FB0BDE8EA
:100E8000F08FBD1B6D1CDEE74A4600DA694206A8FA
:100E900001F028F806AB93E8070003AB83E80700EE
:100EA00050460A9921F0FDFB8DE80700A0F500509F
:100EB0001F3800900398002D0ADD42F21F014A46B8
:100EC0000844002303A90390684621F067FE09E067
:100ED000A0F500504A461F38002303A90390684636
:100EE00021F071FE8DE807000004000C03D04FF0E4
:100EF000FF30410800E01046B8F1000F03D0002297
:100F0000009215461EE0751E05D400F0D1FD30326A
:100F100062556D1EF9D5B3460122084302D0002266
:100F20007F1C04E02078302801D100227F1E002A97
:100F3000099784D01DE0112D07DA00F0B9FD303299
:100F400062556D1C50EA0102F5D1084302D00098A9
:100F5000C8B10EE00021681E05E0235C625C6354AA
:100F60002254401E491C8142F7DBAB46A81B401EA1
:100F70000990002004F80B000B98099AC0F808802B
:100F8000C0E9002B7AE711264FF0000857E72DE95A
:100F9000F04F88460446D21D22F0070191B0D1E9F6
:100FA0000001CDE90A0121F045FF02460B98C00F70
:100FB00001D02D2007E02068810701D52B2002E019
:100FC000202101EAC000032A099001D0072A05DB8D
:100FD00003464146204600F02FFF0BE120788006B3
:100FE00001D5E06900E00620B8F1650F814606D022
:100FF000B8F1660F18D0B8F1670F70D131E000205A
:10100000B9F1110F009001DB112301E009F1010397
:101010000AAA01A90CA8FFF7E2FEDDE90C70002680
:1010200009F10105834647E001204B4600904FF04F
:1010300000470AAA01A90CA8FFF7D1FEDDE90DB00F
:101040000C995D46002610B909F101000D18B9EBA5
:10105000050003D4C0F1FF3609F10105A5EB090035
:101060002BE0B9F1010F01DA4FF001090020B9F1CD
:10107000110F0090484601DD112300E003460AAA43
:1010800001A90CA8FFF7ABFEDDE90C704D46002668
:101090008346207800070AD4AB4500DA5D4601A8F4
:1010A000012D04DD411911F8011C302907D04F45ED
:1010B00002DA17F1040F04DA012082460FE06D1EF8
:1010C000EEE7002F02DCED1B3E4403E0781CA84253
:1010D00000DD7D1CB81B00F1010A4FF000472078AD
:1010E000000703D4AA4501DB4FF0FF3A0021B7F116
:1010F000004F0DF143088DF8431024D002202B231C
:10110000002F01DA7F422D230A21021EA0F10100E7
:1011100000DC5FB197FBF1FC97FBF1F201FB1C7C5B
:1011200017460CF1300C08F801CDEEE7A8F10100EC
:1011300003702188090501D5452100E06521A0F152
:10114000010800F8011C09980FA9A1EB0807FF1D71
:1011500000B10120411901EBEA70A1693844081A75
:10116000401EA0612078C00602D42046FFF70CFA8A
:10117000099828B1D4E901219047206A401C2062D7
:101180002078C00622D52046FFF7FEF91EE0002E8B
:1011900004DBB34502DD01A8805D00E03020D4E926
:1011A00001219047206A401C2062761CAAF10100B0
:1011B0005FEA000A0AD1FFF73DFDC0680168405CA4
:1011C000D4E901219047206A401C2062281EA5F125
:1011D0000105DCDC07E0D4E9012118F8010B904798
:1011E000206A401C2062381EA7F10107F3DC20466C
:1011F000FFF7E0F9032011B041E6000001694A1C45
:1012000002610878704700B58FB0CDE90131002147
:10121000059105497944CDE9031011466846FFF769
:1012200089FA0FB000BD0000E5FFFFFF0A6802F871
:10123000010B0A607047D1E900239A4202D2531C85
:101240000B601070704710B5436913B1AFF30080A5
:1012500001E0FFF7C0F9012010BD127800F1240170
:101260000A7000224A700122EDE711684FF0FF3248
:10127000E9E70000074B70B50D467B44FFF7C3FF5D
:101280000446284600F0A0FE10B14FF0FF3070BDBC
:10129000204670BDF51B02002DE9FF5F15468A460A
:1012A0000446DFF8AC80F8440027D8E900103E4639
:1012B000CDE9001010E03AF816106A4602A800F0D6
:1012C00069FF411C07D02178890603D5E2693918E6
:1012D00091420DD80744761C2078800602D5E0693B
:1012E000B84205DDAE42E6DB3AF816000028E2D14E
:1012F000A069C01BA0612046FFF746F9D8E900109D
:10130000CDE90010002017E03AF818106A4602A84C
:1013100000F040FFB0F1FF3F81460BD000250DF1FA
:10132000080B05E0D4E901211BF8050090476D1C6E
:101330004D45F7D308F10100B0428046E4DB206A56
:10134000384420622046FFF735F9BDE8FF9F0000D2
:10135000061D02002DE9F0418046D21D22F0070251
:101360000025D2E90002F52915A614D0011E72F15C
:10137000000106DA0023D0EB030063EB020211A6A2
:1013800008E0D8F800108B0701D50FA602E0490746
:1013900001D50EA601251146002408F1240704E01A
:1013A00000F086FB30323A55641C50EA0102F7D156
:1013B0002B46324621464046BDE8F041FFF7A2BC2D
:1013C000000000002D0000002B00000020000000A5
:1013D00030B4002100F1240408E002F00705D2082F
:1013E000303542EA4372DB086554491C52EA030572
:1013F000F3D10468002310A2250708D504F02004C7
:101400000C4304D0C46901230CA2641EC46130BC27
:10141000FFF778BC10B5044621461068FFF769FC59
:1014200002462046BDE810400023D1E7D21D22F03D
:101430000701D1E90023CBE70000000030000000E5
:101440002DE9F05F054617460C46C86820F42010C9
:1014500040F48000C860800602D5084600F0C1F95B
:10146000E06841F282014FF0FF3A0140022903D0C7
:10147000204600F053F9B9E000F42041B1F5004FE7
:101480000FD1C00306D56168E06A884200D80846DB
:10149000606006E02069E06260606069002000BF73
:1014A000A061A0680022EEB200280DDAE1688B0589
:1014B0000AD4C043A06041F490302260E0606068CC
:1014C000411C61600670AAE0E0689146226040F429
:1014D0000050E060206978BB606903F095FD04F17D
:1014E00024054FF00108A8B1A08910F4407F08D06E
:1014F000E069FEF79BFF206118B1E06840F40060EE
:1015000017E0C4F81C802561E06820F4407040F4C6
:1015100080600EE0E069FEF789FF00282061F0D0CE
:10152000E06840F4006010F4407FE06002D140F4D5
:101530008070E06020696060E06825696FF0010BF1
:10154000C1051ED56168E06A884200D80846411B83
:1015500004D02246284600F0EBF8E8BB1FB1E56254
:10156000C4E9015959E0681CE0626060E069401E0E
:10157000A060E06840F48030E06030462E70BDE846
:10158000F09F17B100F480320AE06068411C61608E
:101590000670E0680A2E40F48030E06006D0002239
:1015A000E16A6068814203D90B4602E00122F7E755
:1015B0000346B4F80CC05B1B5FEA4C5C04D4D4F85F
:1015C0001CC09C4500DD02B3814200D80146002BBF
:1015D000A1EB0008E56200E008E0C4E9015907DD7D
:1015E00022461946284600F0A3F808B15046C6E73F
:1015F000B8F1000F09D0A169E5626560A1EB0800B0
:10160000A061E06840F01000E06047B16168A06947
:10161000E562491B08446560A0615846AFE7304663
:10162000ADE700002DE9F041044616460D46476936
:10163000007B80072ED0384603F0E6FC50BB3EB35B
:10164000012E02D0022E25D104E0204600F0C0FC7D
:1016500005441DE03846002000BFE168002841F045
:101660001001E16005DA204600F058F80120BDE8DD
:10167000F081C9030BD56268E16A914200D8114636
:10168000A26911442269891A814200DD0846054495
:10169000002D01DA0220EAE7E16A6068E26881422F
:1016A00006D29103E06203D522F4003141F010022A
:1016B000A6690027AE4213DCE16A814201D90B46DC
:1016C00000E0034603EB060C2369ACEB030CAC45CE
:1016D00006DD814201D98C4600E084469C4505D157
:1016E000A760276042F02000A5620DE0AD1BE6690F
:1016F000AE1B8142A66000D90846C01A281A206095
:101700005819606022F0200003490840E060002082
:1017100084F84870ABE70000BFCFD7FFC16821F461
:10172000001141F08001C1600021816001607047BB
:101730002DE9F74F15460C464FF0FF3B3848D76868
:10174000D2F814A0074209D05046A969002000BF72
:10175000002819DB3248C0430740EF604FF00049D2
:101760006FF000484C4501D3464600E026460099FC
:101770003B465046324603F069FCA96920F000421E
:10178000B21A1144A96128B12846FFF7C7FF58468D
:10179000BDE8FE8FA41BE5D10020F9E770B5044633
:1017A0000569C06A6168884200D80846E16821F48A
:1017B0002011E160C90312D5A84208D02246411B7E
:1017C0002846FFF7B5FF10B14FF0FF3070BD002085
:1017D000E562C4E90150E06820F48030E060002058
:1017E00070BD10B50446C06820F02000E060A16A1A
:1017F000A06988420DD02046FFF7D0FFE06820F4B2
:10180000405040F01000E060A06AA0612069E062F2
:10181000606044F24001E0688843E06010BD000071
:101820001000020010B54248542100F0F6F841487B
:10183000542100F0F2F84048542100F0EEF83F49FE
:101840003B483C4A3F4B08603D490A603A491960B1
:10185000531C0365481C1065012008653B48344A49
:1018600039A1784400F0F8FB20B9384878440A38A8
:1018700000F0BBFC37482F4A35A1784400F0ECFB60
:1018800020B9344878440A3800F0AFFC32482A4A7C
:101890002FA1784400F0E0FB20B92F4878440A38A3
:1018A00000F0A3FC40232248DC000021224600F087
:1018B000B0FB20B125487844543800F096FC1D4810
:1018C00022464023002100F0A4FB20B121487844A7
:1018D000543800F08AFC184822461023002100F0FA
:1018E00098FB002806D01C487844BDE810405638C4
:1018F00000F07BBC10BD104870B5006D20F00104F5
:101900000B4800F021FC0B4800F01EFC0A4800F0D8
:101910001BFC09E0206D20F00105204600F014FCBE
:101920002046FEF7B2FD2C46002CF3D170BD00001E
:101930001009002064090020B80900209C0800203C
:10194000A0080020A4080020720000000417020074
:1019500077000000F0160200DC16020010B500202F
:1019600000F03CFCFEF7BEFCBDE81040012000F09A
:101970007BB810B5203AC0F00B80B1E81850A0E851
:101980001850B1E81850A0E81850203ABFF4F5AF4D
:101990005FEA027C24BFB1E81850A0E8185044BFA9
:1019A00018C918C0BDE810405FEA827C24BF51F816
:1019B000043B40F8043B08BF7047D20728BF31F80A
:1019C000023B48BF11F8012B28BF20F8023B48BF5B
:1019D00000F8012B70474FF000020429C0F012807C
:1019E00010F0030C00F01B80CCF1040CBCF1020FD2
:1019F00018BF00F8012BA8BF20F8022BA1EB0C01A7
:101A000000F00DB85FEAC17C24BF00F8012B00F89C
:101A1000012B48BF00F8012B70474FF0000200B5C2
:101A2000134694469646203922BFA0E80C50A0E801
:101A30000C50B1F12001BFF4F7AF090728BFA0E8AF
:101A40000C5048BF0CC05DF804EB890028BF40F87B
:101A5000042B08BF704748BF20F8022B11F0804FBD
:101A600018BF00F8012B704701491820ABBEFEE7F4
:101A70002600020000487047F00A00200346406834
:101A80008C46002818BF88423CBF03464068F8D304
:101A900018681844884207D00CF1030020F00700B2
:101AA000001D411A521A0146081D0A60FEF7EDBCDE
:101AB00030B5B0F10A0271F100034FEA900E4EEA20
:101AC000817EB0EB0E0061EB91014FEA101E4EEAF1
:101AD000017E10EB0E0041EB11114FEA102E4EEA81
:101AE000016E10EB0E0041EB11214FEA104E4EEA51
:101AF000014E10EB0E0041EB1141401841F1000185
:101B00004FEAD00040EA41704FEAD1014FEA810428
:101B100044EA907410EB800544EB01046D1944EB2A
:101B20000404521BA3414FF0000348BF0A3200D502
:101B300030BD401C41F1000130BD00002DE9F04FE7
:101B400004460D46D21D22F0070089B0D0E9009767
:101B50004846394621F06EF90246F80F01D02D2390
:101B600007E02068810701D52B2302E0202101EA4C
:101B7000C0038DF820300BB1012000E00020032AC3
:101B8000824601D0072A04DB2946204600F054F99A
:101B90003FE12078800601D40D2500E0E569C7F318
:101BA0000A560D2D49DA00214FEA175B08464FF01F
:101BB0000000002F00F4400007DA00EB80004FF433
:101BC000400100EBD07001EA60008115012901DDC0
:101BD0004FF0FF3100224FEA850CBCF1180F06D3FD
:101BE0001346ACF118004FF08052C24003E04FF4AE
:101BF000801323FA0CF30CF10C0CBCF1200F04D36E
:101C0000ACF1200C09FA0CF001E007FA0CF0002905
:101C10004FF0004801DD18B90FE00ED140450CD35C
:101C200019EB02095F4121B9404502D19F4329EADE
:101C30000209BBEB175F00D0761C2088000502D597
:101C40007B48784402E07A487844193808AA30235F
:101C500002F80A30037C0AF10101002E0AF1020A9F
:101C600053546A4602DC4FF0300101E04FF031017D
:101C70004FF001088DF8001002D0A6F2FF3603E005
:101C800059EA470100D06B4E002D02DC217809078C
:101C900004D54FF002082E218DF80110C446002112
:101CA0000BE0C7F303433F01C35C491C6D1E02F800
:101CB0000830052908F1010801DA002DF1DC0021C6
:101CC0000CE000EB1973491C1B786D1E082902F803
:101CD00008304FEA091908F1010801DA002DF0DC9B
:101CE00021688B0602D516E0A8F10108E04505DD64
:101CF00002EB080313F8013C302BF5D0B8F1000FCC
:101D000009DD02EB080313F8013C2E2B03D1090770
:101D100001D4A8F10108002D05DD3E2102F80810CC
:101D20006D1E08F10108407C002E02F8080008F141
:101D3000010804DA2D20764202F8080002E02B2088
:101D400002F808000A214FF47A70864208F101086F
:101D50000BDB96FBF0F3303302F8083096FBF0F320
:101D600008F1010800FB136601E0642E0CDB64201F
:101D700096FBF0F3303302F8083096FBF0F308F1ED
:101D8000010800FB136601E00A2E06DB96FBF1F06A
:101D9000303002F8080008F1010896FBF1F001FB71
:101DA0001060303002F80800A16908F1010808EB62
:101DB000050202EB0A00081AA0612078C00602D4CE
:101DC0002046FEF7E1FB216A08AE01EB0A00206223
:101DD00004E0D4E9012116F8010B9047BAF1010A99
:101DE000F7D22078C00602D52046FEF7CDFB6E461E
:101DF00009E016F8010B3E280FD0D4E901219047E5
:101E0000206A401C2062B8F10108F2D22046FEF799
:101E1000D1FB09B00320BDE8F08F206A284420627E
:101E200003E0D4E90121302090476D1EEBD3F8E7A1
:101E30009113020002FCFFFF2DE9F0411F4604460A
:101E400003260168072A01F4006004DB08B116A527
:101E500005E016A503E008B115A500E015A521F0E1
:101E600010002060A069C01EA0610FB1401EA061DB
:101E70002046FEF789FB4FB1D4E90121384690474F
:101E8000206A401C2062C01C206206E0206AFAE73B
:101E9000D4E9012115F8010B9047761EF8D22046AF
:101EA000FEF788FBBDE8F0814E414E006E616E008A
:101EB000494E4600696E660010B5436913B1AFF331
:101EC000008001E0FFF7E8F9012010BD128800F161
:101ED000240182840022C2840122EDE711684FF0C0
:101EE000FF32E9E72DE9F047814616468AB03548CA
:101EF00078440DC88DE80D0032487844801C03AC4E
:101F00000DC884E80D0041F69B300844372190FB52
:101F1000F1F290FBF1F5A5F1800501FB12041B3CE9
:101F200002D56442012000E00020DFF898A080463E
:101F30000027FA44AAF1BE0A0EE0E0070AD03246B2
:101F4000684607EB470101230AEB810120F03BFEC5
:101F50008DE8070064107F1C002CEED1194F7F44E0
:101F6000AE3F19E0E80715D007EB04100DF1180A91
:101F700090E80E008AE80E00C068F04201D198197E
:101F800008903246012306A903A820F01CFE03ABEB
:101F900083E807006D10641C002DE3D14FF00103AE
:101FA00032466946B8F1000F03A802D020F0F6FDD2
:101FB00001E020F008FEC9E90001C9F808200AB0D4
:101FC000BDE8F08774110200007B00F080007047CC
:101FD00010B50146C268900703D0900607D5886AFD
:101FE0000AE0FEF72BFE01210160881E10BD8B69FF
:101FF000486818440B69C01A91F848301BB191F831
:102000004910401A10BD1103FCD50028FADD401E0E
:1020100010BD70B5C468A50713D0650211D4B2F520
:10202000807F09D0B2F5007F06D0B2F5806F08D16D
:10203000012300F1240106E05D1E6FF07F46B542EA
:1020400001D3012070BD0161C361416024F470615E
:102050001143C160002070BD2DE9F0410C461646C9
:10206000070047D0104600F06FF82078611C612807
:102070000AD0722802D077283CD102E00125002442
:1020800005E00225042402E0082448F2020511F8C4
:10209000010B2B2806D0622809D011F8010C7428F6
:1020A0000AD00BE045F0030544F00204EFE745F0E9
:1020B000040544F00104EAE744F0100438462146E0
:1020C00002F0AAFF411C15D00021316171604FF46C
:1020D0000071F560F1617061200704D5304602227D
:1020E0000021FFF79FFA306D40F001003065304667
:1020F000BDE8F0810020FBE72DE9F0410D460646E2
:10210000104C206DC10704D0410804D020F0010418
:10211000F7E722460EE05420FEF788F907000ED0BC
:10212000206D47F001010843542120653846FFF730
:1021300074FC3A4629463046BDE8F0418CE7002061
:10214000D6E70000100900202DE9F04704464FF0C3
:10215000FF380026C568D4E90497A80718D02046A0
:10216000FFF71CFB3846002000BF002800DA464677
:10217000280502D54846FEF788F94C212046FFF78E
:102180004CFC206D20F0010020653046BDE8F08752
:102190004046FBE72DE9F04116460C460546FEF7A2
:1021A0003DF9036893F80101012807D0FF2C12D8EC
:1021B000185D80B101202C70BDE8F081D3F80701D3
:1021C0003246214603F20713C7182846BC46BDE82D
:1021D000F041002360474FF0FF30EDE710B500F00D
:1021E00065F8BDE8104000F05BB810B500F076F877
:1021F000BDE8104000F054B810B500F089F8BDE813
:10220000104000F04DB8000010B5044900F02EF861
:10221000BDE810400148FEF76CBB0000B809002083
:1022200070477546FFF726FCAE46050069465346E3
:1022300020F00700854618B020B5FEF7DBF8BDE8B2
:1022400020404FF000064FF000074FF000084FF01D
:10225000000BAC46ACE8C009ACE8C009ACE8C0096A
:10226000ACE8C00921F007018D46704770B50D46F6
:10227000044604E0294620F0FCFD401C04D014F87C
:10228000010B0028F6D170BD4FF0FF3070BD10B5C6
:102290000446AFF300802046BDE81040FEF72FB89B
:1022A000002801D0FFF7E0BB7047000010B5002107
:1022B00002A000F09AF8012010BD000053494741E8
:1022C0004252543A2041626E6F726D616C207465A7
:1022D000726D696E6174696F6E00000010B5014621
:1022E00002A000F082F8012010BD000053494752BF
:1022F000545245443A2052656469726563743A20C9
:1023000063616E2774206F70656E3A2000000000D4
:1023100010B5012805D0002103A000F066F80120C7
:1023200010BD09A1F8E7000053494752544D454DEF
:102330003A204F7574206F662068656170206D6566
:102340006D6F7279000000003A2048656170206D61
:10235000656D6F727920636F727275707465640059
:10236000032A40F2308010F0030C00F0158011F8C1
:10237000013BBCF1020F624498BF11F801CB00F899
:10238000013B38BF11F8013BA2F1040298BF00F8ED
:1023900001CB38BF00F8013B11F003033FF4E9AA79
:1023A000083AC0F0088051F8043B083A51F804CBD1
:1023B000A0E80810F5E7121D5CBF51F8043B40F897
:1023C000043BAFF30080D20724BF11F8013B11F8A2
:1023D00001CB48BF11F8012B24BF00F8013B00F8E6
:1023E00001CB48BF00F8012B704770B505460C467D
:1023F0000A2000E06D1C02F035FF35B12878002876
:10240000F8D102E0641C02F02DFF14B120780028FE
:10241000F8D1BDE870400A2002F024BF53EA020C54
:1024200000F069802DE9F04B4FF00006002B1FBF34
:10243000B3FA83F503FA05F424FA05F65E4012BFF9
:102440001643B2FA82F502FA05F4C5F120051EBF63
:1024500022FA05FC44EA0C04203556EA044C4FEA03
:10246000144418BF641C4FF000084FF0000990425C
:1024700071EB030C39D3002919BFB1FA81F701FAC6
:1024800007F6B0FA80F700FA07F6C7F120071EBF7B
:1024900020FA07FC46EA0C062037B6FBF4FCA7EB53
:1024A0000507103F07F01F0BCBF120062CFA06F6AC
:1024B0000CFA0BFB44BFB3460026202FA4BF5E4698
:1024C0004FF0000B5BEA060C08BF4FF0010B19EB55
:1024D0000B0948EB0608ABFB027C06FB02CC0BFBAE
:1024E00003CCC01B71EB0C01C1E70B460246414611
:1024F0004846BDE8F08B13B5084318BF4FF0FF30D6
:102500000146AFF30080BDE81C40704702F0FF03B6
:1025100043EA032242EA0242FFF75FBA2DE9F0479D
:10252000122800F28C800C461546DFE810F01300EC
:102530008C009900A500B900C600D300E000ED00B2
:10254000550284029D02A502D3023200FE025D0004
:1025500029035403681E022880F07C832068B0FAA7
:1025600080F100284FEA51104DF2A421C2F200017F
:1025700000F0CA8300220A704DF64801C2F2000141
:10258000C1E900224DF64001C2F20001C1E900227A
:10259000BCE3681E022880F04C834DF2B120C2F2E9
:1025A00000000078E0B14DF2B021C2F200010978DC
:1025B00020684EF23852C2F20002012910620FD197
:1025C0004FF47A7001F0F0FE45F64012C2F20202BA
:1025D000C2E900014BF62C20C2F20100012101707A
:1025E000012D00F0A98327E3681E022880F02A83CA
:1025F0004DF2B120C2F200000078E0B14DF2B021FE
:10260000C2F20001097820684EF23852C2F200028C
:102610000129D0620FD14FF47A7001F0C5FE45F662
:102620004012C2F20202C2E900014BF62C20C2F2B3
:10263000010001210170012D00F07E8304E30520DB
:1026400040B2BDE8F087681E0228C0F01182002D5C
:1026500040F0728301F04EF8000E40EA012008E0DD
:10266000681E0228C0F00482002D40F0658301F04E
:1026700041F820F07F405EE3681E0228C0F0F88138
:10268000002D40F059834DF29820C2F200004068BE
:1026900048F68901C8F68801A0FB010148094AE310
:1026A000681E0228C0F0E481002D40F045834DF201
:1026B0009820C2F2000040883DE3681E0228C0F066
:1026C000D781002D40F038834DF29820C2F20000EF
:1026D000008930E3681E0228C0F0CA81002D40F056
:1026E0002B834DF2A820C2F20000006823E3681E8D
:1026F0000228C0F0BD81002D40F01E834DF2B220B3
:10270000C2F20000007816E3681E02284FF0FF00B6
:1027100080F0A88247F61021C1F6FF71D4F800C0FE
:10272000D1F800E0D1F804808A684EF60051CEF26C
:1027300000010E686FF0FF0780EA166145F6D07061
:10274000C0F6020050F821104DF6620A7940C6F337
:10275000074787EA116750F82770C2F2000A87EA34
:102760000121C6F3072787EA116750F827704FEA5F
:10277000166987EA0121F7B287EA116750F82770D6
:102780008AF8036087EA0127390E81EA126150F85E
:102790002130310C83EA0723C2F3074787EA136726
:1027A00050F827708AF8011087EA0323C2F307273D
:1027B00087EA136750F827708AF8072087EA03230F
:1027C000D7B287EA136750F827708AF8009087EA33
:1027D00003210B0E83EA186350F82330370A83EA8B
:1027E0000121C8F3074383EA116350F82330160E22
:1027F00083EA0121C8F3072383EA116350F82330E9
:102800008AF8046083EA01215FFA88F383EA11639E
:1028100050F82330160C83EA01210B0E83EA1E6365
:1028200050F823308AF8056083EA0121CEF307438C
:1028300083EA116350F823306FF0030683EA012125
:10284000CEF3072383EA116350F823308AF802702D
:1028500083EA01215FFA8EF383EA116350F8233093
:10286000170A83EA012106EA915383F42B73C358B4
:102870008AF8067083EA012106EA915383F4907383
:10288000C3588AF80B8083EA012106EA915282F448
:10289000107282584FEA186382EA012106EA9152C7
:1028A00082F4447282588AF8083082EA012106EAEA
:1028B000915282F4AA7282584FEA184382EA0121A7
:1028C00006EA915282F4217282588AF8093082EA2B
:1028D000012106EA915282F4B87282584FEA182315
:1028E00082EA012106EA915282F4717282588AF8D2
:1028F0000A3082EA012106EA915282F044028258AB
:102900004FEA1E6382EA012106EA915282F0BC027C
:1029100082588AF80C3082EA012106EA915282F04C
:102920000C0282584FEA1E4382EA012106EA9152C4
:1029300082F4867282588AF80D3082EA012106EA12
:10294000915282F0540282584FEA1E2382EA0121FA
:1029500006EA915282F4D67282588AF80E3082EAE0
:10296000012106EA915282F4577282588AF80FE0E8
:1029700082EA012106EA915282F4797280584DF27E
:10298000B02280EA012060440130B0FA80F04DF2BC
:10299000B221C2F200024009C2F2000112780870AE
:1029A0004EF23850012AC2F20000C0F84AC00FD1DE
:1029B0004FF47A7001F0F8FC45F64012C2F20202C0
:1029C000C2E900014BF62C20C2F201000121017086
:1029D000012D00F0B18147E1681E022880F04B8193
:1029E0004DF2B220C2F200000078002840D04DF233
:1029F000B022C2F2000220684EF238511278C2F2C0
:102A000000018863C017012AC8630FD14FF47A70A0
:102A100001F0CAFC45F64012C2F20202C2E900010E
:102A20004BF62C20C2F201000121017001F05CFF85
:102A30001EF0CAFF80E1681E022880F024814DF25A
:102A4000B220C2F20000007890B14DF2B021C2F283
:102A50000001097820684EF23852C2F200020129C2
:102A6000A2F84000D2D0E1E7681E022880F014816D
:102A70000B2040B2BDE8F087681E022880F0188164
:102A80004DF2B120C2F200000078F8B14EF2385198
:102A90004DF2B023C2F20001C2F2000320684A6B7B
:102AA0001B7860F34102012B4A630FD14FF47A7017
:102AB00001F07AFC45F64012C2F20202C2E90001BE
:102AC0004BF62C20C2F2010001210170012D00F013
:102AD0003381EFE0681E022880F0F4804DF2B120CF
:102AE000C2F200000078E0B14DF2B021C2F2000164
:102AF000097820684EF23852C2F200020129D061F2
:102B00000FD14FF47A7001F04FFC45F64012C2F23B
:102B10000202C2E900014BF62C20C2F201000121A1
:102B20000170012D00F00881CDE0681E022880F0C0
:102B3000D0804DF2B120C2F200000078E0B14DF239
:102B4000B021C2F20001097820684EF23852C2F278
:102B50000002012950620FD14FF47A7001F024FC79
:102B600045F64012C2F20202C2E900014BF62C20E7
:102B7000C2F2010001210170012D00F0DD80A9E009
:102B8000681E022880F0AC804DF2B120C2F2000035
:102B90000078E0B14DF2B021C2F20001097820685E
:102BA0004EF23852C2F20002012910630FD14FF4E5
:102BB0007A7001F0F9FB45F64012C2F20202C2E956
:102BC00000014BF62C20C2F2010001210170012D01
:102BD00000F0B28085E0681E022880F088804DF207
:102BE000B120C2F200000078F8B14EF238514DF237
:102BF000B023C2F20001C2F2000320684A6B1B78C6
:102C000060F30002012B4A630FD14FF47A7001F098
:102C1000CBFB45F64012C2F20202C2E900014BF6BC
:102C20002C20C2F2010001210170012D00F08480EE
:102C30005EE0002D40F080804EF23850C2F200007D
:102C4000006A78E0002D77D14EF23850C2F20000D1
:102C5000C06A70E0002D6FD14DF2A420C2F20000D6
:102C6000007855E0002D4CD14EF23850C2F20000F1
:102C7000D0F84A005FE0002D5ED14EF23850C2F22B
:102C80000000806B57E0002D56D14EF23850C2F252
:102C90000000B0F840004EE0002D4DD14EF28850BB
:102CA000C2F2000090F83900400734D4002042E01E
:102CB000002D41D14EF23850C2F20000406BC0F3FB
:102CC000400038E0C5BB4EF23850C2F20000C06987
:102CD00031E08DBB4EF23850C2F20000406A2AE06B
:102CE00055BB4EF23850C2F20000006B23E01DBB12
:102CF0004EF23850C2F20000406B00F0010020603C
:102D0000FF2040B2BDE8F08701220A70012D13D0E8
:102D100080F001000FE04EF236514EF23750C2F211
:102D20000001C2F2000009780078022202EA4101A3
:102D300060F38301481C2060FF2040B2BDE8F087AB
:102D4000F0B581B008B1052089E04EF218054DF6C6
:102D500050030C46CEF20005C2F20003D3E9000195
:102D60002A68D3E900764E40474037431AD0D3E96A
:102D700000012A68D3E900764E404740374311D01E
:102D8000D3E900012A68D3E900764E404740374333
:102D900008D0D3E900012A68D3E900764E404740C5
:102DA0003743DBD155F8043C55F8047C0133BA1A9B
:102DB00059430132E0FB03214DF29020C2F20000A2
:102DC000D0E9000343F60406801842F20047594157
:102DD000C4F20206C0F2F40720F086F8716800EE33
:102DE000100AC1F38101022906D001291DD147F63D
:102DF0004007C0F27D1718E03068316832683368E8
:102E000000F03F005B0247F64003C0F27D1358BF5D
:102E10003B46B3FBF0F0C1F38811C2F30142022735
:102E200007EB42024843B0FBF2F7706843F6D32148
:102E3000C0F30310C0F60201085C7168716855F8B0
:102E4000081C27FA00F0490758BFC00801EE100A15
:102E5000B8EE411A80EE010AFF2084ED000A40B26C
:102E600001B0F0BDD0F800D0D0F804F0FEE70000CB
:102E7000B0B500294FF6FF734FD04A1E46F2D03549
:102E800001F0030C032AC0F6020527D321F0030149
:102E900010F8042B043982EA0302D2B235F812206A
:102EA00010F8034C82EA132383EA0403DBB235F8FB
:102EB000133010F8024C83EA122282EA0402D2B2E2
:102EC00035F8122010F8014C82EA132383EA040338
:102ED000DBB235F8133083EA1223D9D1BCF1000FED
:102EE0001BD001789AB25940C9B235F81110BCF123
:102EF000010F81EA122310D04278DBB25A4035F834
:102F000012E0BCF1020F8EEA112306D08078D9B20C
:102F1000484035F8100080EA1E2398B2B0BD00008A
:102F200070B500294FF6FF7400F0B180012902D17D
:102F30004FF0000E75E021F0010E01F0010C831E30
:102F400041F22102714600BF13F8025F84EA0524B2
:102F500025B26600002D48BF82EA440634B27500EF
:102F6000002C48BF82EA46052CB26E00002C48BFF8
:102F700082EA450634B27500002C48BF82EA460555
:102F80002CB26E00002C48BF82EA450634B27500B0
:102F9000002C48BF82EA46052CB26E00002C48BFC8
:102FA00082EA450634B2002C5C784FEA460548BFF9
:102FB00082EA460585EA042425B26600002D48BF52
:102FC00082EA440634B27500002C48BF82EA460506
:102FD0002CB26E00002C48BF82EA450634B2750060
:102FE000002C48BF82EA46052CB26E00002C48BF78
:102FF00082EA450634B27500002C48BF82EA4605D5
:103000002CB26E00002C48BF82EA450635B274002F
:10301000002D48BF82EA4604023995D1BCF1000F69
:1030200035D010F80E0084EA00210AB24B0041F2BC
:103030002100002A48BF80EA410319B25A00002942
:1030400048BF80EA430211B25300002948BF80EA1A
:10305000420319B25A00002948BF80EA430211B264
:103060005300002948BF80EA420319B25A000029E0
:1030700048BF80EA430211B25300002948BF80EAEA
:10308000420319B25C00002948BF80EA4304A0B2A1
:1030900070BD0000F0B547F61023C1F6FF73D3F8FA
:1030A00000C05A689B684EF6005494A1CEF200040A
:1030B0004DF6620E51F82000190C2468C2F2000E81
:1030C0001D0E8EF80510FF218EF8045081EA14655C
:1030D00045F6D071C0F60201260A51F825508EF847
:1030E00002606FF0FF067540C4F3074686EA156676
:1030F00051F82660270E86EA0525C4F3072686EADE
:10310000156651F826608EF80070270C86EA0525B2
:103110008EF80340E4B284EA156451F824408EF836
:10312000017084EA0524250E85EA136551F82550BF
:103130001F0A85EA0424C3F3074585EA146551F89C
:1031400025508EF8073085EA0424C3F3072585EA65
:10315000146551F82550DBB285EA042483EA146330
:1031600051F82330160E83EA04231C0E84EA1264FD
:1031700051F824408EF8086084EA0323C2F3074420
:1031800084EA136451F82440160C84EA0323C2F342
:10319000072484EA136451F82440150A84EA0323BF
:1031A0008EF80B20D2B282EA136251F822204FEA45
:1031B0001C4482EA0322130E83EA1C6351F8233075
:1031C0008EF80A5083EA0222CCF3074383EA1263A3
:1031D00051F823304FEA1C6583EA0222CCF307231F
:1031E00083EA126351F823308EF80D4083EA0222FD
:1031F0005FFA8CF34FEA1C2483EA12638EF80670A0
:103200008EF809608EF80C508EF80E408EF80FC0C4
:1032100051F82330077883EA022287EA126351F8D3
:103220002330477883EA022287EA126351F8233079
:10323000877883EA022287EA126351F82330C7783D
:1032400083EA022287EA126351F82330077983EA7E
:10325000022287EA126351F82330477983EA022277
:1032600087EA126351F82330877983EA022287EADA
:10327000126351F82330C77983EA022287EA126386
:1032800051F82330077A83EA022287EA126351F861
:103290002330477A83EA022287EA126351F8233007
:1032A000877A83EA022287EA126351F82330C77AC9
:1032B00083EA022287EA126351F82330077B83EA0C
:1032C000022287EA126351F82330477B83EA022205
:1032D00087EA126351F82330877B83EA022287EA68
:1032E000126351F82330C07B83EA022280EA126025
:1032F00051F8200080EA0220C043F0BD843A020861
:10330000943A0208743A020871B12DE9F0414A1E5C
:10331000032A01F0030E0AD200214FF0000C002412
:10332000BEF1000F3DD16DE0FF20C0B2704721F02B
:10333000030C031F00244FF00108624613F8045FDA
:103340002C44E5B258FA84F6FF2D08BF0126FF2C65
:1033500098BF26465C789D783444E6B258FA84F1EA
:10336000DF78FF2E08BF0121FF2C98BF214629449A
:10337000CCB258FA81F5FF2C08BF0125FF2998BF70
:103380000D46E919CDB258FA81F4FF2D08BF01248A
:10339000FF2998BF0C46043AD0D1E1B2BEF1000F2C
:1033A00030D010F80C106318DCB2012151FA83F20E
:1033B000FF2C08BF0122FF2B98BF1A46BEF1010F58
:1033C00001D1D1B21EE04CF00103C35C1A44D3B268
:1033D00051FA82F1FF2B08BF0121FF2A98BF114645
:1033E000BEF1020F01D1C9B20CE04CF00202805CC8
:1033F0000844B0F5807FC1B204D3FF2901F1010177
:1034000008BF012181F0FF00BDE8F041C0B2704764
:103410007047000070470000704700002DE9F04F32
:1034200081B04EF2180B4DF65005CEF2000BC2F2F1
:10343000000500BFD5E90012DBF80030D5E90076C1
:1034400056404F4037431DD0D5E90012DBF800301D
:10345000D5E9007656404F40374313D0D5E90012E6
:10346000DBF80030D5E9007656404F40374309D0AD
:10347000D5E90012DBF80030D5E9007656404F4020
:103480003743D7D15BF8047C5BF8046C0137F31A3F
:103490004DF2902A7A430133C2F2000AE1FB07326F
:1034A000DAE9007143F6040CC4F2020C17EB0308CE
:1034B000DCF8043041EB0207C3F3810342F200421F
:1034C000022BC0F2F40206D0012B22D147F64002B3
:1034D000C0F27D121DE0DCF80010DCF8003001F0D5
:1034E0003F09C3F3881EDCF80030DCF80010C3F39A
:1034F0000143490247F64001C0F27D1158BF114611
:10350000B1FBF9F1022202EB430201FB0EF1B1FB28
:10351000F2F2DCF8041043F6D323C1F30311C0F632
:103520000203595CDCF80430DCF804305BF8083C3A
:1035300022FA01F15A0758BFC908A1FB00014FF454
:103540007A720023FEF76AFF10EB0800794100BF92
:10355000D5E90027DBF80030D5E900647C4056400F
:103560002643F5D15BF8046C5BF8044C0136E31A92
:1035700077430133E2FB0637DAE90026D21846EB3F
:103580000703821A71EB030200D3E1E701B0BDE843
:10359000F08F00002DE9F0434EF2180C4DF650016B
:1035A000CEF2000CC2F20001D1E90023DCF80000E9
:1035B000D1E900655D4056402E431DD0D1E900237E
:1035C000DCF80000D1E900655D4056402E4313D081
:1035D000D1E90023DCF80000D1E900655D405640E8
:1035E0002E4309D0D1E90023DCF80000D1E90065C1
:1035F0005D4056402E43D7D15CF8046C5CF8045C07
:103600000136281A4DF290297343451CC2F2000975
:10361000E2FB0653D9E9002443F60400C4F2020099
:1036200012EB050E42686341C2F3810242F200448C
:10363000022AC0F2F40406D0012A1ED147F6400443
:10364000C0F27D1419E0026805680768C5F38818A0
:10365000056802F03F026D0247F64005C0F27D1595
:1036600058BF2546B5FBF2F2C7F30147022404EB2D
:10367000470402FB08F2B2FBF4F4426843F6D32598
:10368000C2F30312C0F60205AA5C456840685CF804
:10369000080C24FA02F240074DF6836058BFD208A6
:1036A000C4F21B30A2FB00021EEB924043F1000368
:1036B00015E000BF5CF8047C5CF8046C0137B21ABA
:1036C0007D430132E4FB0725D9E90076D21946EBA8
:1036D0000507821A73EB070238BFBDE8F083D1E912
:1036E0000045DCF80020D1E900766E4067403743A2
:1036F000F5D1DFE780B548F24400C4F20200D0F80B
:1037000000C0D0F800E00368016850F8042C50F8BD
:10371000040C01F07F4162F3070003F47F021144BF
:103720000EF47F4211445FFA8CF2114400BA09BAD8
:10373000000C40EA0140090C80BD00002DE9F04F6B
:1037400081B04EF218024DF65007CEF20002C2F2DE
:10375000000700BFD7E900011368D7E900654D40B5
:1037600046402E431AD0D7E900011368D7E9006517
:103770004D4046402E4311D0D7E900011368D7E9E8
:1037800000654D4046402E4308D0D7E9000113683C
:10379000D7E900654D4046402E43DBD143F6040C8B
:1037A0004DF29025C4F2020CC2F2000552F8047CDE
:1037B00052F8046CD5E90058DCF8044042F2004E9F
:1037C000C4F38104022CC0F2F40E06D0012C23D1E4
:1037D00047F6400EC0F27D1E1EE0DCF80090DCF8DB
:1037E0000040DCF800B0C4F3881ADCF8004009F0AF
:1037F0003F09640247F64004C0F27D1458BF744686
:10380000B4FBF9F4CBF3014B4FF0020E0EEB4B0E71
:1038100004FB0AF4B4FBFEFE7C1CF31A6143013383
:10382000E0FB0431E8184FF47A73A0FB030441EB8A
:103830000801DCF8045001FB034143F6D324C5F32F
:103840000313C0F60204E35CDCF80440DCF8047007
:1038500052F8087C2EFA03F27B074FF0000358BFA2
:10386000D208FEF7DBFD01B0BDE8F08FFEE70000F7
:10387000B0B54DF2A83CC2F2000C90B101280FD1B6
:1038800044F60C0144F20042C4F20001C4F200020A
:103890000968D2F8003402F5806E9B060BD426E04E
:1038A000FEE744F2004EC4F2000EDEF80C10DEF823
:1038B000002092061BD511F0200118D04FF407729A
:1038C00010FB02C24EF004011346096853F8104F72
:1038D000FE2C0CD85469144484F81C111968013169
:1038E00019605169013151615169C9B251614EF09C
:1038F0000C031968DEF80020120622D511F08001B1
:103900001FD04FF4077110FB01C2114651F8044F4C
:103910007CB1D4684EF004051444247F2C600C68FC
:10392000013C0C60D1680131D160D168C9B2D1606D
:1039300007E0196821F080011960196841F0400121
:1039400019601968DEF80020520610D511F0400108
:103950000DD0196821F0400119604FF4077110FB78
:1039600001C1496899B1186840F080001860186872
:10397000DEF80010090709D510F0200008BFB0BD1F
:10398000DEF8000020F00800CEF80000B0BD50B115
:10399000012807D140F62800C4F202004FF48051FC
:1039A0000160E4E7FEE740F62800C4F2020080214F
:1039B000C0F80014DBE70000FEE7000070470000DD
:1039C0007047000070B543F63001C4F20201086888
:1039D00041F2004E40F020000860C4F2020EDEF812
:1039E0000000DEF80C3020F4401023F44013CEF831
:1039F0000000CEF80C30DEF8040041F2204C40F418
:103A00008060CEF80400DEF80800C4F2020C20F456
:103A10004010CEF808004FF480604CF8080C08689D
:103A200040F2004340F0020008600868C4F202035C
:103A300040F00200086008680A2540F002000860B3
:103A40001A68DC68012060F38F3260F38F341A60EB
:103A5000DC605A68052642F080025A609A68CAF211
:103A60002A0522F440429A6080229A621A68DC6831
:103A700060F38B2260F38B241A60DC605A68C5F215
:103A8000150642F020025A609A6822F440629A6059
:103A900020229A621A68DC6860F3114260F31144D4
:103AA0001A60DC6058684FF60F7440F480705860FC
:103AB000986820F4403098604FF48070986288686D
:103AC00040F001008860086840F004000860086861
:103AD00040F008000860086840F0100008600868BE
:103AE00040F020000860086840F04000086040F6A0
:103AF0000400C4F20200C169026AA1434CF60C44FE
:103B00002143C1610262D3F80014826841F0A2012E
:103B100042F0510221F0510122F0A202C3F8001438
:103B200082600168CC2421F00D010160416841F000
:103B3000A20121F05101416040F60841C4F20201A6
:103B40008A69CB6964F307024FF20004C0F2FF04F4
:103B5000234040F6CC44CCF6004423438A61CB6139
:103B6000D0F8FC234C684FF6F073C0F6C0731A40CF
:103B70001C402A433443C0F8FC234C60D0F8002496
:103B80004CF20374A243C0F8002408684FF62444A2
:103B90001840284308604FF62040CFF6FF705EF8CB
:103BA0000020CFF6FF7402F47F4242F0CC1242F0C4
:103BB0004C425EF804504EF800204FF0CC304FF6E7
:103BC0000C424EF80400CFF6FF72D1F8F8035EF80D
:103BD00002404AF60A2545F2055600F0F00004F0CE
:103BE000F004CAF6AA25C5F2555628433443C1F855
:103BF000F8034EF80240D1F8FC034FF6F3729043FD
:103C0000C1F8FC03D1F800044CF6CC4400F0F000FD
:103C10002843C1F80004DCF8001040F6CC40DCF882
:103C20000420C0F2CC0060F31701C0F20C0441F490
:103C3000404164F31F32CCF80010CCF80420DEF8C9
:103C40000010DEF80C204FF20004C0F23F0440F6F2
:103C5000AA2540F2555621402240CAF68025C5F2D9
:103C6000405629433243CEF80010CEF80C20DEF83F
:103C700004104FF63F029143CEF80410DEF80820FE
:103C800041F6240622402A43CEF80820DCF800241E
:103C90004FF20004C4F20206CFF6007435682240E9
:103CA000104303F57C122A4042F0404242F00C02DD
:103CB000CCF800043260DCF8E003DCF8EC234FF2CF
:103CC000C003C3F6FC7340F62A2640F2155518408F
:103CD0001A40C8F20206C4F2010530432A43CCF868
:103CE000E003CCF8EC23DCF8E40348F2371290430D
:103CF000CCF8E403DCF8E80340F2581218403043F3
:103D0000CAF20002CCF8E8034FF4347042F8180C01
:103D10006FF0704042F8100C002042F8080C42F896
:103D2000040C906243F6DB50042142F8180C45F273
:103D30006140CFF6FF71C0F2111042F8100C084636
:103D400013689B0644BF13685FEA83630AD5136850
:103D50009B0644BF13685FEA836303D5002800F124
:103D60000400EDD1112042F8080C49F60070C0F2B1
:103D7000240070F10100FCD1084613689B0644BF83
:103D800013685FEA83630AD513689B0644BF136810
:103D90005FEA836303D5002800F10400EDD112200F
:103DA00042F8080C084613689B0644BF13685FEA94
:103DB00083630AD513689B0644BF13685FEA836375
:103DC00003D5002800F10400EDD1F32042F8080CDF
:103DD000084613689B0644BF13685FEA83630AD5ED
:103DE00013689B0644BF13685FEA836303D500280A
:103DF00000F10400EDD146F21400C0F2040042F8D4
:103E0000080C52F8040C40F2953363F34D0042F86D
:103E1000040C1068800644BF10685FEA80600AD511
:103E20001068800644BF10685FEA806003D50029EF
:103E300001F10401EDD140F2000040F20402C2F2AF
:103E400000000021C2F200020170117040F208026D
:103E5000C2F2000211700121017070BD2DE9F04124
:103E600002464DF2A8304FF40773C2F2000002FB85
:103E700003F7C759032F08BFBDE8F08143F6200CB4
:103E8000884612FB0306C4F2020C0021002A71606E
:103E9000B160F16031617161B16100F08E80012A21
:103EA00040F08A80DCF8100040F6000140F0040089
:103EB000CCF81000C4F202010868CF68012363F354
:103EC000196063F319670860CF604868072520F41C
:103ED00080504860886863F3196088604FF48050B0
:103EE0008862086A4F6A086265F30B274F62086AA6
:103EF0004F6A086265F30F374F620868CF68022582
:103F000065F3155063F315570860CF60486820F4D7
:103F100080604860886820F4401088600868CF6836
:103F200065F3975063F397570860CF6048684EF683
:103F30000C5340F4006048608868CEF2000320F41F
:103F400040008860186800F4E060B0F5E06F1CD0B5
:103F5000186800F4E060B0F5C06F16D0186800F47F
:103F6000E060B0F5A06F10D0186800F4E060B0F524
:103F7000806F0AD0186800F4E060B0F5407F1EBF83
:103F800040F20050C0F2FA5018604EF22640CEF2D5
:103F900000000021417044F20040C4F2000044F6E9
:103FA0000C0700F58065C4F200076FF480214FF420
:103FB000802380248EE000BFFEE7DCF8101040F67E
:103FC000000341F00801CCF8101040F60441C4F29F
:103FD0000203C4F20201D3F800548C68012767F38E
:103FE0008F3567F38F34C3F800548C600D68072059
:103FF00025F080050D604D6867F38F354D60802595
:104000004D62CD690C6A60F31755CD610C62CD69C4
:104010000C6A60F31B65CD610C62D3F800048D68F7
:10402000022464F38B2067F38B25C3F800048D60B2
:10403000086820F020000860486820F4406048606C
:10404000D3F800048D6864F30D3067F30D35C3F8C1
:1040500000048D6008684EF60C5340F04000086084
:104060004868CEF2000320F440504860186800F41D
:10407000E060B0F5E06F1CD0186800F4E060B0F5C7
:10408000C06F16D0186800F4E060B0F5A06F10D0D3
:10409000186800F4E060B0F5806F0AD0186800F48A
:1040A000E060B0F5407F1EBF40F20050C0F2FA5011
:1040B000186044F200454EF22640C4F20005CEF2EC
:1040C00000000021017005F10C076FF400314FF47E
:1040D000003340244EF20410CEF200000460DCF8FD
:1040E00020001843CCF82000DCF800001843CCF87E
:1040F0000000DCF800000840CCF8000038681146E9
:1041000040F0080038603868424640F004003860EB
:1041100043F6B440C0F60200FCF7F4F938684146B3
:1041200020F40050386028461DF0CAFF386840F47B
:1041300000503860386840F020003860032030605C
:10414000BDE8F0812DE9F0474DF6CC15C2F200052F
:104150002A788846532A06463CD02846A821FDF7EF
:104160005CFC03202861686144F6F7214DF68C70F1
:10417000C0F60201C2F20000A961E8614FF480605C
:1041800028620020A8626862E86229664DF67C71A8
:10419000C2F2000169661021A96653212867E8660A
:1041A0006867BFF35F8F2970452147226970AA7045
:1041B000EA702971522120226971AA71E971542192
:1041C00029726972A872E87228736873A873E87319
:1041D000BFF35F8F06EB460005EBC00AD14659F8E6
:1041E000707F59F8044CA7421DD9DAE91910C51B94
:1041F000A0EB0700B0FA80F018BF0125460939444A
:1042000040462A46FEF7ACF8DAF8680079190F1A2A
:1042100018BF0F46E01BB04238BF064656B985B9F5
:104220000020BDE8F087E01B012828BF01204FF0E7
:10423000000540B1DAF86400C05D013708F80500F8
:104240000135C9F800702846BDE8F087F0B581B0A7
:104250004DF699626FF07F04EFF311874FF0200164
:1042600081F31188C2F200020346051995F88060B7
:104270001119002E5CD081F8886095F88160002EBD
:104280005AD081F8896095F88260002E57D081F865
:104290008A6095F88360002E54D081F88B6095F881
:1042A0008460002E51D081F88C6095F88560002ED6
:1042B0004ED081F88D6095F88660002E4BD081F845
:1042C0008E6095F88760002E48D081F88F6095F851
:1042D0008860002E45D081F8906095F88960002EA6
:1042E00042D081F8916095F88A60002E3FD081F825
:1042F000926095F88B60EEB381F8936095F88C60CE
:10430000DEB381F8946095F88D60CEB381F8956046
:1043100095F88E60BEB381F8966095F88F50ADB376
:104320001033103481F897509FD1111988312FE044
:10433000883105F180032BE00133893128E0023315
:104340008A3125E003338B3122E004338C311FE0C6
:1043500005338D311CE006338E3119E007338F3180
:1043600016E00833903113E00933913110E00A333D
:1043700092310DE00B3393310AE00C33943107E0B6
:104380000D33953104E00E33963101E00F33973150
:10439000181AD07108460E2100F00AFB87F3118825
:1043A00001B0F0BD704700002DE9F04F81B04EF232
:1043B000180C4DF65007CEF2000CC2F2000700BFF9
:1043C000D7E90023DCF80010D7E900655D405640CE
:1043D0002E431DD0D7E90023DCF80010D7E9006593
:1043E0005D4056402E4313D0D7E90023DCF800107F
:1043F000D7E900655D4056402E4309D0D7E9002338
:10440000DCF80010D7E900655D4056402E43D7D157
:1044100043F6040E4DF29025C4F2020EC2F20005DE
:104420005CF8044C5CF8047CD5E90098DEF8045094
:10443000C5F3810642F20045022EC0F2F40506D013
:10444000012E24D147F64005C0F27D151FE00090F3
:10445000DEF800A0DEF800600AF03F0AC6F3881B11
:10446000DEF80060DEF80000C6F30146400247F6C1
:104470004000C0F27D1058BF2846B0FBFAFA022572
:1044800005EB46050AFB0BF60098B6FBF5F5013483
:10449000791A63430131E2FB041319EB0104DEF8DE
:1044A000041048EB0306C1F3031243F6D321C0F610
:1044B00002018A5CDEF80410DEF804105CF8081CC7
:1044C00025FA02F2490758BFD208A2FB00014FF4B7
:1044D0007A720023FDF7A2FF0019714101B0BDE817
:1044E000F08F00004DF65000C2F20000D0E900123B
:1044F000013142F10002C0E90012704782B04EF66D
:104500008851CEF200010A6843F6080042F47002B6
:10451000C4F202000A6050F8081C41F0010140F8A2
:10452000081C50F8081C89070CD450F8081C89078F
:104530005CBF50F8081C5FEA817103D450F8081C76
:104540008907EED5016801F00C01082940F0C2800E
:1045500000210191019A4F2A18D800BF019A013217
:104560000192019A4F2A11D8019A01320192019ABF
:104570004F2A0BD8019A01320192019A4F2A05D88D
:10458000019A01320192019A502AE7D302680092FF
:10459000009A22F0F0020092009A42F0800200920B
:1045A000009A0260019101994F2917D801990131B0
:1045B000019101994F2911D8019901310191019976
:1045C0004F290BD801990131019101994F2905D843
:1045D00001990131019101995029E7D301680091B6
:1045E000009921F0F0010091009941F090010091B3
:1045F0000099016000210191019A4F2A18D800BF4B
:10460000019A01320192019A4F2A11D8019A01327E
:104610000192019A4F2A0BD8019A01320192019A14
:104620004F2A05D8019A01320192019A502AE7D304
:1046300002680092009A22F0F0020092009A42F082
:10464000A0020092009A0260019101994F2917D8A7
:1046500001990131019101994F2911D80199013135
:10466000019101994F290BD80199013101910199CB
:104670004F2905D801990131019101995029E7D3BA
:1046800001680091009921F0F0010091009941F03A
:10469000B0010091009901600021019101994F2919
:1046A00018D800BF01990131019101994F2911D802
:1046B00001990131019101994F290BD801990131DB
:1046C000019101994F2905D8019901310191019971
:1046D0005029E7D3016821F0030101600021019115
:1046E000019A12097C2A1BD8019A01320192019A7F
:1046F00012097C2A14D8019A01320192019A1209F6
:104700007C2A0DD8019A01320192019A12097C2A61
:1047100006D8019A01320192019AB2F5FA6FE3D3F9
:1047200050F8082C4FF6FF73CFF6F6631A4040F8A6
:10473000082C50F8082C22F4802240F8082C016044
:10474000026843F21002C2F2004240F8042C4160B9
:1047500050F8081C41F4A02140F8081C826B47F275
:10476000040142F08052C4F20001826351F8042C2B
:1047700042F4404241F8042C02680260026842F4AC
:1047800000420260026842F4A052026047F6190239
:10479000C0F6402240F8042C50F8082C42F08072F9
:1047A00040F8082C50F8082C92010CD450F8082C32
:1047B00092015CBF50F8082C5FEA821203D450F8D3
:1047C000082C9201EED551F8042C42F4803241F8C5
:1047D000042C0A68D20309D40A68D2035CBF0A68B1
:1047E0005FEAC23202D40A68D203F2D551F8042C2F
:1047F00042F4003241F8042C0A68920309D40A6892
:1048000092035CBF0A685FEA823202D40A689203AC
:10481000F2D501680191019921F0030101910199FB
:1048200041F002010191019901600168090709D471
:10483000016809075CBF01685FEA017102D4016881
:104840000907F2D502B0704770470000F0B5A9B073
:104850004DF66006C2F20006307818B16FF0020023
:1048600029B0F0BD4BF6402719A8C2F2010700217C
:104870001690386844F648321791189116ADC0F674
:10488000020201A940F2031300950AF0FDF9002885
:1048900020D44DF29824C2F2000405202070204656
:1048A0000A21FEF73DFB396801AD608108462946C3
:1048B00022460C230BF0D6F83968044608462946F0
:1048C00009F03AFB0C2C09D1B0F1FF3F06DD0020C6
:1048D00029B0F0BD4FF0FF3029B0F0BD012030709D
:1048E0006FF0010029B0F0BD70B592B04EF23856AD
:1048F000C2F20006B06B07A9069006A8FCF736F9CD
:1049000038B1DDE90B01032801F26C7303D21BA55A
:1049100011E0002416E0C11E032901D218A50AE007
:10492000811F032901D217A505E0093817A516A193
:10493000032838BF0D4603AC15A220460C21009574
:10494000FBF702FEB6F8400043F6AE21C0F60201C6
:1049500043F6BA26CDE900014DF6401044F23C0280
:10496000C0F60206C2F20000C0F602028021234611
:104970000296FBF7E9FD12B070BD00BF49000000D0
:104980004949000049494900495600005F000000BC
:104990002564202573000000704700000020FEF70A
:1049A00067BF00000120FEF763BF0000FEE70000C4
:1049B0002DE9F04F83B04DF67428C2F2000898F844
:1049C0000020002A00F0E98041F204094DF68C2B0A
:1049D0004DF678260D460446022ACEF20009C2F2B0
:1049E000000BC2F2000640F083804DF6942AC2F21A
:1049F000000ADAF8000001218DF8001080286946CD
:104A000021D340F08002B0F5804F4FEAD0138DF8EB
:104A100001201AD343F08002B0F5001F4FEA903313
:104A20008DF8022013D343F08002B0F1805F4FEA8B
:104A300050538DF803200CD343F080034A1D000F20
:104A40008DF8043007E04A1C05E08A1C02E0CA1C0D
:104A500000E00A1D1846134603F8010BD9F8007050
:104A6000DBF80000381A802829D3B64640F08006CB
:104A70005670C609B0F5804F02F1020C18D346F00B
:104A800080039370860BB0F5001F02F1030313D36C
:104A900046F08006D670460DB0F1805F02F1040C3E
:104AA00006D346F080031371000F531D624605E0E4
:104AB0001A463046634601E0624630467646187034
:104AC0003078521A0232FBF73BFC38B198F80000FC
:104AD000CBF80070013888F8000006E0DAF8000032
:104AE000411C98F80000CAF80010C0B2012854D147
:104AF0004DF69961C2F20001172D02D801F8065F48
:104B00000EE0601A0738802806D3C20940F0800002
:104B100001F8050F4A7001E001F8060F01F8015D88
:104B2000D9F80050DBF80000281A802826D340F07E
:104B30008003224602F8013BB0F5804F4FEAD013C4
:104B400015D343F080026270B0F5001F4FEA903237
:104B500010D342F08002A270B0F1805F4FEA505251
:104B60000AD342F08002E2700434000F06E01446DB
:104B7000184603E0023400E0033410462070307819
:104B8000621A0132FBF7DCFB10B1CBF8005004E0F5
:104B900098F80000013088F800004DF69824C2F221
:104BA000000420784DF6CC1200EB4001C2F2000266
:104BB00002EBC101CA6E096F8A4200F0FC814DF61A
:104BC0008025C2F200052978002940F0F4810121F6
:104BD00029700DF10B01FFF7B5FA002800F0E9810B
:104BE0009DF80B00411E062959D8DFE811F0070097
:104BF0006800BA00E2017F00A700E201012088F806
:104C000000004DF67820EFF311844FF0200181F37E
:104C10001188C2F20000007843F6A42141F6004753
:104C2000C0F602010A22C0F64E67FBF789FB4DF67B
:104C30009969C2F2000984F31188EFF311864FF0ED
:104C4000200181F3118809F1070420460A21FFF7AA
:104C5000AFFE4DF6842086F31188EFF311884FF0F4
:104C6000200181F31188C2F2000001780029084672
:104C70001CBF41F60040C0F64E60012940F0A48000
:104C8000802189F8071041EAD01241EA903189F871
:104C9000091009F10A01400D89F8082095E07F28E4
:104CA00000F08781802804D040B2B0F1FF3F00F3CC
:104CB000808120780DF10B01FFF744FA79E1EFF3E1
:104CC00011844FF0200181F3118898F8000050B151
:104CD0004DF69960C2F2000007300B21FFF768FE25
:104CE000002088F8000084F3118862E14DF68420EA
:104CF000EFF311844FF0200181F31188C2F200001C
:104D0000017841F6004000290A461CBF41F60042E6
:104D1000C0F64E6201294DF69961C0F64E60C2F2AE
:104D2000000140F07D808023CB7143EAD21743EA33
:104D300092330F724B720A31520D72E0EFF311840D
:104D40004FF0200181F311884DF69960C2F2000006
:104D50000021C17108301B21FFF72AFE84F311885E
:104D600027E141F20400CEF200000268EFF3118463
:104D70004FF0200181F311884DF69960802AC2F22C
:104D80000000C0F0E58042F08001C171B2F5804FB3
:104D90004FEAD211C0F0E18041F080010172B2F51A
:104DA000001F4FEA9231C0F0DD8041F08001417276
:104DB000B2F1805F4FEA5251C0F0D68041F08001DD
:104DC00081720B30120FD1E021464DF68822C2F2DB
:104DD000000213780A46002B08BF1F46012B02F879
:104DE000010B0CD1802040EA973201F8032F01F823
:104DF000020C40EAD7107F0D4A1C01F8010C4DF659
:104E00009020C2F200000078177001284FF00002D5
:104E100032D14FF08033881DC1F8023001212DE0DE
:104E200007314DF68823C2F200031F780B46002F8E
:104E300008BF3846012F03F8012B0CD1802242EA2B
:104E4000903301F8033F01F8022C42EAD012400DE2
:104E50004B1C01F8012C4DF69022C2F20002127890
:104E60001870012A4FF0000253D14FF08033881D93
:104E7000C1F8023001214EE0881C002100F8021B1D
:104E8000182100F8012CFFF793FD4DF67C20C2F2AB
:104E9000000088F31188006858B144F29430C0F6DD
:104EA0000200FFF7D3F944F6EA20C0F60200FFF74C
:104EB000CDF941F20400CEF200000068EFF3118753
:104EC0004FF0200181F3118880285AD340F08001EF
:104ED00089F80710B0F5804F4FEAD0113AD341F06E
:104EE000800189F80810B0F5001F4FEA903136D3E1
:104EF00041F0800189F80910B0F1805F4FEA50510C
:104F00003CD341F0800109F10B04000F89F80A102D
:104F100037E0881C002100F8021B182100F8012C42
:104F2000FFF746FD4DF67C20C2F2000084F31188A5
:104F3000006800283DD044F29430C0F60200FFF72C
:104F400085F944F6EA20C0F60200FFF77FF930E069
:104F500007300BE009F1080412E0083005E009F120
:104F600009040DE0093000E00A300A4600F8012B80
:104F70000C21FFF71DFD84F311881AE009F10A04E2
:104F8000084604F8010B20460C21FFF711FD87F3BA
:104F90001188EFF311844FF0200181F31188002074
:104FA00089F8070009F108001B21FFF701FD84F3D0
:104FB00011880020287003B0BDE8F08F4EF60C5029
:104FC000BFF34F8FCEF200000168042201F4E061CC
:104FD000C0F2FA5211430160BFF34F8F00BF00BF10
:104FE00000BF00BFFAE7000080B544F29430C0F67D
:104FF0000200FFF72BF944F6EA20C0F60200BDE8F4
:105000008040FFF723B900000021B0F5004FC8BF72
:10501000012108467047000010B542F66E71C0F6D7
:1050200002010446FBF764FD68B142F67271C0F6F6
:1050300002012046FBF75CFD01460020002908BF65
:1050400048F2030010BD48F2020010BD2DE9F04304
:1050500081B0154648F20202904240F0FF804DF6C2
:10506000CC19C2F2000999F800000E4653285AD014
:105070004846A821FCF7D1FC0320C9F81000C9F864
:10508000140044F6F7214DF68C70C0F60201C2F20E
:105090000000C9F81810C9F81C004FF48060C9F866
:1050A00020000020C9F82800C9F82400C9F82C0005
:1050B000C9F860104DF67C71C2F20001C9F86410A5
:1050C0001021C9F868105321C9F87000C9F86C00A4
:1050D000C9F87400BFF35F8F89F80010452147229B
:1050E00089F8011089F8022089F8032089F8041052
:1050F0005221202289F8051089F8062089F8071026
:10510000542189F8081089F8091089F80A0089F8EB
:105110000B0089F80C0089F80D0089F80E0089F859
:105120000F00BFF35F8FEFF311884FF0200181F381
:105130001188D9F82C0002280CD0012838D000287A
:1051400040F08A80D9F82440D9F82800A0423AD902
:10515000E1433CE0D9F8244021E000BFD9F8200029
:10516000E24311440144071BB94238BF0F46D9F846
:105170001C00AF4228BF2F46204431463A46FDF777
:10518000EFF8D9F820003919ED1B0C1A3E4418BF6E
:105190000C46002DBFF35F8FC9F824405CD0D9F8CE
:1051A0002810A142DAD9E243D9F820001144DAE705
:1051B000D9F82440D9F82810A1421AD9E243D9F8E5
:1051C000200011441AE0D9F82010E24310440844AA
:1051D000A84241D3D9E90710071BAF4201EB0400F5
:1051E0002BD931462A46FDF7BBF8BFF35F8F254424
:1051F00030E0D9F82000E24311440144A94238BF0D
:105200000D46071BD9F81C00BD42204407D2314689
:105210002A46FDF7A5F8BFF35F8F25441AE0314613
:105220003A46FDF79DF8ED1BD9F81C00F1192A4606
:10523000FDF796F8BFF35F8F0CE031463A46FDF775
:105240008FF8ED1BD9F81C00F1192A46FDF788F8F4
:10525000BFF35F8FC9F8245088F31188002001B094
:10526000BDE8F08310B540F66414C2F20004214694
:105270001DF0FFFD2046BDE81040FBF73ABB0000E3
:105280002DE9F04F81B04BF63420C2F201000468E2
:10529000002C00F030814EF220694BF6D81A4BF604
:1052A000D417C2F200090026C2F2010AC2F20107B5
:1052B00004E000BF2468002C00F01D81D4F844B045
:1052C000BBF1000FF6D004F132080AE0072908BF4D
:1052D0005FEA004000F0BA80DBF800B0BBF1000FDD
:1052E000E8D09BF80C0000281CBF01388BF80C009C
:1052F000BBF80A0000281ABF0138ABF80A000020EA
:105300009BF808104A1E022A24D3CA1E022ADDD2A4
:105310000004E1D19BF8090020B904208BF80800B3
:105320008BF80D600BF10401204601F0C9FF9BF8DA
:10533000090014210130ABF80A10C1B202298BF820
:105340000900C9D3DBF810200520CBF8080020465F
:10535000002181E00004BFD102208BF808003C202E
:1053600013F05CF8002879D005464FF01C11A960B5
:1053700080212130C0F2010120F00300E9604FF4E8
:105380008071C5E90060C180D8F800108160B8F86C
:105390000410C6828181C0F81260C0F80E60DBF88C
:1053A0000410816140F20011C0F20801016040F276
:1053B0000641818029894FF6F17081420BD895F919
:1053C0000C00B0F1FF3F06DC686805F11003A0F1A6
:1053D0000E029A4274D2B9F80A000130A9F80A0004
:1053E000B9F818000130A9F8180002E001698847EF
:1053F000CDB3A97B01390A06A97334D1697B28464C
:105400002D688907F2D4017B11F00F0110D001291A
:1054100011D00229ECD14BF64813C2F201031989CD
:10542000DAF80020013919810260CAF80000DFE7CC
:1054300012F072FFDCE74BF63813C2F20103198950
:105440003A680139198102603860D1E7DBF8102031
:105450008BF808602046012190473DE7B9F8240009
:105460000130A9F824009BF809000130C1B20329DA
:105470008BF8090005D30320C0F21400CBF8080014
:105480002AE794F8352094F8375094F83410120431
:1054900094F8363042EA056242EA0121194451FA91
:1054A00080F04CF6CD41CCF6CC41A0FB0112D108E6
:1054B00001EB8101A0EB41000A30ABF80A000BE7D9
:1054C0000E316B8929814FF4C1610E3320F8021C23
:1054D0004FF0FF316A606B8191801160D8F8001045
:1054E00040F8081CB8F8041020F8041CA2692046F3
:1054F0002946904774E701B0BDE8F08F70B582B0DF
:10550000D8B3416A0446D1B38A6A00204882501C4D
:1055100048F68900C8F688000CD01E32A2FB002392
:105520005A094FF6FF76B24238BF5E09002E08BF17
:1055300001268E82CA6A531C0DD01E32A2FB0023A4
:105540005A094FF6FF76B24238BF5E09002E08BFF7
:1055500001264E81CE810A6B531C16D01E32A2FB4F
:10556000000253094FF6FF70834238BF50090028EC
:1055700008BF01208881088208E02CA000E025A057
:1055800002B0BDE87040FAF7BDBF88894A8901388A
:1055900080B290423CBF00204881C879C00706D144
:1055A00091F91C00B0F1FF3F03DDFF2508E00D6A13
:1055B00006E0C0B24FF6FF75BF2888BF6FF07F4589
:1055C00048790A2804D00A20A1F8050000200881A3
:1055D0004E6A51F81C0F60B1A06801AAA84218BF1A
:1055E000A560E068B042204618BFE66015F02AFBCF
:1055F0000AE001AA204615F025FBA068A84218BFC2
:10560000A560E068B04201D102B070BDE66002B0B2
:1056100070BD00BF646863705F62696E643A206445
:1056200068637020213D204E554C4C0064686370C7
:105630005F62696E643A206E6574696620213D2060
:105640004E554C4C00000000416A4A79082A04D0AB
:105650000822A1F8052000220A81CA6900238A6372
:10566000012281F840308A8790F8353090F834C0B4
:1056700090F8362090F837001B0443EA006040EAB7
:105680000C2010444CF6CD42CCF6CC42A0FB0223B9
:10569000DA0802EB8202A0EB4200C88770470000E4
:1056A0002DE9F04F83B04BF63420C2F201000468BC
:1056B000002C00F0EB814BF6D4184BF6481B4BF650
:1056C000D8194FF0010AC2F20108C2F2010BC2F26E
:1056D000010909E0204601F073F8204601F006FBBD
:1056E0002468002C00F0D281666A002EF8D0707910
:1056F0000028F5D0B18A29B1728A013293B28B4267
:105700007282E7D0318A21B101390A04318200F076
:105710008480F1890029E3D001390A04F181DFD1C5
:105720000A28DDD80AFA00F140F222421142D7D00D
:10573000052804D00520A6F8050000203081204669
:10574000314603220DF10A0300F09EFA002800F012
:105750007781BDF80A10054640684A1CF0303923AD
:1057600092B2022743548754228E8B1C9BB2170A95
:1057700001F1030CC7540B1D1FFA8CF7C2559AB2E6
:105780004B1D372787548A1D9BB20327C75492B2FB
:10579000CB1D00F802A09AB201F1080387549BB216
:1057A0001C27C75401F10A0301F109029FB21FFA35
:1057B00082FC432F4FF0FF07ADF80A2000F80C7071
:1057C00008D8C1F1390110FA83F01AFA81F1FCF717
:1057D00002F9432202F1F10081B2284615F07CFE65
:1057E0004EF2D440C2F200000068002800F0F180C0
:1057F0000168271D41B101F0F002E02A04D03A68A7
:105800000746914240F0EB8006F1180229464323F7
:10581000009401971BF0C6FEE1E00A283FF660AF56
:105820000AFA00F140F2324211423FF459AF042823
:1058300004D00420A6F8050000203081204631461F
:10584000032202AB00F020FA002800F09B80BDF894
:105850000810054640684A1CF030392392B20227EE
:1058600043548754228E8B1C9BB2170A01F1030C00
:10587000C7540B1D1FFA8CF7C2559AB24B1D372720
:1058800087548A1D9BB20327C75492B2CB1D00F8E0
:1058900002A09AB201F1080387549BB21C27C75497
:1058A00001F10A0301F109029FB21FFA82FC432FA2
:1058B0004FF0FF07ADF8082000F80C7008D8C1F1D0
:1058C000390110FA83F01AFA81F1FCF784F84322C7
:1058D00002F1F10081B2284615F0FEFD4EF2D440EF
:1058E000C2F200000068A8B10168271D39B101F0BB
:1058F000F002E02A03D03A680746914210D143F6FD
:1059000018322946C0F602024323009401971BF087
:1059100049FE05E044F2B550C0F60200FAF7F2FD88
:105920004BF63817C2F2010703E000BF0169884750
:1059300045B3A97B01390A06A97323D1697B28469F
:105940002D688907F2D4017B11F00F010ED00129D7
:105950000FD00229ECD1BBF80810D9F8002001398A
:10596000ABF808100260C9F80000E1E712F0D4FCBF
:10597000DEE73989D8F80020013939810260C8F89A
:105980000000D5E7B0795AFA80F1CAB28A4201D054
:10599000142013E04FF47A735A4340F2F31313FACE
:1059A00082F244F6D353C0B2C1F2620309284FF029
:1059B0001400A2FB0323B17138BF5809B18A728A5F
:1059C0003081891A0229FFF68BAE88B240083082F6
:1059D00086E644F2B550C0F60200FAF793FD4BF6A6
:1059E0003817C2F2010702E00169884745B3A97B75
:1059F00001390A06A97323D1697B28462D688907D6
:105A0000F2D4017B11F00F010ED001290FD0022931
:105A1000ECD1BBF80810D9F800200139ABF8081018
:105A20000260C9F80000E1E712F076FCDEE7398990
:105A3000D8F80020013939810260C8F80000D5E7A4
:105A4000B0795AFA80F1CAB28A4201D0282013E014
:105A50004FF4FA635A4340F2F31313FA82F244F616
:105A6000D353C0B2C1F2620309284FF02800A2FB51
:105A70000323B17138BF5809B189728A3081891AFC
:105A80000229A2BF88B24008F08129E603B0BDE830
:105A9000F08F00002DE9F04184B00229054618D0AE
:105AA000012908D0002940F0EB80284604B0BDE869
:105AB000F041FFF723BD686A41790C2904D00C211D
:105AC000A0F80510002101811421018104B0BDE876
:105AD000F08143F61438C0F6020803AA284641466E
:105AE00015F0B0F8A86800281CBF0020A860E8687E
:105AF00000281CBF0020E8606F6A78790C2804D069
:105B00000C20A7F80500002038814FF4BE7012F079
:105B100085FC002800F0B48040F234118022044655
:105B2000C0F23411C0F201024930C4E9021240F659
:105B3000AC0120F003060020BA79C2F20001206017
:105B40000868002A666004BF013008603860B01C35
:105B50004FF49971FBF73FFF40F20110308095F848
:105B600038003968B07008BA69687060F16095F8FB
:105B7000320040F23241307795F83300707795F873
:105B80003400B07795F83500F07795F8360086F850
:105B9000200095F8370086F8210048F26320C6F20D
:105BA0005330C6F8EC0040F23510A6F8F00004209F
:105BB00086F8F2006068A0F8F310F96909BA0A0ED5
:105BC00080F8F5200A0C80F8F6200A0A80F8F81010
:105BD000FF2180F8F72080F8F910FA303A21FBF71E
:105BE000FAFE20464FF49A7115F076FC4EF2D4403E
:105BF000C2F20000006843F61832C0F602022146E5
:105C000043230095CDF804801BF0CCFC4BF63818EC
:105C10004BF6D4164BF648174BF6D815C2F20108CE
:105C2000C2F20106C2F20107C2F2010503E000BFA1
:105C30000169884724B3A17B01390A06A1731FD1EA
:105C4000617B204624688907F2D4017B11F00F01A3
:105C50000AD001290BD00229ECD139892A680139EF
:105C6000398102602860E5E712F056FBE2E7B8F8F8
:105C7000081032680139A8F8081002603060D9E7CE
:105C800004B0BDE8F08100002DE9F04381B00028A8
:105C900047D00C46002949D007464FF4BE709846BD
:105CA000914612F0BBFB054600284FF0000042D0A1
:105CB00005F1490121F0030640F234118022C0F2BF
:105CC0003411C0F20102B9F1030FC5E90006A96061
:105CD000EA6002D1607903282FD140F6AC01A279A5
:105CE000C2F200010868002A04BF01300860206089
:105CF000B01C4FF49971FBF76EFE40F2011030803A
:105D000097F83800A9F10701B0702068022900BA9D
:105D1000706025D3B9F1040F22D0B9F1030F1AD066
:105D200020E02DA0FAF7EEFB002541E022A0FAF7D3
:105D3000E9FB00253CE000253AE0B01C4FF49971E6
:105D4000FBF749FE40F20110308097F838002168D7
:105D5000B07008BA7060607900F0FE00042801D1CC
:105D60007868F06097F83200B8F1000F307797F854
:105D70003300707797F83400B07797F83500F077F4
:105D800097F8360086F8200097F8370086F8F290EA
:105D900086F8210048F26320C6F25330C6F8EC00C2
:105DA00040F23510A6F8F0001CBF0320A8F8000050
:105DB000284601B0BDE8F083646863705F63726574
:105DC0006174655F6D73673A206468637020213D7C
:105DD000204E554C4C000000646863705F63726530
:105DE0006174655F6D73673A206E65746966202122
:105DF0003D204E554C4C00002DE9F04383B0466ADF
:105E00000546717900200629F0611EBF0621A6F81B
:105E1000051030814FF4BE7012F000FB002800F036
:105E2000B78040F2341180220446C0F23411C0F22F
:105E300001024930C4E9021240F6AC0120F0030728
:105E40000020B279C2F2000120600868002A676071
:105E500004BF013008603060B81C4FF49971FBF743
:105E6000BAFD40F20110388095F838003168B870FA
:105E700008BA786095F8320040F23921387795F801
:105E80003300787795F83400B87795F83500F877CF
:105E900095F8360087F8200095F8370087F821003C
:105EA00048F26320C6F25330C7F8EC0040F23510D8
:105EB000A7F8F000012087F8F2006068A0F8F3105E
:105EC000298E0A0A80F8F61040F23731C0F201310B
:105ED000C0F8F7104FF61C7180F8F520A0F8FB1001
:105EE000FD303721FBF777FD20464FF49A7115F00E
:105EF000F3FA4EF2D440C2F20000006843F61437C1
:105F000043F61832C0F60207C0F6020221464323C8
:105F1000009501971BF046FB4BF638184BF6D41949
:105F20004BF648154BF6D817C2F20108C2F2010928
:105F3000C2F20105C2F2010703E000BF0169884710
:105F400034B3A17B01390A06A17321D1617B2046BC
:105F500024688907F2D4017B11F00F010AD00129CE
:105F60000BD00229ECD129893A68013929810260D4
:105F70003860E5E712F0D0F9E2E7B8F80810D9F890
:105F800000200139A8F808100260C9F80000D7E71E
:105F9000B179012050FA81F2D3B293424FF07800E8
:105FA00012D14FF47A7707FA03F340F2F31717FA96
:105FB00083F344F6D357C1F26207C9B2A3FB073794
:105FC000B271052938BF7809308103B0BDE8F0838C
:105FD000B0B54BF63420C2F201000468002C08BFB3
:105FE000B0BD002505E000BF013901812468002C07
:105FF0002ED0606A0028F9D001890229F4D2012943
:10600000F4D14179058101390B29EFD8DFE801F09E
:106010000B0612060607060606060607E6E72046F2
:10602000FFF7EAFEE2E7807905280AD8204600F06B
:106030001BFDDBE780790128F1D8204600F088F8C5
:10604000D4E7204600F0BCFB204600F04FFECDE731
:10605000B0BD000080B54EF2E04EC2F2000E00224C
:106060009EF80330026242624EF2E84C002BC2F20C
:10607000000C1CBFDCF80C2082629EF8042012B1D8
:10608000DCF8102001E0826A52089EF80530C262F6
:1060900013B1DCF8142003E0826AC2EBC202D2081A
:1060A00002639EF806200969C1613AB1DCF8181054
:1060B000C27909BA016242F0010102E0C17901F03E
:1060C000FE01C1719EF80710002908BF80BDDCF8F1
:1060D0001C1009BA416280BD10B582B00446406A06
:1060E00041790C2904D00C21A0F805100021018170
:1060F00043F61431C0F6020101AA204614F0A2FDB5
:10610000A06800281CBF0020A060E06800281CBF19
:106110000020E060204602B0BDE81040FFF76CBEF2
:106120004EF2E042C2F200029278002A08BF7047A5
:106130004EF2E843C2F200039B68426A09694FF0DD
:10614000000C1BBAA2F808C09361D16100F08CBCAE
:106150002DE9F04383B0446A81466079032804D076
:106160000320A4F80500002020810DF10A03484611
:10617000214603224FF00308FFF786FD002800F0B8
:10618000C38005464068BDF80A10F0304A1C392328
:1061900043548B1C92B2022787549AB2CB1C87546B
:1061A0000A1D9BB24027C75492B24B1D3227875419
:1061B0009AB204238354E2698B1D12BA9BB2170E64
:1061C000CE1DC754130C01F10807B6B28355130A4C
:1061D00001F10906BFB2C35501F10A03B7B2C255B6
:1061E0009AB201F10B033727875401F10C029BB2DD
:1061F00000F8038093B201F10D074FF0010C00F895
:1062000003C0BBB201F10E07BFB21C26C65501F197
:10621000100700F8038001F10F03BAB29EB2432ABF
:106220004FF0FF02ADF80A30825508D8C1F13301B2
:1062300010FA87F01CFA81F1FBF7CDFB432303F141
:10624000F10081B2284615F047F94EF2D440C2F26F
:1062500000000068B8B1016809F1040739B101F024
:10626000F002E02A03D03A680746914211D143F682
:106270001832C0F6020229464323CDF80090019758
:106280001BF090F905E044F2B550C0F60200FAF7B1
:1062900039F94BF638184BF6D4194BF648164BF62D
:1062A000D817C2F20108C2F20109C2F20106C2F215
:1062B000010702E00169884735B3A97B01390A0665
:1062C000A97321D1697B28462D688907F2D4017B07
:1062D00011F00F010AD001290BD00229ECD131892C
:1062E0003A680139318102603860E5E712F014F84C
:1062F000E2E7B8F80810D9F800200139A8F808102A
:106300000260C9F80000D7E7A179012050FA81F2B4
:10631000D3B293424FF0140011D14FF47A777B43FC
:1063200040F2F31717FA83F344F6D357C1F262072A
:10633000C9B2A3FB0737A271092938BF78092081A8
:1063400003B0BDE8F08300002DE9F04F85B04EF2B8
:10635000EC50C2F20000D0F804801446D8F8246053
:10636000002E00F0EE813079002800F0EA8160898B
:106370002C28C0F0E68160680178022940F0E181B4
:1063800098F83810A9B30139C9B298F83220037FC0
:10639000052928BF05219A4240F0D38149B398F8D6
:1063A0003320437F9A4240F0CC810131C9B20229A7
:1063B0001FD098F83420837F9A4240F0C28103298D
:1063C00017D098F83520C37F9A4240F0BA8104294B
:1063D0000FD098F8362090F820309A4240F0B181E2
:1063E000052906D098F8371090F82120914240F006
:1063F000A8814068316800BA884240F0A2814EF21C
:10640000E040C2F200000021C0E90011B4F808B079
:106410000021F0200291012101912746798982B261
:106420008A4227D33F68002F00F08B81401A7A8977
:1064300083B29342ABEB010B1CD33F68002F00F0FB
:106440008081801A798983B28B42ABEB020B11D326
:106450003F68002F00F07581401A7A8983B2934219
:10646000ABEB010B06D33F68801A002FABEB020B9E
:10647000D4D166E11FFA8BF182B28A4280F00C819E
:106480007968039105E01FFA8BF182B28A4280F0AD
:10649000DD80039982B2895CFF2900F0D7804FF636
:1064A000FD739A4200F24D81B7F80AC0531C634550
:1064B00002D2039D2B4404E03B68002B00F02880AF
:1064C0005B6893F800E03B2900F22780DFE801F0E9
:1064D0001E2E25342525252525252525252525255B
:1064E000252525252525252525252525252525255C
:1064F000252525252525252525252525252525254C
:106500002525254349565E252525646C013089E003
:106510004FF0000E3B297FF6D9AF0EEB02004FF68D
:10652000FD71884200F20D8102307BE0BEF1040F64
:1065300040F0078106253CE0BEF1030F40F20181E7
:106540000EEB020A4FF6FD718A4500F2FA8007252C
:106550004FF0040936E0BEF1040F40F0F28003254D
:1065600027E0BEF1010118BF0121029B1943C907B1
:1065700040F0E78000254FF001091CE0BEF1010F5B
:1065800040F0DF804FF00109012514E0BEF1040F57
:1065900040F0D78002250CE0BEF1040F40F0D1801E
:1065A0004FF00409042506E0BEF1040F40F0C98055
:1065B00005254FF004090EEB020A4FF6FD718A45DE
:1065C00000F2BF804EF2E041C2F20001495D0029B5
:1065D0004FF00001049123D1023083B2384604A960
:1065E0004A4614F01DFE484540F0AB80B9F1010F5A
:1065F00006D0B9F1040F40F0A480049800BA01E07D
:106600009DF810004EF2E041C2F2000101224A550D
:10661000B7F80AC04EF2E841C2F2000141F8250085
:106620000AF1020081B26145FFF42DAFA0EB0C002E
:10663000ABEB0C0B81B21FFA8BF2914280F08180A0
:106640003F68002F7DD0796803911CE74EF2E0404F
:10665000C2F200000078F8B14EF2E840C2F2000049
:1066600001684EF2E040C2F20000002202700120F8
:106670004FF0EC0B029001294FF06C003FF4CDAECF
:10668000022917D0032907D10020019001204FF0E3
:10669000EC0B02906C20C0E601990120C9074FF075
:1066A0006C0B02904FF02C004FF0010101913FF470
:1066B000B4AE05E001204FF06C0B02902C20AAE64E
:1066C0004EF2E040C2F200004078D0B34EF2E84013
:1066D000C2F2000000796168022817D006281CD099
:1066E00005282ED17079021F022A23D3032801D056
:1066F000012826D1D8F82400FFF7ACFC98F839001F
:1067000000071BD54046FEF79FFF1AE07079062868
:1067100017D14046FFF704FD13E07079052810D823
:10672000012101FA00F010F03A0F0AD04046FFF7BD
:10673000D3FC06E0D8F82400FFF78CFC4046FEF7B7
:10674000DDFECCB34BF638184BF6D4164BF6481793
:106750004BF6D815C2F20108C2F20106C2F20107D7
:10676000C2F2010503E000BF0169884724B3A17BA1
:1067700001390A06A1731FD1617B2046246889076D
:10678000F2D4017B11F00F010AD001290BD00229AC
:10679000ECD139892A680139398102602860E5E73E
:1067A00011F0BAFDE2E7B8F8081032680139A8F82C
:1067B000081002603060D9E705B0BDE8F08F000036
:1067C0002DE9F04786B0446A002C00F04A81054666
:1067D0006079002800F04581A1690A2804914FF0F2
:1067E0000001C4F81210C4F80E10C4E90611C4E97F
:1067F0000811C4E90A1121636BD8012202FA00F0E2
:1068000010F4866F65D00020A4F8050020810DF1FA
:106810000E03284621460722FFF736FA002800F02B
:106820009F8006464068BDF80E10F0304A1C3623A3
:10683000435492B204238354049A8B1C17BA9AB21D
:106840003B0E01F1030C83543A0C01F1040E1FFAC4
:106850008CF3C2543A0A01F1050C1FFA8EF3C254AC
:106860001FFA8CF3C754CB1D8A1D9FB21FFA82FCFE
:10687000432F4FF0FF07ADF80E2000F80C7009D839
:10688000C1F13C01012210FA83F012FA81F1FBF709
:10689000A2F8432202F1F10081B2304614F01CFE4E
:1068A0004EF2D440C2F200000068B0B101682F1D62
:1068B00039B101F0F002E02A03D03A68074691426C
:1068C00011D104AA31464323009501971AF06AFEBC
:1068D00009E0A4F80510218154E044F2B550C0F657
:1068E0000200F9F70FFE4BF638184BF6D4194BF6A9
:1068F000481A4BF6D817C2F20108C2F20109C2F2D7
:10690000010AC2F2010702E00169884746B3B17B80
:1069100001390A06B17323D1717B30463668890785
:10692000F2D4017B11F00F010CD001290DD0022906
:10693000ECD1BAF808103A680139AAF808100260D8
:106940003860E3E711F0E8FCE0E7B8F80810D9F8A0
:1069500000200139A8F808100260C9F80000D5E746
:1069600043F61431C0F6020105AA284614F06AF96C
:10697000A86800281CBF0020A860E86800281CBF89
:106980000020E86005F1440004F1340100260746C8
:106990003A68BAB18A4233460FD0176897B18F422E
:1069A00013460AD03A686AB18A423B4605D0176856
:1069B00047B18F423E461346EAD10968002B18BF03
:1069C00018460160207900284BD04EF2D840C2F220
:1069D0000000017801390A06017040D14EF2D44519
:1069E000C2F20005286890B34BF26072C2F2020254
:1069F000116881421AD0D9B1CA6812B182420B46DD
:106A000012D0AAB1D16811B1814213460CD079B12C
:106A1000CA6812B182420B4606D04AB1D168002939
:106A2000E9D081421346E6D103F10C02C16811603E
:106A30004BF6B811C2F201014BF6F4130A89C2F207
:106A400001031F68013A0A810760186005E044F2FB
:106A50009D50C0F60200F9F755FD00202860002087
:106A6000207106B0BDE8F0872DE9F04784B000281A
:106A700000F01781D0F824A00646BAF1000F00F00C
:106A800012819AF80500012805D00120AAF8050016
:106A90000020AAF808000DF10E03304651460322EB
:106AA0004FF00308FFF7F0F8002800F0D780BDF89A
:106AB0000E10054640684A1CF030392392B2022776
:106AC00043548754328E8B1C9BB2170ACC1CC7547C
:106AD0000B1DA7B2C2559AB24B1D322787549AB2EA
:106AE0004FF0040C00F802C0DAF81C208F1D12BA17
:106AF000BFB2140ECB1DC455170C01F108049BB294
:106B0000C754130A01F10907A4B2035501F10A039E
:106B1000BFB2C2559AB201F10B03362787549AB21D
:106B200000F802C0DAF8182001F10C0312BA9BB287
:106B3000170E01F10D04C754130C01F10E07A4B296
:106B40000355130A01F10F04BFB2C35501F110033D
:106B5000A7B2C2559AB201F111033727875401F148
:106B600012029BB200F8038093B201F113074FF0B9
:106B7000010C00F803C0BBB201F11407BFB21C2422
:106B8000C45501F1160700F8038001F11503BAB2EC
:106B90009CB24FF0FF0E432AADF80E3000F804E02F
:106BA00008D8C1F12D0110FA87F01CFA81F1FAF72B
:106BB00012FF432303F1F10081B2284614F08CFC4C
:106BC0004EF2D440C2F20000006843F6143743F698
:106BD0001832C0F60207C0F6020229464323009687
:106BE00001971AF0DFFC4BF638184BF6D4194BF628
:106BF00048164BF6D817C2F20108C2F20109C2F2D8
:106C00000106C2F2010702E00169884735B3A97B9A
:106C100001390A06A97321D1697B28462D688907A5
:106C2000F2D4017B11F00F010AD001290BD0022907
:106C3000ECD131893A680139318102603860E5E789
:106C400011F06AFBE2E7B8F80810D9F80020013922
:106C5000A8F808100260C9F80000D7E79AF80610F3
:106C6000012050FA81F2D3B293424FF0780013D151
:106C70004FF47A7707FA03F340F2F31717FA83F326
:106C800044F6D357C1F26207C9B2A3FB07378AF8AB
:106C90000620052938BF7809AAF8080004B0BDE825
:106CA000F0870BA000E003A004B0BDE8F047F9F7BF
:106CB00029BC00BF646863705F73656C6563743A78
:106CC000206468637020213D204E554C4C0000002C
:106CD000646863705F73656C6563743A206E657495
:106CE000696620213D204E554C4C00002DE9F04FA7
:106CF00081B050B1044690F83900C0070BD10FF2B3
:106D0000D430F9F7FFFBF020C8E10FF2EC30F9F7CF
:106D1000F9FBF020C2E1208EB0F5107F01D2FF20F8
:106D2000BCE1656A4EF2D848002DC2F2000842D09C
:106D30002879002850D098F800000138010688F81A
:106D4000000049D14EF2D446C2F200063068D8B3F2
:106D50004BF26072C2F20202116881421AD0D9B1BC
:106D6000CA6812B182420B4612D0AAB1D16811B1E1
:106D7000814213460CD079B1CA6812B182420B46E7
:106D800006D04AB1D1680029E9D081421346E6D144
:106D900003F10C02C16811604BF6B811C2F2010197
:106DA0004BF6F4130A89C2F201031F68013A0A8103
:106DB000076018600EE0482011F030FB10B1054666
:106DC000606209E0FF2069E144F29D50C0F60200D4
:106DD000F9F798FB0020306028464421FAF71DFEA1
:106DE00045F69521C0F60001696404F1440105F1FE
:106DF00034000A46126872B182420FD0126852B152
:106E000082420BD0126832B1824207D0126812B1AE
:106E10008242EFD102E00A680860026098F800B090
:106E2000BBF1000F40F022814BF6F411C2F20101D8
:106E30000E68002E00F0DA804BF6B810C2F20100A6
:106E4000326803890A60591C42898BB293420181DE
:106E500088BF418130462821FAF7DFFDFF20F0721C
:106E600070774EF2D440C2F200004BF2607E0660B2
:106E70002020C2F2020E707270460068B0FA80F1F3
:106E800000284FEA511218BFB0421BD0C068B0FAB8
:106E900080F100284FEA511218BFB04212D0C068EA
:106EA000B0FA80F100284FEA511218BFB04209D061
:106EB000C068B0FA80F14FEA511218B1B04200F147
:106EC0000C00DAD1DEF800A00023BAF1000F00F0C8
:106ED0009E80504603E0C068002800F09680B042D3
:106EE00002D0418A442919D0C068002800F08D8062
:106EF000B04202D0418A442910D0C068002800F076
:106F00008480B04202D0418A442907D0C06800285A
:106F10007BD0B042DFD0418A4429DCD14BF2607093
:106F2000C2F202000068B0FA80F100284FEA511264
:106F300018BFB0421BD0C068B0FA80F100284FEAF9
:106F4000511218BFB04212D0C068B0FA80F10028C8
:106F50004FEA511218BFB04209D0C068B0FA80F1B0
:106F60004FEA511218B1B04200F10C00DAD140F6EC
:106F70000811C2F200010B88BAF1000F00F09A80EC
:106F80004FF0000C4FF6FF7198B20133884204BFF6
:106F90004CF20003CFF6FF7351464F8A98B28742F6
:106FA00016D0C96800297DD0B1F8129081450FD064
:106FB000C968002976D04F8A874209D0C96800295C
:106FC00070D04F8A874203D0C9680029E5D169E0B3
:106FD00043F6FF7084450CF1010C4FF6FF71D3D3DB
:106FE00040F60810C2F20000038038E04BF6B810FB
:106FF000C2F201008188013181804EF2D440C2F298
:10700000000000210160FF2048E0504600E0002021
:107010004421336071821AB1B246F060CEF800604C
:10702000002070604320B0820420BAF1000F307459
:1070300011D05046B04212D0C06860B1B0420ED0FC
:10704000C06840B1B0420AD0C06820B1B04206D09A
:10705000C0680028EED1C6F80CA0CEF8006046F259
:107060004930C0F600000021C6E908010BF101001B
:1070700088F8000094F8390001214007297109D4EB
:10708000687902284FF0000008D00221A5F8051009
:10709000288103E02046FEF7AFFE002040B201B099
:1070A000BDE8F08F180440F60810C2F2000003801B
:1070B0000BD1D4E74FF6FF70834203F1010304BF05
:1070C0004CF20003CFF6FF730B80002A5046738208
:1070D000A2D1A5E76E65746966206973206E6F742E
:1070E0002075702C206F6C64207374796C6520702F
:1070F0006F72743F000000006E6574696620213D68
:10710000204E554C4C00000070B581B048F2100183
:1071100043F60403C4F20201C4F20203D1F800E012
:10712000586847F6400CC0F3810042F20042C0F2BA
:107130007D1C0228C0F2F40203D0012808BF624679
:1071400014E018681C681D681E6800F03F00760295
:1071500048BF6246B2FBF0F0C4F38814C5F30145A2
:10716000022606EB45026043B0FBF2F2586843F694
:10717000D324C0F30310C0F60204205CC240586858
:1071800058684DF20030CFF6CE604EF2BF13104477
:10719000C0F2E40398422EF01C0002D840F0080030
:1071A0002FE04FF24013CFF6E9531344634502D268
:1071B00040F00C0025E047F60013CFF66C4345F68F
:1071C00000261344C0F26226B3421AD341F600737C
:1071D000CFF60A234FF27F061344C0F2FA26B342D9
:1071E00002D840F004000CE042F68063CFF20F7347
:1071F0001A4444F68023C0F25D539A425DD840F0B1
:107200001000086008684FF6C3734FF6FC7298438D
:10721000C0F2040200F603004FF400434B60086024
:1072200010460B68DB071CBF0B685FEAC37308D00E
:107230000B68DB0718BF002803D00B680438DB0796
:10724000EFD10868C0074FF0000034D10090D01C87
:107250000090009888B1009801380090009860B1C3
:10726000009801380090009838B1009801380090DB
:10727000009810B100980138EAE708684FF6C37328
:10728000984300F6010008600868C0071CBF086842
:107290005FEAC07008D00868C00718BF002A03D092
:1072A0000868043AC007EFD10A684868D10704D1DA
:1072B000012121EAD03001B070BD002001B070BDC5
:1072C0002DE9F04105463C200E4611F0A7F80028B4
:1072D00000F0808004462130802320F003014FF02D
:1072E0001C10C0F201030022C4E902034FF48070B5
:1072F000C4E90021C880284650F8323F8B6083885B
:10730000CA828B81C1F812203268C1F80E2032681F
:107310004EF220668A6140F20012C0F208020A6052
:1073200040F206428A8022894FF6F1718A42C2F207
:1073300000060BD894F90C10B1F1FF3F06DC616830
:1073400004F11007A1F10E03BB424CD27089013049
:107350007081308B4BF63818013030834BF6D416E1
:107360004BF648174BF6D815C2F20108C2F20106D7
:10737000C2F20107C2F2010503E000BF01698847BC
:1073800034B3A17B01390A06A17318BFBDE8F081AF
:10739000617B204624688907F0D4017B11F00F013E
:1073A0000AD001290BD00229EAD139892A6801398A
:1073B000398102602860E3E710F0AEFFE0E7B8F83B
:1073C000081032680139A8F8081002603060D7E769
:1073D000BDE8F0814EF22060C2F20000818C0131E4
:1073E0008184BDE8F0810E32678922814FF4C16249
:1073F0000E3721F8022C4FF0FF32636067819A80CC
:107400001A60026841F8082C808821F8040CAA69E7
:107410002846214690479CE72DE9F04F85B000288B
:107420000490CDE9001200F094800A20002A00F0B8
:10743000B8804EF2943A039000240123C2F2000A6D
:1074400000204FF0000C00274FF00A094FF00A0E01
:107450000A21029107E000BF99463034F02C03F175
:10746000020300F0D6820AEB040898F814201FFAF1
:1074700089F60A2EA3F1010608BF002A1CD07AB3B0
:107480000499D8F804500968A94205D1D8F8081021
:10749000019DA94200F06B83012A0FD15AF8041014
:1074A000B8F8122099B1BFB20399BA4228BF314649
:1074B000039188BF174613E0B14611E0B8F81210E7
:1074C00080B2814228BFB64688BF084608E01FFA4E
:1074D0008CFC0299624528BF3146029188BF9446D0
:1074E00098F82C201FFA89F10A2908BF002AB3D086
:1074F000002AB2D00499D8F81C500968A94205D1D5
:10750000D8F82010019DA94200F00381012A0DD175
:10751000D8F81810B8F82A2089B1BFB20399BA4236
:1075200028BF1946039188BF174696E7B8F82A1076
:1075300080B2814228BF9E4688BF08468DE71FFA69
:107540008CFC0299624528BF1946029188BF944677
:1075500083E74EF29434C2F20004237D012B00F045
:10756000A180002B40F0B48094F82C604FF000090B
:10757000002E4FF00A0A4FF00A0800F0CE800025D6
:107580004FF00A0E00234FF0000C0021012E00F0F6
:10759000B280668D8E4228BF4FF0010888BF314609
:1075A000CDE04EF29438039000220120C2F2000890
:1075B00000274FF0000A4FF0000B4FF00A094FF080
:1075C0000A0E0A21029106E081463032F02A00F1CB
:1075D000020000F01E8208EB02031D7D1FFA89F6EF
:1075E0000A2EA0F1010608BF002D17D055B304994B
:1075F000D3F804C00C68644500F0B982012D0FD1A6
:1076000058F802405D8A9CB11FFA8BFB03995D45D7
:1076100028BF3146039188BFAB4613E0B14611E065
:107620005D8ABFB2BD4228BFB64688BF2F4609E07B
:107630001FFA8AFA0299554528BF3146029188BF40
:10764000AA4600BF93F82C501FFA89F60A2E08BFED
:10765000002DB9D0002DB8D00499DC690E68A6427F
:1076600059D0012D0CD19E695B8D8EB11FFA8BFB19
:1076700003995B4528BF0146039188BF9B46A4E759
:107680005B8DBFB2BB4228BF864688BF1F469CE7C2
:107690001FFA8AFA0299534528BF0146029188BF12
:1076A0009A4692E72368B4F812C0002B9A464FF02E
:1076B00000014FF0000E4FF00A0818BF4FF00A0A01
:1076C00008BF4FF00A0E002B1CBF63468C4609E032
:1076D000618A4FF000084FF00A0A4FF00A0E0023AB
:1076E0004FF0000C94F82C6001257EB14FF00A0990
:1076F000012E7FF44EAFA769668DC7B19BB29E4243
:1077000028BF4FF0010E88BF334618E04FF0010943
:1077100009E01E462BE2064629E24FF00A0E00233E
:107720004FF0000C002194F84460B6B910E01FFA45
:107730008CFC664528BF4FF0010A88BFB44694F818
:107740004460B6FA86F77F093D4205D04FF0020942
:1077500094F85C5045BB40E0F6B1012E0BD1266B8E
:10776000B4F8425086B19BB29D4228BF4FF0020E42
:1077700088BF2B4610E0B4F842508D4228BF4FF02E
:10778000020888BF294607E01FFA8CFC654528BF20
:107790004FF0020A88BFAC4694F85C50B9F10A0F6A
:1077A00008BF002D17D025B3012D0BD1A66CB4F85E
:1077B0005A50B6B19BB29D4228BF4FF0030E88BF0E
:1077C0002B4616E0B4F85A508D4228BF4FF00308FC
:1077D00088BF29460DE04FF0030994F8745085B92D
:1077E00028E01FFA8CFC654528BF4FF0030A88BFCC
:1077F000AC4694F87450B9F10A0F08BF002D17D0A9
:1078000025B3012D0BD1266EB4F87250B6B19BB2E0
:107810009D4228BF4FF0040E88BF2B4616E0B4F8F7
:1078200072508D4228BF4FF0040888BF29460DE0F2
:107830004FF0040994F88C5085B928E01FFA8CFCAD
:10784000654528BF4FF0040A88BFAC4694F88C50B9
:10785000B9F10A0F08BF002D17D025B3012D0BD1A8
:10786000A66FB4F88A50B6B19BB29D4228BF4FF0C4
:10787000050E88BF2B4616E0B4F88A508D4228BF0B
:107880004FF0050888BF29460DE04FF0050994F830
:10789000A45085B929E01FFA8CFC654528BF4FF03C
:1078A000050A88BFAC4694F8A450B9F10A0F08BF86
:1078B000002D18D02DB3012D0CD1D4F89060B4F860
:1078C000A250B6B19BB29D4228BF4FF0060E88BFB2
:1078D0002B4616E0B4F8A2508D4228BF4FF00608A0
:1078E00088BF29460DE04FF0060994F8BC5085B9D1
:1078F00029E01FFA8CFC654528BF4FF0060A88BFB7
:10790000AC4694F8BC50B9F10A0F08BF002D18D04E
:107910002DB3012D0CD1D4F8A860B4F8BA50B6B18B
:107920009BB29D4228BF4FF0070E88BF2B4616E042
:10793000B4F8BA508D4228BF4FF0070888BF2946D7
:107940000DE04FF0070994F8D45085B929E01FFAEB
:107950008CFC654528BF4FF0070A88BFAC4694F8F9
:10796000D450B9F10A0F08BF002D18D035B3012D3E
:107970000CD1D4F8C060B4F8D250BEB19BB29D42D5
:1079800028BF4FF0080E88BF2B4617E0B4F8D2503E
:107990008D4228BF4FF0080888BF29460EE04FF0FF
:1079A000080994F8EC50CDE902AE10E01FFA8CFC07
:1079B000654528BF4FF0080A88BFAC4694F8EC50E4
:1079C000B9F10A0FCDE902AE08BF002D16D0C646A8
:1079D000FDB1012D0BD1D4F8D850B4F8EA208DB107
:1079E00098B28242039828BF0920039011E0B4F8AE
:1079F000EA00884228BF4FF0090E0AE0C6464FF061
:107A0000090906E01FFA8CF08242029828BF09207B
:107A1000029000994FF6FF76880700F1A880C8070A
:107A200004D11FFA89F00A2800F0A1800FFA89F723
:107A3000092F40F383800FFA8EF0F1460A280CDB01
:107A4000DDF808900FFA89F00A2806DBDDF80C90C3
:107A50000FFA89F0092800F38A800FFA89F74EF2AD
:107A6000943107EB4700C2F2000151F830A001EB5E
:107A7000C001BAF1000F5BD0CDE902794BF6C81511
:107A80004BF638144BF6D4194BF6481B4BF6D81866
:107A9000C2F20105C2F20104C2F20109C2F2010BF5
:107AA000C2F2010800910CE04BF60812C2F201028A
:107AB000108929680138BAF1000F108131602E60F9
:107AC00031D05646DAE900A702E000BF01698847D5
:107AD000002FE9D0B97B01390A06B973E4D1797B6B
:107AE00038463F688907F1D4017B11F00F010ED0B1
:107AF00001290FD00229EBD1BBF80810D8F80020DB
:107B00000139ABF808100260C8F80000E0E710F097
:107B100003FCDDE72189D9F80020013921810260C9
:107B2000C9F80000D4E70099DDE902790020086077
:107B300000200875C1E90100C1E903000498019B18
:107B400048B14EF29432006807EB4701C2F20002DE
:107B500002EBC10148604EF2943107EB4700C2F2DC
:107B6000000101EBC00000214E464182836030B22B
:107B700005B0BDE8F08F000070B582B013688E4686
:107B8000591C022907D243F60C31C0F60201BEF19E
:107B9000000F28D13AE090F8391089070BD54568D5
:107BA0009D4208D081685D40294204D1CD4323EA3B
:107BB0000101A942E7D003F0F001E02931D1190E0B
:107BC00001251A0CADF800505E25C3F306238DF88D
:107BD000051069468DF802508DF803308DF80420A9
:107BE000BEF1000F12D0BEF808404FF6F172944279
:107BF0000CD89EF90C20B2F1FF3F07DCDEF8042020
:107C00000EF11006A2F10E03B34252D24EF22060E2
:107C1000C2F20000418901314181FE2040B202B030
:107C200070BDD0E901155940294208D099B24FF6EC
:107C3000A965A94203D0024652F80C3FBBB34EF2ED
:107C40002C54C2F2000494F800C04EF294310CEBB4
:107C50004C05C2F2000101EBC5052E7D022E0FD3AB
:107C6000AE6886420CD16D68AB4209D14EF22063FA
:107C7000C2F20003D98D62464C1C7146DC85A2E03D
:107C80000E7D022E07D38E68864204D14E68B34221
:107C900001D1002295E091F82C60022E29D30E6AC2
:107CA000864226D1CE69B34223D1012289E0FC204D
:107CB000B4E7BEF80A50CEF804300E35AEF80A50DC
:107CC000082522F8025C8D8804F10E06AEF80860E3
:107CD0009D80096800F132061960B18822F8041C01
:107CE000316842F8081C8269714602B0BDE87040F4
:107CF000104791F84460022E07D38E6B864204D160
:107D00004E6BB34201D102225BE091F85C60022E1F
:107D100007D30E6D864204D1CE6CB34201D103224B
:107D20004FE091F87460022E07D38E6E864204D124
:107D30004E6EB34201D1042243E091F88C60022ED2
:107D400008D3D1F88060864204D1CE6FB34201D10E
:107D5000052236E091F8A460022E09D3D1F898608C
:107D6000864205D1D1F89460B34201D1062228E0C1
:107D700091F8BC60022E09D3D1F8B060864205D1DB
:107D8000D1F8AC60B34201D107221AE091F8D46077
:107D9000022E09D3D1F8C860864205D1D1F8C4605B
:107DA000B34201D108220CE091F8EC60022E0FD30F
:107DB000D1F8E06086420BD1D1F8DC108B4207D1BC
:107DC00009227146227002B0BDE8704000F008B888
:107DD0001146724602B0BDE8704000F013B90000D1
:107DE0002DE9F04F81B00C4602EB42014EF2943285
:107DF000C2F2000202EBC1052F4617F8141F4EF223
:107E0000206980460229C2F2000940F0A180688AF8
:107E1000B0F58E7F09D9291D404600F0E7FA002809
:107E200040F096800320387092E0B0F5877FC0F074
:107E30008F803C2010F0F2FA002800F08480064683
:107E40002130802320F003014FF01C10C0F2010309
:107E50000022C6E902034FF48070C6E90021C88001
:107E6000404650F8323F8B608388CA828B81C1F8CC
:107E7000122050F82E2CC1F80E206A688A6140F258
:107E80000012C0F208020A6040F206428A8033897A
:107E90004FF6F1718B420DD896F90C10B1F1FF3FFE
:107EA00008DCD6F804C006F11001ACF10E028A42DB
:107EB00080F08980B9F80A000130A9F80A00B9F801
:107EC00018004BF6481A4BF6D81B0130C2F2010AD3
:107ED000C2F2010BA9F8180004E000BF016988474D
:107EE000002E9FD0B17B01390A06B1739AD1717B04
:107EF000304636688907F1D4017B11F00F010ED0AE
:107F000001290FD00229EBD1BAF80810DBF80020C4
:107F10000139AAF808100260CBF80000E0E710F081
:107F2000FBF9DDE74BF6381CC2F2010C4BF6D4131B
:107F3000BCF80810C2F201031A680139ACF8081045
:107F400002601860CCE7B9F824000130A9F82400D9
:107F500084B122894FF6F17082420BD894F90C005B
:107F6000B0F1FF3F06DC606804F11003A0F10E01E0
:107F7000994209D2B9F80A00411C6FF00100A9F832
:107F80000A1001B0BDE8F08F67890E320E372281EA
:107F9000082205F10C036160678120F8022C9A88A1
:107FA0008A801A6808F132030A60998820F8041C54
:107FB000196840F8081CD8F818204046214601B03E
:107FC000BDE8F04F104703F10E0E738905F10C0167
:107FD0000E3373814FF4C1637260A6F808E02CF889
:107FE000023C8B8893800968116081882CF8041CFE
:107FF000006831464CF8080CD8F8182040469047E5
:108000005DE700002DE9F04F83B00F460968934605
:108010004A1C022A04D2F02040B203B0BDE8F08F1F
:10802000054690F8390080070DD56A688A420AD063
:10803000A8684A40104206D1C24321EA000090429B
:1080400001D1F020E8E700294FF0F000E4D001F082
:10805000F001E029E0D0384601212A46FFF7DCF99B
:108060000646B0F1FF3F3ADD5FFA86FE4FEA4E006A
:108070004EF2943C50FA86F0C2F2000C0CEBC002B7
:10808000904618F8144FB4B3BBF1000F42D0FF2054
:10809000022C5FD34EF22C50C2F20000BBF1000F55
:1080A000067013D0BBF808204FF6F17082420DD84D
:1080B0009BF90C00B0F1FF3F08DCDBF804000BF18A
:1080C0001003A0F10E01994280F09B804EF22060D7
:1080D000C2F20000418901314181FE209CE7BBF1E1
:1080E000000F06D04EF22060C2F20000818C0131F8
:1080F0008184304690E7012088F800000EEB4E00A6
:108100000CEBC0008560BBFA8BF00192F246E146B1
:10811000400903E0F246E146012001920290284620
:10812000394600F063F9CC46D64650B998F80010AD
:10813000012906D12CB10EEB4E010CEBC10100223E
:108140004A82029900297FF467AF98F80040019AAB
:10815000022C9FD2012C7FF45FAFBBF1000F3ED009
:108160005846017B490617D4006878B1017B49065F
:1081700012D4006850B1017B49060DD4006828B1C3
:10818000017B490608D400680028EAD19BF80E005C
:1081900001308BF80E0006E05846144613F010F834
:1081A00022468346D8B10720144610F005FAF8B1EC
:1081B000256800210160C0F804B0F5B101212B460B
:1081C0001A68002A45D01368002B3FD01A68002A8D
:1081D0003ED013680431002BF2D101393AE04EF25F
:1081E0002060C2F20000818C01318184FF2013E7FE
:1081F000584613F0F5F8FF200EE7224620600020D5
:108200000AE7BBF80A700EEB4E030E320CEBC30309
:108210000E37ABF8082008220C33CBF80410ABF86B
:108220000A7020F8022C9A888A801A6805F13203B5
:108230000A60998820F8041C196840F8081CAA698B
:108240002846594603B0BDE8F04F1047013101E020
:1082500002311A460329106014D3D5E900102160B9
:1082600013F0BEF84BF60810C2F201004BF6C8122C
:108270000189C2F201021368013901812B60156086
:108280000020C9E60020C7E62DE9F04180463C20E9
:108290001D4617460E4610F0C1F8002800F08280F7
:1082A0000446213020F00300002180234FF01C12EF
:1082B000C0F20103C4E900104FF40071C4E90223C5
:1082C000C180A988079A818129684EF22065816062
:1082D0009188C2F20005C1821168069AC0F8121096
:1082E0001168089AC0F80E101168816140F20011FF
:1082F000C0F20801016040F20641818021894FF6F9
:10830000F17081420BD894F90C00B0F1FF3F06DC0C
:10831000606804F11003A0F10E029A424BD2688902
:1083200001306881288B4BF63818013028834BF6D2
:10833000D4164BF648174BF6D815C2F20108C2F214
:108340000106C2F20107C2F2010502E00169884795
:1083500034B3A17B01390A06A17318BFBDE8F081CF
:10836000617B204624688907F0D4017B11F00F015E
:108370000AD001290BD00229EAD139892A680139AA
:10838000398102602860E3E70FF0C6FFE0E7B8F844
:10839000081032680139A8F8081002603060D7E789
:1083A000BDE8F0814EF22060C2F20000818C013104
:1083B0008184BDE8F08163890E310E3321814FF451
:1083C000C1616260638120F8021CB98891803968BC
:1083D0001160B18820F8041C316840F8081CD8F8F6
:1083E00018204046214690479CE700002DE9F041C7
:1083F00005463C200E4610F011F8002800F0808061
:1084000004462130802320F003014FF01C10C0F2FD
:1084100001030022C4E902034FF48070C4E9002183
:10842000C880284650F8323F8B608388CA828B818F
:10843000C1F8122050F82E2CC1F80E2032684EF2EE
:1084400020668A6140F20012C0F208020A6040F21F
:1084500006428A8022894FF6F1718A42C2F20006F2
:108460000BD894F90C10B1F1FF3F06DC616804F100
:108470001007A1F10E03BB424DD27089013070810B
:10848000308B4BF63818013030834BF6D4164BF650
:1084900048174BF6D815C2F20108C2F20106C2F223
:1084A0000107C2F2010502E00169884724B3A17BFC
:1084B00001390A06A1731FD1617B20462468890710
:1084C000F2D4017B11F00F010AD001290BD002294F
:1084D000ECD139892A680139398102602860E5E7E1
:1084E0000FF01AFFE2E7B8F8081032680139A8F86F
:1084F000081002603060D9E7002040B2BDE8F0818A
:108500004EF22060C2F20000818C01318184FF2094
:1085100040B2BDE8F0810E32678922814FF4C1621A
:108520000E3721F8022C4FF0FF32636067819A808A
:108530001A60026841F8082C808821F8040CAA69A6
:108540002846214690479BE72DE9F04F83B04EF235
:10855000943A4BF6381B4BF6D4144BF648164BF6B0
:10856000D8174FF00009C2F2000AC2F2010BC2F2A2
:108570000104C2F20106C2F20107002514E000BFA7
:1085800002984EF2943A4FF00009C2F2000AC0F885
:1085900000900298019D80F81490C0E90199C0E90B
:1085A000039901350A2D7BD005EB45080AEBC8027B
:1085B000104610F814EFBEF1000FF2D0538A0133C9
:1085C0001FFA83FC4FEA9C014A29538205D8BEF169
:1085D000010F51D1BCF1050F4ED35AF83880CDE9C7
:1085E0000152B8F1000FD4D04BF6C815C2F2010504
:1085F0000FE000BF4BF60812C2F201021089296891
:108600000138B8F1000F1081C9F80010C5F80090CA
:10861000B6D0C146D8E9008A02E000BF01698847A8
:10862000BAF1000FE6D09AF80E1001390A068AF85E
:108630000E10DFD19AF80D105046DAF800A0890725
:10864000ECD4017B11F00F010AD001290BD00229D3
:10865000E6D131893A680139318102603860DFE75B
:108660000FF05AFEDCE7BBF8081022680139ABF8BE
:10867000081002602060D3E7BEF1010F08D0BEF100
:10868000040F0AD0BEF1030F04BF0421017088E774
:108690009068111DFFF7AAFE83E70221017080E7B1
:1086A00003B0BDE8F08F00002DE9F04F8DB0478991
:1086B00082460F2F74D3DAF804609AF80F00B48959
:1086C000894620B999F83C0001308AF80F003078CB
:1086D000C10717D0012806D1707898B9B0785E2804
:1086E00010D1102009E043F60C31C0F602013046EB
:1086F0000622F8F7A7F928B908209AF80D100843C0
:108700008AF80D00B4F5C16F00F0C480082C47D181
:1087100099F8390000074DD5B3461BF80E1F4EF2ED
:108720002064C2F2000401F0F003BAF80820402BE4
:10873000B4F84A30A7F10E00A2F10E0203F10103D2
:10874000CAF804B0AAF80A00AAF80820A4F84A3027
:1087500040F02481378A3C2303EA810539BA92B27A
:10876000B2EB114F4FEA114705D95046394612F086
:10877000B3FEBAF80A0080B2A84280F068814BF6D6
:1087800038184BF6D4164BF648174BF6D815C2F2EC
:108790000108C2F20106C2F20107C2F201054FE070
:1087A0004EF22060C2F20000018DC28B01310185C2
:1087B000511CC1834BF638154BF6D4164BF64817AF
:1087C0004BF6D814C2F20105C2F20106C2F201074B
:1087D000C2F2010406E000BF01698847BAF1000F48
:1087E00000F031819AF80E1001390A068AF80E104D
:1087F00040F029819AF80D105046DAF800A0890758
:10880000EAD4017B11F00F010AD001290BD0022913
:10881000E4D1398922680139398102602060DDE7BD
:108820000FF07AFDDAE7298932680139298102607F
:108830003060D3E701698847BAF1000F00F0F98092
:108840009AF80E1001390A068AF80E1040F0F180ED
:108850009AF80D105046DAF800A08907EAD4017B97
:1088600011F00F010AD001290BD00229E4D1398976
:108870002A680139398102602860DDE70FF04CFD7C
:10888000DAE7B8F8081032680139A8F80810026071
:108890003060D1E799F8390000077FF58BAF06F11A
:1088A0000E00CAF80400A7F10E00AAF80A00BAF8F0
:1088B0000800F1890E38B1F5807FAAF8080024D1AC
:1088C000B07C062821D1F07C04281ED1308A0828EB
:1088D0001BD14EF22063C2F200034A46588B52F875
:1088E000321F0130D2F8125058839088D6F81CB04D
:1088F000002D0B910592ADF8300000F04082D6F8C3
:10890000260006F116040990F0E04EF22060C2F253
:108910000000018DC28B01314BF638184BF6D4168E
:108920004BF648174BF6D8150185511CC2F20108C9
:10893000C2F20106C2F20107C2F20105C18304E0DE
:1089400001698847BAF1000F7DD09AF80E100139FD
:108950000A068AF80E1076D19AF80D105046DAF809
:1089600000A08907ECD4017B11F00F010AD0012986
:108970000BD00229E6D139892A6801393981026090
:108980002860DFE70FF0C8FCDCE7B8F808103268B1
:108990000139A8F8081002603060D3E74BF63818A8
:1089A0004BF6D4164BF648174BF6D815C2F2010811
:1089B000C2F20106C2F20107C2F2010505E000BFE2
:1089C00001698847BAF1000F28D09AF80E100139D2
:1089D0000A068AF80E1021D19AF80D105046DAF8DE
:1089E00000A08907ECD4017B11F00F010AD0012906
:1089F0000BD00229E6D139892A6801393981026010
:108A00002860DFE70FF088FCDCE7B8F80810326870
:108A10000139A8F8081002603060D3E7B4F85C00B0
:108A2000B4F84E100130A4F85C00481CA4F84E00C5
:108A300009E0B4F85200B4F84E100130A4F8520026
:108A4000481CA4F84E0000200DB0BDE8F08FBAF825
:108A5000080087423FF693AE132D7FF690AED6F80E
:108A60001E70D6F81A404EF2EC5C07F0F00099F850
:108A700039E0C2F2000CE028CCF81040CCF81470B9
:108A800009957CD15FEA8E6040F1BE8009F12C002F
:108A90000068002800F0B8804168B94214D000682E
:108AA000002800F0B1804168B9420DD0006800286C
:108AB00000F0AA804168B94206D00068002800F0A2
:108AC000A3804168B942E3D187F0807080F0E00074
:108AD000204318BF0120C846A8E0072028724FF4A1
:108AE000167068812D68002D00F0478195F8088088
:108AF000A8F10400032813D3A8F101000228F1D83B
:108B00006868834523D0BBF1000FEBD109998142FE
:108B1000E8D10BA821460622F7F794FFB8B9E1E7A0
:108B20002F4657F8040F8345DCD10BA821460622B7
:108B3000F7F788FF0028D5D0B8F1060F05D12A69CC
:108B4000002028724846022110E0287B80B1687B13
:108B50002A6901306873484602219047687B0A28D9
:108B6000BBD22A6900202872484601219047B9E704
:108B700048463946FEF7A4FB64202873B2E75FEA53
:108B8000CE7010D0D9F8040068B1874208D03846BA
:108B90004946E046754601F0CBFDAE46C44610B1ED
:108BA0000120C84642E0F8B27F282DD04BF6342091
:108BB000C2F20100D0F80080B8F1000F24D0791C77
:108BC00004E0D8F80080B8F1000F1DD0C8451CBFE4
:108BD00098F839305FEAC370F3D0D8F80420002A3F
:108BE000EFD097424FF0010020D002291ED3980702
:108BF000E7D5D8F808007A401042E2D1C24327EA0C
:108C000000009042DDD110E0F07D4FF00008112807
:108C10000BD1099858444188B1F5884018BF01200C
:108C2000B1F5884F08BFC84600E00120002818BFF2
:108C3000002C41D1B8F1000F00F0B980B08A6FF07C
:108C4000C0014EF220640842C2F2000400F07385B5
:108C5000DAF804E0608E9EF80010013001F00F0297
:108C6000052A608640F02A82BEF802003C2200BA43
:108C700002EA8101B1EB104F00F22582BEF8062016
:108C8000000C12BA6FF00703401A03EA5232049044
:108C90000021504605920068002800F061820068BB
:108CA000002800F060820068002800F05F82006801
:108CB00004310028EFD15BE2601C022814D35FEA84
:108CC0008E700DD5D9F80410A14209D0D9F808004A
:108CD0006140084204D1C14324EA0000884203D025
:108CE00004F0F000E028A5D14EF22064BAF1000FA4
:108CF000C2F2000400F0AA804BF638184BF6D416E6
:108D00004BF648174BF6D815C2F20108C2F201061D
:108D1000C2F20107C2F2010505E001698847BAF114
:108D2000000F00F093809AF80E1001390A068AF8B5
:108D30000E1040F08B809AF80D105046DAF800A023
:108D40008907EAD4017B11F00F010AD001290BD069
:108D50000229E4D139892A68013939810260286001
:108D6000DDE70FF0D9FADAE7B8F808103268013910
:108D7000A8F8081002603060D1E7D6F81CB04B4666
:108D800053F8040FCDF828B00028049364D0D6F827
:108D90002610ABEB0002B2FA82F25209814206F1D0
:108DA0001601079209915CD1012100225BE04EF28D
:108DB0002061C2F20001B1F84E00BAF1000F00F1DB
:108DC0000100A1F84E003FF43EAE4BF638184BF6CA
:108DD000D4164BF648174BF6D815C2F20108C2F26A
:108DE0000106C2F20107C2F2010505E001698847E8
:108DF000BAF1000F3FF427AE9AF80E1001390A06B7
:108E00008AF80E107FF41FAE9AF80D105046DAF86B
:108E100000A08907EAD4017B11F00F010AD00129D3
:108E20000BD00229E4D139892A68013939810260DD
:108E30002860DDE70FF070FADAE7B8F8081032685A
:108E40000139A8F8081002603060D1E7B4F84E008C
:108E50000130A4F84E00F6E506F116010991002153
:108E600007910221012206920BF10102022A1CD273
:108E7000B08AB0F5007F00F0DC80B0F5807F40F074
:108E8000D1800798002818BF01200699084340F0B8
:108E9000D08004980599099A0AAF009048460B467D
:108EA00001920297FFF7F0F9C3E099F83920920791
:108EB0000CD558450AD0D9F8082080EA0B000242A8
:108EC00004D1D0432BEA02028242D1D00BF0F00051
:108ED000E028CDD00AA84A46FEF79EFA0028C7D45B
:108EE00081B2490011FA80F04EF29431C2F20001D1
:108EF00001EBC0050222099B2A75C5F808901A6883
:108F000051F83000EA609A88002100282A8269829C
:108F1000AED04FF6EB714BF6D41B4BF648184BF620
:108F2000D8140631C2F2010BC2F20108C2F20104E8
:108F300089B2089102E02868002899D04BF60813FE
:108F4000C2F2010301681A892960511E4BF6C8124A
:108F5000C2F20102476819811168016010607FB197
:108F60003A89089882420BD897F90C00B0F1FF3F7C
:108F700006DC786807F11003A0F10E01994207D2D0
:108F80004EF22061C2F200014889013048811CE0A4
:108F90007B890E320E337B813A810822099B7960EE
:108FA00020F8022C9A888A801A680A60059A9188AB
:108FB00020F8041C116840F8081CD9F8182048460D
:108FC0003946904701E001698847002FB3D0B97B4B
:108FD00001390A06B973AED1797B38463F688907F3
:108FE000F1D4017B11F00F010CD001290DD0022921
:108FF000EBD1B8F8081022680139A8F8081002600F
:109000002060E2E70FF088F9DFE74BF63813C2F291
:1090100001031989DBF80020013919810260CBF8BE
:109020000000D2E74EF22061C2F20001888D0130CB
:109030008885BAF1000F3FF406AD4BF638184BF6B1
:10904000D4164BF648174BF6D815C2F20108C2F2F7
:109050000106C2F20107C2F2010505E00169884775
:10906000BAF1000F3FF4EFAC9AF80E1001390A067E
:109070008AF80E107FF4E7AC9AF80D105046DAF833
:1090800000A08907EAD4017B11F00F010AD0012961
:109090000BD00229E4D139892A680139398102606B
:1090A0002860DDE70FF038F9DAE7B8F80810326821
:1090B0000139A8F8081002603060D1E7B4F8440024
:1090C0000130A4F844004EF22061C2F20001C88EC3
:1090D000BAF1000F00F10100C8863FF4B4AC4BF6C2
:1090E00038184BF6D4164BF648174BF6D815C2F283
:1090F0000108C2F20106C2F20107C2F2010505E051
:1091000001698847BAF1000F3FF49DAC9AF80E1040
:1091100001390A068AF80E107FF495AC9AF80D1002
:109120005046DAF800A08907EAD4017B11F00F015C
:109130000AD001290BD00229E4D139892A680139E2
:10914000398102602860DDE70FF0E6F8DAE7B8F869
:10915000081032680139A8F8081002603060D1E7C1
:1091600041F0010104E041F0020101E041F003019E
:109170004EF20660C2F200000088039110FA81F0FE
:109180000A2888B2CDE906E043F6E020C2F20200E8
:1091900043D9D0F800C00021BCF1000F40D0DEF868
:1091A0000C3008914FF0000B00210026002067468C
:1091B0000CE00BF1010BB8B1FD7FC47FA5429CBF51
:1091C000384631463A683E46174682B17D699D422F
:1091D000EFD1BD69DEF81040A542EAD1BD89BEF8E5
:1091E0000440A542E5D1EDE738463146EAE750B103
:1091F00001F0A2FE43F6E021C2F20201D1F800C064
:109200000899014400E00899079881420BDADDF8DB
:1092100018E0BBF1010FBFDC07E0D0F800C011E09F
:109220004FF0000C01E0DDF818E0002900F0638148
:109230004EF20660C2F200000088079908440B282D
:1092400080F05981BCF1000F2ED0DEF80C00E3460F
:1092500004E0DBF800B0BBF1000F25D0DBF8141000
:109260008142F6D1DBF81810DEF810209142F0D1DF
:10927000BBF80C10BEF804209142EAD14EF22063F4
:10928000C2F20003B3F846006FF0E001421CBEF8E2
:109290000600A3F8462008423FD1BBF80E20DDF8B7
:1092A00018E00A4231D138E04BF6E013C2F2010374
:1092B000D3F800B0BBF1000F00F080804BF66811CE
:1092C000C2F20101DBF800000A891860501C4A89CB
:1092D00083B29342088104D94BF66811C2F20101AE
:1092E00048810020CBF81C00CBE90500CBE9030046
:1092F000CBE901000F208BF81F0043F6E020C2F2FB
:109300000200CBF800C0C0F800B00BF108007146B5
:1093100014227446F9F724F8E08810F020040BD1E9
:109320000498059980B210FA81F188B2884224D15C
:109330004FF6EB71884220D8DAF804103C234888B5
:109340000A7800BA03EA8202B2EB104F15D8CB8834
:10935000000C821A18BA4FF6F87303EA503313FA66
:1093600082F26FF0070795B207EA50300027954266
:109370000F608880CA8000F09080DBF8040000282D
:109380007FF4A1AE43F6E020C2F202000168DBF8F0
:10939000002059454BF66811C2F2010118BF0020A8
:1093A0000B8902604BF6E012C2F20102581E1368EC
:1093B0000881CBF80030C2F800B084E64BF66811A3
:1093C000C2F201018888013088800021BCF1000FC1
:1093D00043D0DEF80C3008914FF0000B002100253F
:1093E000002067460CE00BF1010BB8B1FE7FC47F93
:1093F000A6429CBF384629463A683D46174682B188
:109400007E699E42EFD1BE69DEF81040A642EAD1E5
:10941000BE89BEF80440A642E5D1EDE738462946AC
:10942000EAE760B101F088FD43F6E021C2F20201F3
:10943000D1F800C008994BF6E013014402E04BF666
:10944000E0130899C2F201030798814207DADDF8B8
:1094500018E0BBF1010FB9DC01E04FF0000C0798F8
:10946000814248DBD3F800B0BBF1000F3CD04BF693
:109470006813C2F20103DBF8000019894BF6E01211
:10948000C2F201021060481C598982B2DDF818E06E
:109490008A4218813FF620AF23E7DBF8043001222F
:1094A00082EA5412089307926BB3089F012286B296
:1094B0004FF0000C02E007688446DFB37868B0F82C
:1094C00004E0764525D33FF458AFC3889E42FFF4AD
:1094D00054AFBCF1000FEED0BCF8067077454FF0EA
:1094E000000718BF3A46E6E74BF66811C2F20101E1
:1094F0008888013088804EF22061C2F20001888F96
:1095000001308887DFE5079ACBF804A072BB0122FF
:109510001DE0BCF1000F0F6000F08881BCF8060070
:109520008642FFF42AAF75453FF627AFCCF800A07E
:10953000B04202E0C0F800A0B34218BF0022079872
:1095400018B15AB9DDF820A035E0DDF820A09BF86D
:109550001E000026C00718BF002A2DD0DBF804A08B
:10956000BAF1000F25D0DAF8040080880026000444
:1095700022D112E04968C0888A8890421BD10868CD
:10958000A8B14068C9888288914214D1016871B13C
:109590004968C0888A8890420ED1086838B140680E
:1095A000C9888288914206D101680029E2D101264A
:1095B00002E04FF0000A00264EF20661C2F20001FE
:1095C0000888039A1044088054B9DDE9041008445F
:1095D0009BF81E10ABF81C0041F001008BF81E0038
:1095E000002E3FF430AABBF81C00DAF8046000F14A
:1095F000140435680BF1080130461422F8F7B0FE68
:1096000020BA000CDBF804A070800020002DF08050
:1096100070814DD043F6D176C0F6020608E00846C8
:1096200001892A890560114401813D68002D3FD0E0
:1096300068896F68132806D844F60030C0F6020027
:10964000F6F760FF08E007F1140169602989143812
:109650006881A1F114002881BAF1000F18BF002D14
:1096600003D13046F6F74EFFDFE7DAF80010504638
:109670000029D5D002892B891A4402810868002864
:10968000CDD00B892C8902682344002A0B81C7D0D6
:1096900001892B8919440181106838B113892C89FB
:1096A0000168234400291381E4D1B9E71046B7E7E4
:1096B00043F6E020C2F2020001688B450FD00A6831
:1096C00008465A450BD011681046594507D00A681C
:1096D00008465A4503D0116810465945EFD1DBF8CA
:1096E00000104BF66812C2F20102138901604BF6BA
:1096F000E011C2F20101581E0B6810815046CBF8F0
:109700000030C1F800B011F041FD4EF20662C2F225
:1097100000021188BAF1000FA1EB000010803FF4A5
:1097200092A9DAF804B04EF220644EF2EC5CC2F278
:109730000004C2F2000C9BF800003C2101EA80000A
:10974000BAF1000F8CE8000BACF80C001CD00998A3
:10975000D0B1BAF80A00099A904208D244F6003013
:10976000C0F602006646F6F7CDFEB4460CE0DAF825
:109770000410801A1144CAF80410BAF80810AAF8A4
:109780000A00881AAAF808009BF809000138102876
:1097900016D8DFE800F0090F151515381515151541
:1097A0001515151515153D0050464946664600F03D
:1097B00045F832E050464946664600F0A1FA2CE0F2
:1097C000DCF8145041462846664600F0B1FF60B907
:1097D00005F0F000E02808D00999504611F042FE4B
:1097E00050460321022200F0A9F9B4F85800B4F859
:1097F0004E100130A4F85800481CA4F84E00504602
:1098000011F0EEFD09E05046664613F011FD04E04C
:1098100050464946664617F071FC0020C6E9040030
:10982000C6E90000B060B081FFF70DB975453FF69D
:10983000A4ADCBF804A0CDF820A080E62DE9F04738
:1098400086B04EF2EC59C2F20009D9F808604EF227
:10985000206A8846C2F2000A31780446BAF86200EB
:109860003C2202EA81070130142FAAF8620002D3D9
:109870006089042842D2CCB34BF638184BF6D41684
:109880004BF648174BF6D815C2F20108C2F2010692
:10989000C2F20107C2F2010503E000BF0169884777
:1098A00024B3A17B01390A06A1731FD1617B204635
:1098B00024688907F2D4017B11F00F010AD0012935
:1098C0000BD00229ECD139892A680139398102602B
:1098D0002860E5E70EF020FDE2E7B8F808103268EE
:1098E0000139A8F8081002603060D9E7BAF86A00B8
:1098F0000130AAF86A0006B0BDE8F0876068007819
:10990000002850D0082844D1D9F8140000F0F00104
:10991000E02903D0411C022980F088804BF63818DA
:109920004BF6D4164BF648174BF6D815C2F2010881
:10993000C2F20106C2F20107C2F2010504E000BF53
:1099400001698847002C69D0A17B01390A06A173FF
:1099500064D1617B204624688907F1D4017B11F032
:109960000F010AD001290BD00229EBD139892A68CD
:109970000139398102602860E4E70EF0CDFCE1E7AF
:10998000B8F8081032680139A8F808100260306091
:10999000D8E7BAF87000BAF866100130AAF870007B
:1099A000481CAAF8660025464BF638184BF6D41624
:1099B0004BF648174BF6D814C2F20108C2F2010662
:1099C000C2F20107C2F2010403E000BF0169884747
:1099D0004DB3A97B01390A06A97324D1697B2846B6
:1099E0002D688907F2D4017B11F00F010AD00129FB
:1099F0000BD00229ECD13989226801393981026002
:109A00002060E5E70EF088FCE2E7B8F8081032685D
:109A10000139A8F8081002603060D9E7BAF874007C
:109A20000130AAF8740006B0BDE8F087D9F800103C
:109A300091F8392092070BD54A68824208D089688C
:109A40004240114204D1CA43884390423FF466AF7A
:109A500020890828FFF40FAF204600F027FC50B102
:109A6000204611F0BDFCBAF868000130AAF8680081
:109A700006B0BDE8F08707F10E052046294611F033
:109A800071FA40B32089384481B281427FF446AFF5
:109A90000E204FF4207211F089FA00283FF43EAFF7
:109AA0000546408907F10801814210D868683146AF
:109AB0003A46F8F755FC2846394611F015FE30B9FC
:109AC000228928462146002311F0EEFB90B3284658
:109AD00011F086FC22E72046294611F005FE0028F9
:109AE0007FF41CAF25466C682846394611F03AFAD7
:109AF00000287FF459AF59F8140F696859F8042CFD
:109B0000C860FF200872BAF8600000270130AAF888
:109B1000600001200A61277067804F81CDE90070E5
:109B2000284649460022FF23CDE90287049700F02A
:109B300019FE39E7204611F053FCD4E72DE9F04730
:109B400086B0068905461C2E28BF1C2606F10B0090
:109B5000904600F03C0202F1250000F07C009042AB
:109B6000C0F0B6801030824200F2B2800F460EF094
:109B700055FC002800F0AC80044606F1080004F112
:109B8000350120816081802021F003090021C0F28D
:109B90000100C4E90019E060D5F804A0C9F8041078
:109BA000204629463246082389F8007089F801804A
:109BB00011F07AFB4BF63420C2F201000068DAF8AB
:109BC0000C10059108BB4BF63020C2F20100006872
:109BD00070B14EF28852C2F2000292F8393003F0AE
:109BE0000503052B04D1526812B1C9B27F291ED1D9
:109BF0004EF22060C2F20000B0F856100131A0F819
:109C000056102CE000680028DDD090F8392002F0D2
:109C10000503052BF6D14368002BF3D087684B4032
:109C20001F4204D09207EDD4C2689142EAD14EF2AD
:109C30002061C2F20001B1F8602000270132A1F8D2
:109C400060200122A9F80270011DCDE90072CDE962
:109C5000020705AA2046FF23049700F083FD4BF678
:109C600038184BF6D4164BF648174BF6D815C2F2F7
:109C70000108C2F20106C2F20107C2F2010502E0C8
:109C80000169884724B3A17B01390A06A1731FD15A
:109C9000617B204624688907F2D4017B11F00F0113
:109CA0000AD001290BD00229ECD139892A6801395F
:109CB000398102602860E5E70EF02EFBE2E7B8F894
:109CC000081032680139A8F8081002603060D9E73E
:109CD00006B0BDE8F0870000427A022A07D0012AC8
:109CE0000CD14289013A92B28A4238BF70470122B0
:109CF0000123012988BF4B0843814272704700004D
:109D00002DE9F04381B04EF220690446C2F2000909
:109D1000B9F87A0067890130072FA9F87A0039D895
:109D20004BF638184BF6D4164BF648174BF6D815A9
:109D3000C2F20108C2F20106C2F20107C2F2010535
:109D400003E000BF016988476CB3A17B01390A06B3
:109D5000A17328D1617B204624688907F2D4017B56
:109D600011F00F010AD001290BD00229ECD1398959
:109D70002A680139398102602860E5E70EF0CCFAE3
:109D8000E2E7B8F8081032680139A8F80810026054
:109D90003060D9E7D4F804C01CF0010E0BD14FF0AD
:109DA000000862460DE0B9F880000130A9F8800093
:109DB00001B0BDE8F083624612F8010B013F4FEAA3
:109DC0000028B81F0025174637F8026B831D35445D
:109DD000042B00F1040615D35388042E1D4400F112
:109DE000020611D39388042E1D4410D3D38802F1A8
:109DF0000807A0F108061D44032830463A46E3D878
:109E0000B01D05E0304603E0171D304600E0971D09
:109E100001280CBF3878002040EA08002844020CD2
:109E200012FA80F0020C12FA80F002BABEF1000FB2
:109E300018BF100C80B24FF6FF72904257D14EF20D
:109E4000EC50C2F200002C3143690846006800283B
:109E500000F0908042689A4213D00068002800F019
:109E6000898042689A420CD00068002800F0828005
:109E700042689A4205D0006800287BD042689A4226
:109E8000E4D19CF80020162A00F0B680112A40F098
:109E9000CA804EF29032C2F200021768DCF8042049
:109EA000BB4240F0B580002A00F0FF800846006801
:109EB000002800F003814168914200F0AA80006808
:109EC000002800F0FB804168914200F0A280006809
:109ED000002800F0F3804168914200F09A80006809
:109EE000002800F0EB8041689142E0D191E0CCB3D2
:109EF0004BF638184BF6D4164BF648154BF6D817D8
:109F0000C2F20108C2F20106C2F20105C2F2010763
:109F100003E000BF0169884724B3A17B01390A0629
:109F2000A1731FD1617B204624688907F2D4017B8D
:109F300011F00F010AD001290BD00229ECD1298997
:109F40003A680139298102603860E5E70EF0E4F9EA
:109F5000E2E7B8F8081032680139A8F80810026082
:109F60003060D9E7B9F87E000130A9F87E0001B071
:109F7000BDE8F083C4B34BF638184BF6D4164BF655
:109F800048154BF6D817C2F20108C2F20106C2F218
:109F90000105C2F2010702E00169884724B3A17BF1
:109FA00001390A06A1731FD1617B20462468890705
:109FB000F2D4017B11F00F010AD001290BD0022944
:109FC000ECD129893A680139298102603860E5E7D6
:109FD0000EF0A2F9E2E7B8F8081032680139A8F8E3
:109FE000081002603060D9E7B9F87C000130A9F8A8
:109FF0007C0001B0BDE8F083B9F88C10427A0131E1
:10A00000012AA9F88C1004BF4FF4007181600FE0A1
:10A010004AB1B9F888104A1C9CF80110A9F88820A8
:10A02000FFF75AFE04E0B9F884000130A9F8840073
:10A03000C4B34BF638184BF6D4164BF648174BF60C
:10A04000D815C2F20108C2F20106C2F20107C2F23B
:10A05000010502E00169884724B3A17B01390A06A2
:10A06000A1731FD1617B204624688907F2D4017B4C
:10A0700011F00F010AD001290BD00229ECD1398946
:10A080002A680139398102602860E5E70EF044F959
:10A09000E2E7B8F8081032680139A8F80810026041
:10A0A0003060D9E701B0BDE8F0839CF8010058B1F9
:10A0B000B9F88A200132A9F88A200DE0B9F87C00AD
:10A0C0000130A9F87C00B3E7B9F886000130A9F89F
:10A0D00086000A208CF8010009680029A8D00968C8
:10A0E0000029A5D001220123012888BF430804E0EC
:10A0F0004B814A72096800299AD04F7A022FF7D013
:10A10000012FF7D14F89013FBFB28742F0D2F1E76B
:10A110002DE9F04188B0804650200D460EF07EF9C2
:10A1200000287BD0802304464FF00812C0F20103C0
:10A13000C4E902234930424655F8047F20F0030168
:10A1400052F8043F01204FF0000C28711620C4E99A
:10A1500000C1069308804F600888CE8810FA87F007
:10A160003044070C17FA80F000EB1040C0434880E1
:10A170004EF22061C2F20001B1F8787040F29440D2
:10A180000790781CA1F8780006A9002B08BF11469B
:10A1900007A802220427CDE900C2CDE902802046AB
:10A1A0002A460123049700F0DDFA4BF638184BF6E7
:10A1B000D4164BF648174BF6D815C2F20108C2F276
:10A1C0000106C2F20107C2F2010502E001698847F7
:10A1D0006CB3A17B01390A06A17328D1617B2046AB
:10A1E00024688907F2D4017B11F00F010AD00129FC
:10A1F0000BD00229ECD139892A68013939810260F2
:10A200002860E5E70EF088F8E2E7B8F80810326851
:10A210000139A8F8081002603060D9E74EF22060DA
:10A22000C2F20000B0F882100131A0F8821008B02C
:10A23000BDE8F0812DE9F0414BF63420C2F2010077
:10A24000046884B34EF290364EF22067C2F20006E4
:10A250004FF00208C2F2000705E000BF2468002C9E
:10A2600008BFBDE8F081E56A01E000BF2D68002D60
:10A27000F4D068890028F9D0013801046881F5D14B
:10A28000687A0128F2D1686831688842EED0B7F860
:10A29000920029460130A7F89200204685F80980EF
:10A2A000FFF736FFE2E7BDE8F0810000002874D038
:10A2B0002DE9F0434FF00009002124E00026012B96
:10A2C0000CBF2378002343EA0E023244130C13FA26
:10A2D00082F2130C13FA82F213BABCF1000F18BF0A
:10A2E0001A0C11FA82F10A0C12FA81F118F001022B
:10A2F0000BBA18BF190C0068B9FA89F218BF4FEAF7
:10A300005219002841D0B0F80A8044681FFA88F337
:10A3100004F0010C002B4FF0000E18BFBCF1000F31
:10A3200002D1022BCAD306E014F8017B013B4FEAAD
:10A33000072E022BC2D3023B002600BF254635F86C
:10A34000022B9F1C042F164417D36288042B16443B
:10A35000A3F1020713D3A288042F164412D3E28874
:10A3600004F108071644A3F108051A1F032A2B4617
:10A370003C46E3D8AB1C3C46A1E72C469FE704349F
:10A380003B469CE70634043B99E7B9F1000FBDE872
:10A39000F0431CBF08BA010C00E00021C84380B2A2
:10A3A00070470000F0B581B043F61423044602EB79
:10A3B0004200C0F6020303EB0010002323700323C6
:10A3C000A370C36844F64036C0F24C0641F6180547
:10A3D00040F61847B342C4F20205C4F202076170A6
:10A3E000B8BF1E460129666025D0002947D143F633
:10A3F0003001C4F202010B68012643F008030B6030
:10A4000057F8181C57F80C3C66F3092166F309232A
:10A4100047F8181C47F80C3C57F8141C21F01001A1
:10A4200047F8141C57F8101C21F4407147F8101C11
:10A430001021396023E043F63001C4F202010B68B9
:10A44000012643F040030B6055F8181C55F80C3CEE
:10A4500066F3155166F3155345F8181C45F80C3C86
:10A4600055F8141C21F4806145F8141C55F8101C93
:10A4700021F4401145F8101C4FF480612960D0E9A7
:10A480000013013AB2FA82F2C4E908134B435209AD
:10A49000E3612274D0E90923C4E90A11C4E9052360
:10A4A00090F82C20007A616884F83200002084F84B
:10A4B00033004FF0FF3084F83120A06000200322E9
:10A4C00011F044FE6078032813D8DFE800F002059D
:10A4D000090C102139610CE04FF48061296108E01A
:10A4E0004021296105E04FF61041CFF6FF7140226F
:10A4F0006A50217811B3012942D145F20801C4F212
:10A5000001010A68920709D40A6892075CBF0A68C9
:10A510005FEA827202D40A689207F2D506224A6084
:10A520000A6812062AD50A68120644BF0A685FEA5A
:10A53000026223D50A681206F2D41FE041F20041FC
:10A54000C4F201010A68120609D40A6812065CBF47
:10A550000A685FEA026202D40A681206F2D506228D
:10A560004A600A68920609D40A6892065CBF0A68C3
:10A570005FEA826202D40A689206F2D50431096861
:10A58000032813D8DFE800F00205090C102038601A
:10A590000CE04FF48060286008E04020286005E06F
:10A5A0004FF60040CFF6FF7040212950F8F7F2FF38
:10A5B0006078032813D8DFE800F00205090C1021A9
:10A5C00039610CE04FF48061296108E04021296184
:10A5D00005E04FF61041CFF6FF7140226A50217816
:10A5E00019B3012940F0898045F20802C4F2010242
:10A5F00013689B0709D413689B075CBF13685FEA65
:10A60000837302D413689B07F2D501235360136848
:10A610001B062AD513681B0644BF13685FEA036351
:10A6200023D513681B06F2D41FE041F20042C4F2A6
:10A63000010213681B0609D413681B065CBF13686C
:10A640005FEA036302D413681B06F2D5012353604B
:10A6500013689B0609D413689B065CBF13685FEA06
:10A66000836302D413689B06F2D50432126811B3D7
:10A67000012942D145F20801C4F201010A6892079A
:10A6800009D40A6892075CBF0A685FEA827202D442
:10A690000A689207F2D580224A600A6812062AD513
:10A6A0000A68120644BF0A685FEA026223D50A6894
:10A6B0001206F2D41FE041F20041C4F201010A681F
:10A6C000120609D40A6812065CBF0A685FEA0262D1
:10A6D00002D40A681206F2D580224A600A689206FD
:10A6E00009D40A6892065CBF0A685FEA826202D4F3
:10A6F0000A689206F2D504310968032813D8DFE806
:10A7000000F00205090C102038600CE04FF4806066
:10A71000286008E04020286005E04FF60040CFF6B2
:10A72000FF704021295001B0BDE8F040F8F732BF7A
:10A73000421C022A3CBF0120704791F83920920741
:10A7400002D54A68824201D10020704789684240A0
:10A75000114205D1CA438843904204BF012070478B
:10A76000002070472DE9F04F8DB004460AB31A9DC2
:10A770001F4691460E4655B384B122894FF6FB70B1
:10A7800082420BD894F90C00B0F1FF3F06DC606800
:10A7900004F110010438884280F082804EF220607B
:10A7A000C2F20000B0F85C100131A0F85C10FE208D
:10A7B00070E06089132829D84EF22060C2F20000B0
:10A7C000B0F85C100131A0F85C10FE2062E094B19A
:10A7D000452022894FF6EB718A420CD894F90C106F
:10A7E000B1F1FF3F07DC616804F11005A1F114032A
:10A7F000AB4280F082814EF22060C2F20000B0F8DD
:10A800005C100131A0F85C10FE2043E060680DF19F
:10A81000300900690C9018984EF22062C2F20002D2
:10A82000B2F84810038E0131A2F8481073B32189A1
:10A8300099422BD967683A7802F00F02052A2DD188
:10A840006289132A40F28C81A1F11400010409905D
:10A8500000F0D081A3F11400F98800EB5070C21011
:10A8600008BA4FF4005101EA1041C0F30C400890BF
:10A87000D0004BF6CC15059780B21427C2F2010523
:10A880004FF000080291039204902BE043692146A7
:10A890004A46984740B20DB0BDE8F08FFA20F9E77C
:10A8A000638919990432043322812A4660606381E6
:10A8B000F7F756FD032D00F258816068C5F10401D9
:10A8C0002844F7F788F8462083E709980799089AFB
:10A8D000401A039957460A44CDE9082000044FF076
:10A8E0000000D7D034200DF099FD002800F08681BB
:10A8F00083460998002186B20BF1210020F0030065
:10A90000CBE900104FF01411CBF808108021C0F2F1
:10A910000101CBF80C1004990696B14238BF0E46DF
:10A9200005991422F7F71CFD3346DBF80460002B71
:10A93000079300F080804BF61810C2F20100B0F8C7
:10A9400008E0408901960B900CE03746028939896E
:10A95000A3EB08031144398119045546386068D0C7
:10A96000246800276089C01B1FFA80F898B2404510
:10A9700038BF8046B8F1000FF2D02868002800F0F8
:10A98000F68002680B990EF1010E2A601FFA8EF212
:10A990008EB24BF61811AA46B242C2F20101A1F8DA
:10A9A00008E007D94BF61811C2F20101A1F80AE03C
:10A9B000CDF82CE06268BEB232440021C0E900123A
:10A9C00040F24121C0F20101C160A27BDBF80060CE
:10A9D00001324BF245110A97A273C0F60001002E16
:10A9E00042465F46A0F80880A0F80A8044610161F1
:10A9F000ADD05F463A89B0F808C062443A81376802
:10AA0000002FA2D0358901893A682944002A318172
:10AA10009CD0398906893144398117683FB1118941
:10AA200005893E682944002E1181E3D18EE717463F
:10AA30008CE70A9F019E189808EB070A018E029F77
:10AA4000A1F114030899002F6FF35F3101F5005253
:10AA500018BF1146069FBB42B8BF114649BAF180E4
:10AA600007994369143109BA090C71800021718179
:10AA700059464A4698474EF22061C2F20001088EBC
:10AA80000130088605E001698847BBF1000F3FF4FB
:10AA90001CAF9BF80E1001390A068BF80E107FF4DC
:10AAA00014AF9BF80D105846DBF800B08907EAD4C4
:10AAB000017B11F00F010ED001290FD00229E4D142
:10AAC0004BF64813C2F2010319894BF6D817013926
:10AAD000C2F201070CE00DF01FFCD6E74BF638136D
:10AAE000C2F2010319894BF6D4170139C2F20107EA
:10AAF0003A68198102603860C7E76360638914327D
:10AB000001F8140C10BA1433000C63812281D9F8B7
:10AB1000003021F8120C00204EF2046221F80E0CD5
:10AB2000C2F2000241F8043C138801F80C7C1FBA01
:10AB30003F0CDDE916C521F8107C43F61437C0F64A
:10AB4000020701F80B5C01F813CC002E18BF374642
:10AB50003F680133138041F8087C21F80A0C5AE65B
:10AB600027A0F5F7CFFCFA2094E6462031E64BF615
:10AB70001811C2F2010188880130888007E001695C
:10AB80008847BBF1000F4FF0FF003FF483AE9BF806
:10AB90000E1001390A068BF80E102DD19BF80D10FE
:10ABA0005846DBF800B08907E9D4017B11F00F01AA
:10ABB0000ED001290FD00229E3D14BF64813C2F27F
:10ABC000010319894BF6D8170139C2F201070CE0CD
:10ABD0000DF0A2FBD5E74BF63813C2F20103198939
:10ABE0004BF6D4170139C2F201073A6819810260A5
:10ABF0003860C6E700204DE6FF204BE6FF2049E61F
:10AC00006970345F6672616728293A2070627566E0
:10AC100020746F6F2073686F727400004BF63421DC
:10AC2000C2F201010968A9B191F8392002F00503C7
:10AC3000052BF7D14B68002BF4D0D1F808C0434066
:10AC40001CEA030F04D09207ECD4CA688242E9D10F
:10AC5000084670474BF63021C2F20101096871B114
:10AC60004EF28852C2F2000292F8393003F0050326
:10AC7000052B04D1526812B1C0B27F28E8D14EF240
:10AC80002060C2F20000B0F856100131A0F8561052
:10AC900000210846704700002DE9F04381B0C7B29B
:10ACA000CD238C4607FB03F1C90A01EB8106A0EB1B
:10ACB0004606020A0A2F46F0300606D28DF80160D9
:10ACC00001270026644601232DE04B43DB0A43EABB
:10ACD0008303A1EB430129237B431B0B41F0300885
:10ACE0000021632F03F130094FF0020588BF0121D5
:10ACF000642F38BF01258DF801608DF802808DF832
:10AD000003900DF101064FF00303745D38BF022379
:10AD1000715C8CF800400CF10204642F8CF8011077
:10AD200008D3AE1E0327F1B20DF10106715C21704C
:10AD30000CEB07042E212170D7B2CD2107FB01F6C1
:10AD4000F60A06EB8605A2EB45020A2F42F0300513
:10AD500001D2002211E07143C90A41EA8101A6EB48
:10AD60004101642F41F0300801D2012205E0292180
:10AD70007943090B01F1300902228DF801508DF859
:10AD800002808DF803900DF1010E1EF80210060CE2
:10AD90000A2F617002D29A1CA31C18E0511EC9B27E
:10ADA0001EF80110A1700DD0911EC9B21EF801103D
:10ADB000E1700AD002EB0E0191F8FD105A1D631DDF
:10ADC000217104E0DA1CE31C01E01A1D231D2E2171
:10ADD0001970F7B2CD2107FB01F4E40A04EB8405F6
:10ADE000A6EB45050A2F45F0300501D2002611E0FB
:10ADF0006143C90A41EA8101A4EB4101642F41F09A
:10AE0000300801D2012605E029217943090B01F11F
:10AE1000300902268DF801508DF802808DF80390DC
:10AE2000040E1EF806000A2F587002D2911C981CBE
:10AE300018E0701EC0B21EF8000098700DD0B01E51
:10AE4000C0B21EF80000D8700AD006EB0E00511DEB
:10AE500090F8FD20581D1A7104E0D11CD81C01E0A7
:10AE6000111D181DCD2604FB06F3DD0A2E2205EB6D
:10AE7000850302709DF80320A4EB43030A2C43F0E2
:10AE8000300308D2811C8DF801308DF802808DF8D6
:10AE90000320437049E06E43F60A46EA8606A5EBB6
:10AEA0004605292645F030056643642C4FF0020420
:10AEB0004FEA163628BF06F1300238BF01248DF85C
:10AEC00002508DF803201EF804208DF801304270E6
:10AED000621ED2B21EF8023001F10302837004D068
:10AEE000102A06D14FF0000C21E0C11C0F2A10D807
:10AEF0001BE0A21ED2B21EF8023001F10402C370A0
:10AF000004D0102A08D14FF0000C10E0011D0F2AC8
:10AF10000BD94FF0000C0AE004F1FD031EF80330DA
:10AF20004A1D411D03710F2AF3D8002008706046A6
:10AF300001B0BDE8F08300002DE9F04F83B0D0F8F8
:10AF400004900646D9F804004BF6381A82884BF66E
:10AF5000D41B4BF648144BF6D817C2F2010AC2F2C2
:10AF6000010BC2F20104C2F20107019102960AB17B
:10AF700000257FE001681422716006F10801F7F7EF
:10AF8000EFF948460B210122FEF7D8FD002548467F
:10AF9000006840B1006848B1006850B100680435ED
:10AFA0000028F5D10AE045F0010507E045F002056B
:10AFB00004E045F0030501E001698847B9F1000F9D
:10AFC0002AD099F80E1001390A0689F80E1023D1FB
:10AFD00099F80D104846D9F800908907ECD4017B08
:10AFE00011F00F010AD001290BD00229E6D12189E5
:10AFF0003A680139218102603860DFE70DF08CF991
:10B00000DCE7BAF80810DBF800200139AAF80810CC
:10B010000260CBF80000D1E7D6F80490B9F1000F38
:10B0200028D143F6E020C2F202000168029F019B92
:10B030003A68B94208BF03464BF66810C2F20100F5
:10B0400001891A604BF6E0120139C2F2010213685D
:10B0500001814EF20661C2F200013B6017600A886E
:10B06000A8B2521B0A8003B0BDE8F08FB9F1000FFF
:10B070004544D6D0D9F804004E46D0F800904FF0A1
:10B0800000083046006848B1006858B1006868B1EF
:10B09000006808F104080028F4D10DE048F0010828
:10B0A0000AE000BF48F0020806E000BF48F00308CD
:10B0B00002E000BF01698847002ED7D0B17B01397B
:10B0C0000A06B173D2D1717B304636688907F1D454
:10B0D000017B11F00F010AD001290BD00229EBD11D
:10B0E00021893A680139218102603860E4E70DF076
:10B0F00013F9E1E7BAF80810DBF800200139AAF8E3
:10B1000008100260CBF80000D6E70000B0B543F6A7
:10B11000E020C2F202000068002808BFB0BD002491
:10B1200006E000BF05682146FFF706FF28463DB14F
:10B13000C17F0029F6D001390568C1770446F5E7DB
:10B14000B0BD00002DE9F04381B046690446E6B386
:10B150004BF638184BF6D4194BF648174BF6D81562
:10B16000C2F20108C2F20109C2F20107C2F20105EE
:10B1700003E000BF0169884736B3B17B01390A0695
:10B18000B17321D1717B304636688907F2D4017BD7
:10B1900011F00F010AD001290BD00229ECD1398915
:10B1A0002A680139398102602860E5E70DF0B4F8BA
:10B1B000E2E7B8F80810D9F800200139A8F808101B
:10B1C0000260C9F80000D7E76CB14BF61810C2F264
:10B1D00001004BF6CC120189C2F201021368013959
:10B1E00001812360146001B0BDE8F0832DE9F041D6
:10B1F00082B04BF209360D4604464FF00008C0F607
:10B200000006D4E91631994210D2606ECA08825CF9
:10B2100001F00707FA40D2072ED0226E0131013A21
:10B220008B42E1652266F1D1194600E0226E606D25
:10B23000E36E0844B0FBF3F101FB1303E2B3A06E2D
:10B240006365C16A606EC4F85C80B2EBC10F88BFF1
:10B25000CA00A265F6F7BFFB20463146224601230D
:10B2600004F024FF0028CCD0E26E0021C4E91611BE
:10B27000226602B0BDE8F081626DE36E1144B1FB5D
:10B28000F3F202FB13112960226ED4E91613013A7E
:10B29000013300BF8B42E365226609D2DF08C75D38
:10B2A00003F00706F740013AFF0703F10103F1D16C
:10B2B000002002B0BDE8F08145F6A87744F2706145
:10B2C000C0F6020706A0C0F602014FF430720097E4
:10B2D000F5F718F96FF01B0002B0BDE8F08100BF70
:10B2E00025733A25643A6572726F723A204E6F2068
:10B2F0006D6F72652066726565207370616365208D
:10B300003078257825730A00426DC36E891A194476
:10B31000B1FBF3F2D0F858C002FB131161450AD219
:10B32000406E01F00702C9084FF0010C435C0CFAB3
:10B3300002F21A4342540020704700002DE9F04FFA
:10B3400089B00C460968069211F1030F56D80546DC
:10B35000C06E81425BD2A86E98468769D4E901230A
:10B3600086683B44A3F10109B9FBF7FAE3680AFBDD
:10B3700007FBCDF800B0B047012853DA10B109B08F
:10B38000BDE8F08FB8F1000F2FD00AFB17904FF0F7
:10B39000FF3181450698016027D0D4E90096E06826
:10B3A0004FF0000A0DF11C08059000BFABEB0A033B
:10B3B0001F46082B28BF08270AEB0600069ACDE98E
:10B3C000009028460021CDF80880039700F0C2F8CD
:10B3D0000028D4D105983A4600EB0A014046F5F71B
:10B3E00031FB78B9BA44DA45E0D3A86EFF22816A0E
:10B3F000E068F7F78BF84FF0FF302060002009B0CD
:10B40000BDE8F08F6FF0530009B0BDE8F08F44F64F
:10B410003C5044F27061C0F60200C0F60201B42252
:10B42000F5F7B2FA44F2561044F27061C0F6020029
:10B43000C0F60201B822F5F7A7FA00002DE9F04F97
:10B4400083B00C9D0E46A91C0746CDE9012302D00E
:10B45000F86EA84272D9B86EDDF83C80DDF8349001
:10B46000C06908EB090181425DD8B8F1000F4FF0C7
:10B47000000448D0DDF838A004E000BFB8EB0B08AA
:10B48000DA443FD03068A84208D100BF716849450E
:10B4900004D8BA6E926A531899450DD3013036D14B
:10B4A000B86E35608069B9FBF0F14843C6E9010424
:10B4B0002846A842EAD0F1E7A1EB090000EB020B15
:10B4C000D84538BFC346F068A9EB0101084451468E
:10B4D0005A46F6F745FFD6E90101BA6ED944A9EB01
:10B4E0000000926A814288BF08469042B060C5D190
:10B4F000DDE9012338463146FFF720FF0028BDD0A3
:10B50000044600E00024204603B0BDE8F08F43F677
:10B51000AE7044F27061C0F60200C0F6020140F263
:10B520000712F5F731FA44F69A1044F27061C0F64A
:10B530000200C0F60201EA22F5F726FA44F6D740E7
:10B5400044F27061C0F60200C0F60201E922F5F78C
:10B550001BFA00002DE9F04F85B00490806E119C1D
:10B560000F9FC0699646E219824206D804988B461E
:10B57000C06E0E990138884204D26FF0530005B0B6
:10B58000BDE8F08F002C00F0A78010989A4602903A
:10B59000581E0190CDF80CE019E003EB02094D456F
:10B5A00038BFA946DEF80C10029D381A014428461F
:10B5B0004A46F6F7D5FE0E99DDF80CE04D440295AB
:10B5C0004F44A4EB090400BF002C00F08980BBF1BC
:10B5D000000F254610D0DBF80000254688420BD12D
:10B5E000DBE90102254613189F4205D2C51B6BD922
:10B5F000AC4238BF254600BFDEF80000884209D1C2
:10B60000DEE9010213189F4204D2C31BC5D99D4233
:10B6100028BF1D46544533D20498C06E0138884275
:10B6200062D30498019A806E3A444669B84632441F
:10B63000B7FBF6F5B2FBF6F7C3697743A146CEF840
:10B640000010D0F804C0846A9F4238BF3B4605FB17
:10B65000163305FB06F2CEF80420A34238BF1C4681
:10B66000DEF80C30CEF808400094E047012846DAB6
:10B67000DDF80CE00E99002847464C46A4D030E097
:10B680000498806E4269B7FBF2F303FB1273002B40
:10B69000C2D19442C0D3B5FBF2F3029DD0F804C0EE
:10B6A00003FB02F63A462B46B8460096E0470128CF
:10B6B00030DAB0B935444746DDF80CE00E99029512
:10B6C00006EB0807A41B7FE705EB02094C4538BFD2
:10B6D000A146DBF80C1067E7002005B0BDE8F08F4D
:10B6E000002005B0BDE8F08F44F60E5044F27061C2
:10B6F000C0F60200C0F602016C22F5F745F944F2EB
:10B70000561044F27061C0F60200C0F602017722C2
:10B71000F5F73AF944F2561044F27061C0F60200AF
:10B72000C0F602016022F5F72FF90000F0B581B0F4
:10B730000C464FF0FF3111602168074611F1030FED
:10B740001CD8F86E81422BD2B86ED4E901238569EA
:10B75000D0F808C02B44013BB3FBF5F6E3686E4319
:10B760000096E047012826DA68B9B86EFF22816AA0
:10B77000E068F6F7CBFE4FF0FF302060B86E01694D
:10B780008847012801DA01B0F0BD44F2561044F2B6
:10B790007061C0F60200C0F60201DE22F5F7F4F88F
:10B7A00044F63C5044F27061C0F60200C0F602015B
:10B7B000B422F5F7E9F844F2561044F27061C0F68D
:10B7C0000200C0F60201B822F5F7DEF870B5002AD3
:10B7D00000F09980531E032B43F61C3302F0030C38
:10B7E000C0F6020302D24FF0000E4AE022F0030E30
:10B7F0000A1F744612F8045F043C80EA050606F04E
:10B800000F0653F8266086EA101000F00F0686EA4D
:10B81000151553F82550567885EA101080EA06056C
:10B8200005F00F0553F8255085EA101000F00F05BC
:10B8300085EA161553F82550967885EA101080EAA7
:10B84000060505F00F0553F8255085EA101000F0A5
:10B850000F0585EA161553F82550D67885EA10109D
:10B8600080EA060505F00F0553F8255085EA10100B
:10B8700000F00F0585EA161553F8255085EA1010DB
:10B88000B8D1BCF1000F3ED011F80E20BCF1010F71
:10B8900080EA020404F00F0453F8244084EA1010F4
:10B8A00000F00F0484EA121253F8222082EA1010EA
:10B8B00029D04EF001028A5CBCF1020F80EA02043A
:10B8C00004F00F0453F8244084EA101000F00F0431
:10B8D00084EA121253F8222082EA101008BF70BDC9
:10B8E0004EF00202895C80EA010202F00F0253F876
:10B8F000222082EA101000F00F0282EA111153F8A0
:10B90000211081EA101070BD0020704780B5D0F87A
:10B910001CE0DDF808C000680EFB01211A466346F2
:10B920000CF068FE002080BD80B582B084460068BF
:10B9300090F831E0AEF1010EBEF1010F0ED8DCF847
:10B940001CE0DDF810C00EFB0121D0F828E01A46FB
:10B950006346CDF800E00FF0E1FE01E04FF0FF306C
:10B96000002858BF002002B080BD000000207047B2
:10B9700070B584B00C4604310546FFF737FC08B1BA
:10B9800004B070BD28462146FFF730FC0028F7D1EF
:10B99000216800202646042246F8080FCDE9001051
:10B9A0000392284600212A4604230296FFF7D2FD7F
:10B9B0003168002818BF10F15402E1D1A86E406A26
:10B9C000012808DB013040F0010001440139B1FBDE
:10B9D000F0F14843306004214FF0FF320020C4E909
:10B9E0000312C4E90502E26104B070BD94460A4640
:10B9F000D0E900311846634600F012B80246084606
:10BA00006FF39F2040F2FF33984208BF0131106866
:10BA10006FF39F210844011D002011607047000052
:10BA20002DE9F04F89B015460C4611466FF39F2162
:10BA300040F2FF322E46914208BF013661686FF333
:10BA40009F269946626973180433934204D96FF0B4
:10BA50001B0009B0BDE8F08F8346A06825F00048C0
:10BA600080EA0800226800BA08900BF1100708A8C5
:10BA70004FF0040CCDE900210290584639465A4651
:10BA80000023CDF80CC0FFF7D9FC10B109B0BDE818
:10BA9000F08FE06808A90422FFF798FE6168E06073
:10BAA000081DB5F1FF3F606019DD21685A46CDE9F8
:10BAB0000010584639460023CDF808900396FFF74A
:10BAC000BDFC0028E2D1E06849463246CDF814803A
:10BAD000FFF77CFE6168E060881960604CE0002E32
:10BAE000CDE9058748D0002501270DF11F0A00BFC9
:10BAF000D9E900105A462844CDE9001058460021E3
:10BB00003346CDF808A003970127FFF723FD00284F
:10BB1000BCD1D4E900015A46CDE900010699584646
:10BB20000023D046CDF808A00397FFF787FC002834
:10BB3000ACD1E0689DF81F1043F61C3380EA010287
:10BB400002F00F02C0F6020353F82220013E82EAFF
:10BB5000101000F00F0282EA111153F821106268F0
:10BB600081EA1010E06002F1010005F101054FF0DB
:10BB70000107C2466060BBD10598A060002009B0F3
:10BB8000BDE8F08F2DE9F04F8FB00446806E4F680E
:10BB9000D0E906020D4607F11401914238BF0A466A
:10BBA00011180139B1FBF0F101FB00F8474580F0B5
:10BBB000E480A8F11400079004F1100009904FF000
:10BBC000000B00200895CDE904800DE0099920467E
:10BBD0002246FFF7ABFD002840F01B81D5F804A0FA
:10BBE000C245574680F0CD80381DA8EB000140F2D9
:10BBF000FE32914228BF1146DDF81CA00844504592
:10BC000038BF8246404528BF8246FF20C2458DF896
:10BC1000330068D3A06ED0E90630C01A824501D93E
:10BC2000FF2060E028680021CDE9000A0DF1330013
:10BC300002902046224601270397FFF78BFC00283D
:10BC400018BF10F1540140F0E480A06ECDF818B098
:10BC5000D0F818B04FF0FF30BBF1000FCDF828B08E
:10BC60000B902FD02E684FF000084FF0FF370DAD2E
:10BC7000ABEB08034FF0080908EB0A00082B38BFAC
:10BC80009946CDE900602046002122460295CDF874
:10BC90000C90FFF75FFC68B9384629464A46FFF723
:10BCA00095FDC844D8450746E2D3DDF81080089DCD
:10BCB0000B9707E0DDF81080089D10F154010B97F9
:10BCC00040F0A7804FF6084220462946C5F6FF728D
:10BCD0000AABFFF7A5FE002840F09B809DF83300DB
:10BCE0006F68DDF818B0AAEB070180F08000043916
:10BCF00041EA40304FF60041C5F20F0140EA01062B
:10BD0000D5E90210A946714009BA0DAD0D91294639
:10BD10000422FFF75BFDD9F80010C9F80C00CDE94B
:10BD2000001709990E902046224600230827029505
:10BD30000397FFF783FB00286BD1089DBBF1000F31
:10BD400004D16868E96800F1040B05919DF833009F
:10BD5000802121EA000086EA0060C5E901A0C24511
:10BD60004FF0FF30E860BFF431AFA06E6169806AC8
:10BD700008448245BFF42AAF32E7002005904FF017
:10BD8000000BD5F81080CDF818B0C34502D14FF0A4
:10BD9000FF372CE02868ABEB080A09900BF1040090
:10BDA0004FF0000B4FF0FF370DF13409089000BF42
:10BDB000AAEB0B06082E28BF082608980999A0EBC5
:10BDC0000B030BEB0800CDE90010204600212246B2
:10BDD000CDF808900396FFF7BDFBD0B93846494629
:10BDE0003246FFF7F3FCB344D3450746E0D3059E44
:10BDF000B74211D1069A2F6804200DA9CDE901217F
:10BE0000039020460021224604230097FFF7A2FB5F
:10BE100038B10FB0BDE8F08F6FF053000FB0BDE840
:10BE2000F08F0DA930460422FFF7D0FC002818BF80
:10BE30006FF053000FB0BDE8F08F00002DE9F04F18
:10BE40009BB00446806E0D46CDE909238B4655F81C
:10BE5000081F426ADDE925A945F6A8770131012AC4
:10BE6000C0F602070B9518DB013242F00102B1FB6C
:10BE7000F2F3296003FB121282B9DBF8003093B1B0
:10BE8000DBF804200021012A18BF012B12D169B16F
:10BE90004FF0FF302061012629E1296000214FF099
:10BEA00000080C910DE000210029F1D100214FF094
:10BEB0000108F6E7002A18BF012211460029E7D140
:10BEC000F4E7DBF804104FF0FF320023CDE9142231
:10BED000C26C129113931693002A08BFC269E36ED5
:10BEE000083A8B42179240F25881C2689047012865
:10BEF00080F25F8110F1540100F0E180002840F0F1
:10BF00001C81DDE9120104F1100504220B9ECDE92C
:10BF10000001039220462946224600230296FFF79D
:10BF20008DFA10F1540100F0CA80002840F005811C
:10BF300015980B990422FFF749FC1399099E159057
:10BF4000081D12A91390CAF10000119110A94BF617
:10BF5000ED124FF6004300960A9EC0F6000200B2B2
:10BF6000C4F20F0307912499CDE90163CDE90502DD
:10BF7000204600224FF0FF331094CDF80CA0CDF8EE
:10BF8000109001F0BFFD10F1540100F098800028DE
:10BF900040F0D3805B4653F8180F01301CBFDBF82C
:10BFA0001C0010F1010077D10C984FF0000CC00775
:10BFB0004FF000014FF000024FF0000308900AD14B
:10BFC00004F1300E9EE80640D4E90F30666C4B4019
:10BFD00042408EEA060104F14807C1CF82EA060A10
:10BFE000584081EA070940F2FF31002220EA0106A9
:10BFF000C7F6F07218A802F10C030C27CDE900C0B7
:10C0000020465946CDF838A0CDF83C900D960297C1
:10C0100000F006FD00280ED4811C0CD018AA07CA17
:10C020008AEA010A464089EA02090D96CDF838A04D
:10C03000CDF83C9004E0B0F1FF3F01DC811C7CD1E5
:10C04000002E08BFBAF1000F0DD04FF60C4212A916
:10C05000C7F6FF720DAB2046FFF7E2FC10F154016A
:10C060000BD018B169E0B9F1000FEED112A920464A
:10C07000FFF788FD10F1540167D14FF0FF30DDE983
:10C0800025A945F6A87728605FEAC8704FF0010639
:10C09000C0F602071BD02AE09BF817004FF60841B4
:10C0A000C6F20F0141EA005212A92046FFF7B8FC80
:10C0B00010F1540103D000283FF476AF3DE04FF07B
:10C0C000FF3020615FEAC8704FF001060FD1DBF846
:10C0D000043043F6A26044F27061C0F60200C0F67C
:10C0E000020140F634020097F4F70CFA0026DBF860
:10C0F0000000A0B1594651F8043F012818BF012B98
:10C100000FD92046FFF772F818B110F11C0114D1B5
:10C11000B6B1A06E01210C914FF00008D1E6DBF81A
:10C12000043044F270612FA0C0F6020140F63A02DA
:10C130000097F4F7E7F96FF01B001BB0BDE8F08F34
:10C140006FF01B001BB0BDE8F08F0028F5D1A16E89
:10C1500013988969B0FBF1F202FB1101A9BBDBE97D
:10C160000021CBE90012DDE92521891AABF8141072
:10C170001499CBE9030108990020C4E91200206555
:10C1800029B904F1300207CA04F13C0307C30C9833
:10C1900000F001001BB0BDE8F08F44F6445044F2BB
:10C1A0007061C0F60200C0F6020140F21512F4F709
:10C1B000EBFB44F2561044F27061C0F60200C0F688
:10C1C000020140F21712F4F7DFFB44F2132044F2AD
:10C1D0007061C0F60200C0F6020140F62202F4F7D8
:10C1E000D3FB00BF25733A25643A7761726E3A201B
:10C1F0005375706572626C6F636B203078257820A0
:10C20000686173206265636F6D6520756E77726912
:10C210007461626C6525730A000000002DE9F04F1F
:10C22000A1B01646C26E814630688B4632B190424C
:10C2300080F0BA827168914280F0B6820493002740
:10C2400004240DF170088DE88101484600214A461A
:10C250000423CDE91C770394FFF77CF9002818BF6D
:10C2600010F1540140F0F382706808F1040100906D
:10C27000CDE90214484600214A4604230197FFF7FE
:10C2800069F910F1540109D0002840F0E082DDE99D
:10C290001C010027081A0028C8BF012756F82700EC
:10C2A00048EA8702CBF8000087F00100126856F8D0
:10C2B00020105B4643F8082F43F8041C002148EA8D
:10C2C00080005960012109900DF17C0A4FF0FF3088
:10C2D0000A930690CDF834B00F914FF0FF300A99D1
:10C2E000CDE91A004FF0FF300422FFF76FFAD9F8BA
:10C2F00068101790CA69082A1146139204D20020C8
:10C300000024089011E200BF4FF0FF300E90002093
:10C31000089008201090069D002004210590002020
:10C320000790D9F86C00DBF80080013840450B9588
:10C33000C0F0178213984FF0040A013811908B4611
:10C3400016A80C91129015E08C18A24538BF5446DF
:10C35000D9F80C10129DABEB000001442846224690
:10C36000F5F7FEFF25441295A344AAEB040ABAF19F
:10C37000000F63D0D9F80000514640450CD1D9E9EF
:10C38000010211188B45514606D2B0EB0B01DBD9E7
:10C390008A4538BF514600BF139882451ED3D9F84D
:10C3A00068004269BBFBF2F303FB12B3B3B99245D9
:10C3B00014D3B1FBF2F14668129B01FB02F4414633
:10C3C0005A460094B047012880F2BB82002840F012
:10C3D000A381129820441290C6E700BFD9F86C00E0
:10C3E00001384045C0F09782D9F86800C9F800804C
:10C3F000119A41695A440A44B2FBF1F7C469BBFB84
:10C40000F1F64F43D9F80C30D0F804C0856A06FB2A
:10C4100001F2A74238BF3C4606FB1141C9F804208F
:10C42000A94238BF0D464146C9F808500095E0477B
:10C43000012880F27B82002899D06DE1179816A917
:10C440000422FFF7C3F9064616980E9900BA80EA4F
:10C450000108B8F1FF3F1796CDF8588040F3858169
:10C4600044466FF39F2440F2FF304746844208BFA2
:10C470000137D9F868000C996FF39F270431C5691B
:10C48000C819DDF834B0A8420DF17C0A139100F20E
:10C490004B8108F0F040B0F1A04F43D1DBF8000031
:10C4A0000021009010984A46CDE9010A48462B46E3
:10C4B00004270397FFF74EF8002840F05F811F988C
:10C4C000864240F05E812546169CD9F82C0004F483
:10C4D000801188EAC12817A90422FFF777F9C9F863
:10C4E0002C0020466FF39F2040F2FF31884208BFA6
:10C4F0000134139F6FF39F243819CBE90308079881
:10C500002C46ABF81400DDE91A010B9DCBE90601BE
:10C510000598069500F001008BF817004FF0FF30EA
:10C520001790B7E0C34667B30D98CDE91148D0F82E
:10C5300000B04FF0000800BFA7EB08040820082C4B
:10C5400028BF04461098A5EB08034044CDE900B08D
:10C55000484600214A46CDF808A00394FEF7FAFFAA
:10C56000002840F0F580304651462246FFF72EF96C
:10C57000A044B8450646DFD3DDF858B0DDE91148E0
:10C5800017964FF4E06000EA1B50B0F5C06F12D070
:10C590000B9D139FB0F5806F2BD0049B00283FD1DB
:10C5A000079ACBF3892091B2884228BF421CDDF85C
:10C5B00034B0079269E0D9F868000021C3690D988A
:10C5C0004A460068264600901098002401901AA858
:10C5D0000290082003904846FEF7BCFF0B9D139F76
:10C5E000002840F0D380CBF30050DDF834B0059044
:10C5F0003BE04FF60041C0F20F0100222940C4F693
:10C60000F07211438B4507994FEA1B50049B41FA86
:10C6100080F107912CD1DDF834B045F0004534E0CD
:10C620000021C4F6F07101F1405000EA0B0001F165
:10C630008051884227D1D9F86800DDF834B0C36949
:10C64000DBF800000021009010984A46019018A8DD
:10C65000029008200390484626460024FEF77AFF01
:10C66000002840F09D8001200890049B34460CE097
:10C67000691C4BD0CBF38921C5F3892291429CBF21
:10C68000000605EBA035DDF834B016992A9848402D
:10C69000184216D040F2FF308442404608BF0130B5
:10C6A000D9F868106FF39F203844CA6901460430F6
:10C6B0000024904210901392CDF838807FF631AE6E
:10C6C00033E0DBF800002C9B1490109814AA15900E
:10C6D0002D98984700285FD4169912D04FF6004342
:10C6E00081EA0502C7F6FF731A420CD00228D1D1A5
:10C6F000C1F38920C5F38922904298BF41F00045DB
:10C70000C8E70D46C6E74FF0FF35C3E7DDF834B0A4
:10C710004FF0FF35B9E700BFDDF834B010F1540138
:10C720000DF17C0A40F093800024DBF80C70002FA0
:10C730003FD10999DBE900030968CBE90030CBF868
:10C7400008100F99C9074FF000017FF4C5AD6DE0E7
:10C7500010F154017BD10024DDF834B00DF17C0AD6
:10C76000E3E700240DF17C0ADFE7084601F0F04022
:10C7700000F13040B0FA80F04409EDE710F15401C7
:10C7800065D1DBF80C000028D3D0C2E0DDF834B06E
:10C7900010F154015BD1C8E710F15401C4D056E048
:10C7A00010F1540153D1C0E76FF0530021B0BDE840
:10C7B000F08F0020002C8BF816005DD0D9F86800AF
:10C7C0008169B7FBF1F202FB1171002902BF0899E0
:10C7D00081F001015FEAC1714ED1DDF86080B8F1EE
:10C7E000000F37D05546C069DBF800A000264FF097
:10C7F000FF3B1390A8EB0604082C28BF08241398CD
:10C800000021831BF019CDE900A048464A46029555
:10C810000394FEF79FFE10BB584629462246FEF7BA
:10C82000D5FF264446458346E4D31BE045F6A8776A
:10C8300044F27061C0F60207009047A0C0F6020102
:10C8400040F267520197F3F75DFE6FF0530021B09D
:10C85000BDE8F08F19980130B0FA80F009E010F1CE
:10C860005401F4D11998ABEB0000B0FA80F0DDF878
:10C8700034B040098BF81600D9F83C0010F0E04FB6
:10C8800024D0D9F84020DBF800108A4207D0D9F82C
:10C890004430DBF80470BB4218BFBA4214D1069B87
:10C8A000C0F38920C3F38921884204D12B9A43F035
:10C8B000004372B915E05A1C2B9A25D0884238BF24
:10C8C000A3F580632AB90CE08B42E8D02B9A069B33
:10C8D0003AB1BBF81400C3F38921814238BF08463E
:10C8E0001080B3F1FF3F03DD184621B0BDE8F08FA3
:10C8F000BBF81420C3F389210020914238BF6FF0A8
:10C90000010021B0BDE8F08F4FF0FF33002AE0D1E5
:10C91000E7E70020AEE744F60E5044F27061C0F63F
:10C920000200C0F602016C22F4F72EF844F2561011
:10C9300044F27061C0F60200C0F602017722F4F7FB
:10C9400023F844F2561044F27061C0F60200C0F6BB
:10C9500002016022F4F718F825733A25643A6572EB
:10C96000726F723A20436F727275707465642064DE
:10C9700069722070616972206174207B307825783B
:10C980002C20307825787D25730A00002DE9F04FA2
:10C9900089B083686FF39F218B420C4638BF1C46D9
:10C9A00054B30668D0F804A0D2E900B84FF00009EB
:10C9B00007AF0691059000BFA4EB09031D4609EBE4
:10C9C0000800082B28BF0825CDE900B0304600211B
:10C9D000324602970395FEF7BDFDB8B90AEB09018F
:10C9E00038462A46F4F72EF8002812D1A944A1456A
:10C9F000E2D30598069983688B4203D1002009B0E1
:10CA0000BDE8F08F4FF0020038BF012009B0BDE84B
:10CA1000F08F4FF0020048BF012009B0BDE8F08F51
:10CA20002DE9F04F87B0C46B82464FF60046CD68C3
:10CA300008699B469146C0F20F0614F0E04FCDE91D
:10CA4000051007D0DAF840700B689F4205D119EA4B
:10CA5000060F1BD14FF0000827E0DAF844C0B646B5
:10CA60004E684FF00008BCEB060218BF0122BF1B46
:10CA700018BF0127BCEB0303764618BF012319EA50
:10CA80000E0F11D03A4005991A400ED1C4F38921F6
:10CA9000CBF38922914200F08E804FF000083CBF1A
:10CAA0004FF60048CFF6FF78059919EA060F4DD0EA
:10CAB000042406E0ABEB0801714011EA090F059967
:10CAC00073D0074606466FF39F2740F2FF30874238
:10CAD000304608BF01306FF39F2000F108029542F5
:10CAE00069D3281A0968051F06A8CDE90015029028
:10CAF00050460021524604230394FEF72BFD0028E4
:10CB00005BD1069806F0E04100BA704020F000408A
:10CB1000B1F1804F0690CDD1ABEB0801C6F389226D
:10CB2000C1F389239A42C5D84FF60042C0F20F02E2
:10CB300011400022C4F2100211438E423BD046F352
:10CB4000912140F2FF3291438844B3E7ABEB080BED
:10CB5000042400BF074606466FF39F2740F2FF30CC
:10CB60008742304608BF01306FF39F2000F1080272
:10CB7000954220D3281A0968051F06A8CDE900159B
:10CB8000029050460021524604230394FEF7E2FC33
:10CB900098B906988BEA060100BA704011EA090FAD
:10CBA000059920F000400690D4D1A7F2FF30B0FAEA
:10CBB00080F0400920B16FF0010007B0BDE8F08FB0
:10CBC000129CDDE9100BA74228BF274609682844BC
:10CBD0000430CDE900105046002152463B46CDF8C6
:10CBE00008B00397FEF7B6FC0028E6D10BEB070070
:10CBF000E11BF4F7F0FE08EB060007B0BDE8F08F8C
:10CC00002DE9F04FA7B0866A994682469046002EDD
:10CC10000F4640F0A580D7E9000107F1140CCDE9DB
:10CC2000220197E84F009CE830100DF1680E8EE865
:10CC30004F001FA880E8301012AE1AA950463A469D
:10CC40004346CDF80090019600F0F4FA83460028A0
:10CC500000F1B08239682298814206D07A68239B1D
:10CC60009A4218BF994240F082821AAE4FCEDDE957
:10CC70001F54DDF884C087E84F00C7E90554C7F8A2
:10CC80001CC0BBF1020F4DD10022C7F6F07224A8E0
:10CC9000002102F10C030C26CDE900105046394664
:10CCA0000296FFF7BDFE8346002800F158821BF173
:10CCB000020000F0548224AA07CADAE91236DAF830
:10CCC000505058400AF1480371406A4007C3DDE9FB
:10CCD00012014FF60842CDE92201F97DC6F20F029A
:10CCE00007F1180042EA0151CDE910100120002798
:10CCF000009012A922AA10AB5046019700F09AFAB0
:10CD00008346002800F1568212AB0FCB0DF1680C60
:10CD10008CE80F00DDE91601CDE91E01DDE91801FF
:10CD2000CDE920014FF00009BBF1010F4FF0000BDE
:10CD300040F0408212A8183045F6A87544F270669B
:10CD40000790C0F602050FF28C40C0F602060021E3
:10CD500005915DE0824211D03668002E3FF45BAF52
:10CD600006F10800B842F7D001683868814205D062
:10CD7000F2687B689A4218BF9942EBD1B0790128DA
:10CD8000EAD196F83200C006E6D5DAF86800F16A12
:10CD9000806A8142E0D9706B3146F063DAF86C004A
:10CDA000CAF86000504602F07FFB002840F0F68190
:10CDB000306B314620F480103063504601F016F994
:10CDC0000028C9D08346F5E1DDE9240112ABCDE9A5
:10CDD00022010FCB0DF1680C8CE80F00DDE9160184
:10CDE00045F6A875CDE91E01DDE9181044F270661C
:10CDF000CDE9201001204FF0010BC0F60205C0F66E
:10CE000002060590BBF1010F0FF2C83040F0CA8155
:10CE1000DDE92237DDE91A120395CDE900710292AE
:10CE2000314640F6AC12F3F76DFB2298DAF8201089
:10CE3000884206D0239ADAF824309A4218BF9842E2
:10CE40005ED1DDE91A12CAE90812DAF8281039B3FE
:10CE5000239ADDE91A3703E0C1E90B370968F9B114
:10CE60008E68B04204D0CD68AA4218BFA84203D150
:10CE7000C1E9023704E000BFB24208BFC1E902378E
:10CE80008E79022EEAD1CE6AB042E5D00D6BAA426D
:10CE900018BFA842E0D0B24208BFC1E90B37DDE7B6
:10CEA000504622A912AA03F05FF88046B0F1FF3F76
:10CEB00003DC18F1020040F07381002518F102062E
:10CEC0004FF0000B75D0DAF8300001466FF39F2168
:10CED000B1F5FF7F00F27281013020F00041820540
:10CEE00018BF01F1004110F0E04FCAF8301037D000
:10CEF000DAF83420129B9A4205D113990AE000BF58
:10CF00008A42A2D19DE7DAF8387013998F4218BF90
:10CF10008A4223D1C0F38924CDE9001443F6DC40D2
:10CF200044F2706145F6A877C0F60200C0F602012F
:10CF300040F6D912C0F602070297F3F7E3FADAF8DF
:10CF40003000CAF838906FF39E20CAE90C09C8F384
:10CF50008920844238BFA8F5806803E09F42D9D079
:10CF600040F2FF34DDE9120124AACDE9240140F2A8
:10CF7000FF30201A40F20001C4F6F07118BF41EAF8
:10CF80008420CDE90C091AA80F9002200090504689
:10CF900012A90CABCDF83880CDF8049000F04AF916
:10CFA0008346B0F1FF3F40F30581BBF1010F3FF431
:10CFB0000BAF4FF0010806961895CDF864804FF03E
:10CFC000FF3601244FF0FF370120BD4208BFB042B9
:10CFD00000F0D180B54208BFB84200F0CC80444593
:10CFE00004D14FEA4808002406462F4622998D4274
:10CFF00022D0239A904218BF95421DD088421BD060
:10D000004FF0FF30079ACDE90009504612A94FF0C2
:10D01000FF33CDF80890CDF80C90FFF7FFF800280B
:10D0200040F08680189D681C00F0848019980134B7
:10D03000411CCAD17EE000BFDAF8300081050BD078
:10D040000699002918BF0138810520F0004018BF5B
:10D0500000F10040CAF8300045F6A87544F2706649
:10D06000C0F60205C0F6020610F0E04F26D0DAF84E
:10D070003420129B9A4201D1139906E0DAF83870F5
:10D0800013998F4218BF8A4216D1C0F3892443F600
:10D09000DC40CDE90014C0F60200314640F60D2216
:10D0A0000295F3F72FFADAF83000CAF838906FF3E8
:10D0B0009E20CAE90C0903E09F42E6D040F2FF340B
:10D0C000DDE9120122AACDE9220140F2FF30201A47
:10D0D00040F20001C4F6F07118BF41EA84200890C4
:10D0E0009DF85F004FF60841C6F20F0141EA00507B
:10D0F0000A901AA80B9002200090504612A908AB83
:10D10000CDF82490CDF8049000F094F883460028E0
:10D1100050D412AB0FCB0DF1680C8CE80F00DDE999
:10D120001601CDE91E01DDE91801CDE9200169E60E
:10D13000811C3ED1069845F6A87544F27066002819
:10D14000C0F60205C0F602063FF45CAE44F2706120
:10D150002EA0C0F6020140F6FA12F3F715FCBBF15F
:10D16000FF3F3FF7B4AD1BF1020023D1AFE5824290
:10D170007FF487AD79E543F6776044F2706145F658
:10D18000A873C0F60200C0F60201C0F6020341F225
:10D190007412F3F7B7F96FF0530B0BE0834609E015
:10D1A000C34607E0059810F0010B18BF4FF0030BC2
:10D1B00000E08346584627B0BDE8F08F44F25F1088
:10D1C00044F27061C0F60200C0F602014FF49952B9
:10D1D000F3F7DAFB25733A25643A64656275673ABA
:10D1E0002052656C6F636174696E67207B307825AF
:10D1F000782C20307825787D202D3E207B307825B6
:10D20000782C20307825787D25730A0021286861E4
:10D2100073706172656E7420262620657272203DDF
:10D220003D204C46535F4552525F4E4F454E542968
:10D23000000000002DE9F04FA1B00F922A9A9A4603
:10D240008B46012A0646109047DBDDE92A4100277C
:10D25000A4F1010C40F2014040F2FF42002307E03C
:10D26000BBF814600136ABF8146001339C422BD03C
:10D270005AF83360C6F30A558542F1D0954214D06E
:10D2800006F0E046B6F1C04FEFD10AEBC306766870
:10D290003568CBF818507668CBF81C605AF83360C4
:10D2A000C6F300568BF81760DFE7BBF81470002F49
:10D2B00000F0CF837E1E9C4503F101034FF0010770
:10D2C000ABF81460D4D104E0109EF80705D0BBF889
:10D2D00014603004109E00F09B809BF8160000281C
:10D2E00000F0FE80BBF81400FE2800F2F980DBF8A5
:10D2F0000000DBE90323B16ECDE919024FF0FF30E6
:10D300001C90C86C1B931D92002808BFC869083880
:10D310001E9019A84BF6ED110027159014A8C0F621
:10D320000001CDE90277CDE904772A9FCDE9061007
:10D33000304659461496CDF800A0019700F0E2FB64
:10D340008046543018BF18F11C0000F0C980B8F1B5
:10D35000000F40F08E82354655F8300F2A4652F8BD
:10D360000C1FD5E904370E9281EA000CD5E90112B1
:10D37000D5E90664286A59407A4086EA0C0384EAB3
:10D38000010780EA020440F2FF3023EA0009B9F104
:10D39000000F12971394CDF8449008BF002F00F0AF
:10D3A0009080002216A80021C7F6F072CDE9001087
:10D3B000109802F10C030C2659460296FFF730FB39
:10D3C0008046002800F1AB8218F1020000F0A7822D
:10D3D00016AA07CA80EA0900119087EA0100129094
:10D3E00084EA02001390109E4FF60C4219A9C7F66A
:10D3F000FF7211AB3046FEF713FB8046543018BF66
:10D4000018F11C006CD0B8F1000F40F032825BE0E4
:10D41000002900F0278300200A4642F8180F012552
:10D420005560002001274FF0FF394FF0FF384FF0D3
:10D43000010E404508BFCE4500F09C82484508BF1C
:10D44000C64500F09782AF4203D16D000027F14638
:10D450008046DBF80040A0422AD0DBF804309E452D
:10D4600018BF984224D0A64522D04FF0FF3000903C
:10D47000002430464FF0FF33CDE90D87CDE901445C
:10D480000F4603941446FEF7C9FE002840F0D282EE
:10D490002068411C3946DDE90D873FF41EAFD1F805
:10D4A0001CE022461EF1010307F10107C1D114E778
:10D4B000C87D00283FF411AFDDF8A8904FF00208B6
:10D4C000D0E0002C7FF46DAF109E19A93046FEF716
:10D4D00059FB8046543018BF18F11C0040F08D8273
:10D4E0004FF0FF303061BBF814000228C0F092808A
:10D4F00019AC1FFA80F900254F460E9006E000BFD8
:10D5000005EB5705A9EB0507012F35D90020199028
:10D5100068422A9A00B201924FF60042CDE9049087
:10D520004BF6FD10A9B2C4F20F02C0F60000CDE91F
:10D53000022106903046594600224FF0FF33CDF8C5
:10D5400000A0079400F0DEFA002840F08480B16E5D
:10D55000C86C002808BFC869FE2FD1D88969199AFC
:10D5600001EB5003013BB3FBF1F3283859438842E8
:10D5700038BF01468A42C3D8002D00F0D88130461A
:10D580002146FEF7F5F9002840F0D5819BF81700F9
:10D59000AFB28DF87B00DBE90601CDF80890DDF82D
:10D5A000A890CDE91F013046214652464B46CDF8A2
:10D5B00000B00197FEF742FC002800F1BE81DDE9D2
:10D5C00019CE0122CBE906CE8BF817203046DBF8C6
:10D5D0000060036A9E4212D01098DBF80420406A73
:10D5E000111A301AB1FA81F1B0FA80F049094009F4
:10D5F0000843D11AB1FA81F1490940EA010228042D
:10D6000002D1002A40F0B181109E012F28463FF63A
:10D6100070AF02E0DDF8A8900546B06E406A0128C0
:10D620000CDBDBF808100130013140F00100B1FBE8
:10D63000F0F202FB1010002800F01F81A8B20021B8
:10D64000CDE901103046594652464B46CDF800B060
:10D65000FEF7F4FB01E0DDF8A8908046B8F1000F7A
:10D6600000F10781B46A002C00F003810F98016873
:10D6700040680E910D9009F001000A9029F0010018
:10D68000CDE90BA00AF108004FF00009099003E072
:10D690002468002C00F0ED80A2465AF8080F0E997D
:10D6A000884215D19BE8CF008AE8CF00DBE906105D
:10D6B000CAF81C000F98CAF81810824500F0AA801A
:10D6C0002A980128C0F2A6800DD1002071E000BF89
:10D6D000E1680D9A9142E5D00D9A9042E2D00E9801
:10D6E0008142D5D1DEE709980C9940F2FF4640F21D
:10D6F000014507E04FF0FF32C4E90222023900F190
:10D70000100052D050F8083CC3F30A52AA4213D07A
:10D71000B24223D1A288C3F389239A4202D1A779C6
:10D72000022F17D19A4219D9A379013A022BA2806C
:10D7300014D1A26A013A0BE0A288C3F389239A426A
:10D740000CD3A3790132022BA28007D1A26A013245
:10D75000A26203E04FF0FF32C4E902220368C3F380
:10D760000A52B2420ED0AA42C8D1A288C3F389237A
:10D770009A42C3D3A3790132022BA280BED1A26AFE
:10D78000013210E0A288C3F389239A4202D1A7791B
:10D79000022FAFD19A42B1D9A379013A022BA280CC
:10D7A000ACD1A26A013AA262A8E70A9800280C98B4
:10D7B00030D00B9940F2FF4251F83010C1F30A50BB
:10D7C000904210D040F20142904223D1A088C1F390
:10D7D000892188421ED3A17901300229A08019D164
:10D7E000A06A013010E0A088C1F38921884202D1EB
:10D7F000A279022A0AD188420CD9A17901380229DA
:10D80000A08007D1A06A0138A06203E04FF0FF308A
:10D81000C4E90200109E04F1200510E0109E4FF0B4
:10D82000FF30CDE90009304651462A464FF0FF331C
:10D83000CDF80890CDF80C90FEF7F0FCC0B9A088A8
:10D84000A18B8842FFF424AFE27F002A3FF420AF8F
:10D850002B68326A9342E1D0109E676A766AB742BB
:10D8600018BFB342DAD097421CBF401AA080D5E758
:10D870008046404621B0BDE8F08FDBF8000000286C
:10D8800018BF012845D1002040F2A1011990C0F62F
:10D89000010119AA3046002302F008FCDDF864807B
:10D8A000002818BF8046B8F1000FE2D4F06EA0EB5C
:10D8B0000801B1EBD00F7FF6C1AEDBF8083045F6BA
:10D8C000A87744F27061C0F6020780A0C0F602019A
:10D8D00040F6A3020097F2F715FE19A93046FEF7AD
:10D8E00047F88046002858D018F11C007FF4B6AEE7
:10D8F00043F64C6044F2706145F6A873C0F602002E
:10D90000C0F60201C0F6020340F6AD02F2F7FAFDDE
:10D9100094E6DBF8040001283FF690AEB3E7B8F1D7
:10D92000FF3F3FF760AD18F10200A2D15BE50E9D0D
:10D93000DDF8A89071E6DDF8A890804618F11C008B
:10D940007FF48CAEDBE9003045F6A87744F27061D5
:10D95000C0F60207009052A0C0F6020140F68E0207
:10D960000197F2F7CFFD0E9D57E6109E0025C6E900
:10D9700008CE52E643F6776044F2706145F6A8732C
:10D98000C0F60200C0F60201C0F6020341F27412B2
:10D99000F2F7B8FD6FF053086BE79BF8170052469B
:10D9A0008DF87B00DBE906014B46CDE91F01A8B2EB
:10D9B0000021CDE9011019A93046CDF800B0FEF7DD
:10D9C0003DFA00283CD4DDE919010122CBE906012A
:10D9D0008BF81720DBF80030326A934207D0109E94
:10D9E000DBF80470766AB74218BFB3422ED1109AA2
:10D9F000C2E90801109E012520E6B8F1000F7FF46E
:10DA000038AF109E1A98B16E8969B0FBF1F202FB33
:10DA1000110181BB1B990E9BCBE9030195E807001F
:10DA20004FF00008DDF8A89007C3C6E91288C6F8D1
:10DA3000508017E6804602307FF41BAFFFF74DBCE5
:10DA4000804618F11C007FF409AE51E79742D1D10E
:10DA5000CDE744F270610EA0C0F6020140F6C602A6
:10DA6000F2F792FF44F2706124A0C0F6020140F682
:10DA7000D302F2F789FF44F2132044F27061C0F63A
:10DA80000200C0F6020140F61D12F2F77DFF00BF52
:10DA90006469722D3E636F756E74203E2030000005
:10DAA00025733A25643A7761726E3A20556E616249
:10DAB0006C6520746F2073706C6974207B307825DE
:10DAC000782C20307825787D25730A0025733A2537
:10DAD000643A64656275673A20457870616E64697E
:10DAE0006E67207375706572626C6F636B20617412
:10DAF0002072657620257525730A000070646972AE
:10DB0000000000002DE9F04FAFB00C903F9899460F
:10DB10000A90DDE93C083E9B08903B98389F0990AD
:10DB20003A9893460B9039988E46002440F2FF3C79
:10DB300000260D90CDE90E4400200B99C7F6F07039
:10DB4000079401EA0004CDE9053803E080EA060104
:10DB50000C423FD048466FF39F206045484608BFBF
:10DB600001306FF39F205844DEF80C10051D8D42E4
:10DB700026D2DEF80000B046CDE9000510A80290DC
:10DB80000C9800210246042304260396F246FDF772
:10DB9000E1FC002840F07B8110980EAA00BA80EAD0
:10DBA000090040F000401090DAF8001081460E9114
:10DBB000291D0F91AB4640F2FF3C4646D646C5E7CD
:10DBC0000D98012876DB0D99F7E8020201391090D3
:10DBD0000D91BBE74FF600410B9BC0F20F010B42CA
:10DBE0006BD0079C069D032C80F05481C4EB04117C
:10DBF00011AB43F821E003EB81010B9B0D84C1E9DC
:10DC00000536099BC1E901B98B83089BCF60CB83A3
:10DC10000A9B01348B620B4643F82C0F05980A933C
:10DC200048620E98C1E90C200F980D9A8863484607
:10DC30006FF39F20604548460A6108BF01306FF3CB
:10DC40009F205844DEF80C1000F10408884538D2B3
:10DC5000DEF800000021CDE9000810A802900C9821
:10DC60000423024604260396F246FDF773FC0028BF
:10DC700040F00D8110984DF6B16500BA80EA0900B8
:10DC800040F000401090DAF800100EAA0E9108F152
:10DC900004010F910021C0F6000508910021002623
:10DCA00000238146C34640F2FF3C4FF00008D646B1
:10DCB00009911FE0079C0020C8E0079CDDE905589A
:10DCC00018E00D98012812DB0D99F7E802020139DE
:10DCD0000D9100214DF6B1650891002110904FF093
:10DCE0000008C0F6000509910026002302E011AAF1
:10DCF000AEE000BF4FF60041C0F20F010B420B93A4
:10DD00000DD009998BB2C0F3892199422B46FFF4BB
:10DD100013AF089B9BB299422B46BFF40DAFC0F3E3
:10DD20000A5100292B463FF407AF40F201139942F4
:10DD30003AD0B1F5817FF2467AD181052B463FF486
:10DD4000FBAE0FFA88F18902CDF814B00794069162
:10DD5000141D4FF0000B00BF4FF60042C0F20F023F
:10DD60001040069A14F8041C1044D4E90023184308
:10DD700040EA015040F040510A98A847002800F1BD
:10DD80008680D64609D110980BF1010B01466FF33E
:10DD90009F218B4504F10C04DED3079CDDF814B001
:10DDA0002B4640F2FF3CC7E64DF6B161C0F60001DC
:10DDB0008D420B463FF4C0AEC4EB041111AB43F8E7
:10DDC00021E003EB81010D9BCF600B610B9BA1F860
:10DDD0002080C1E90536099BC1E901B98B83089B05
:10DDE0004D62CB83C0F389236FF39F20471C0897B4
:10DDF000A8EB000707EB03080A9B0027C1E90A37D5
:10DE0000C1E90C778F634FF60041C0F20F01002388
:10DE100001F1C04101340D930B914FF0FF394FF0E8
:10DE200000562B460990002796464FF0000B83E6DC
:10DE30000FFA88F100EB81210A98A847002826D420
:10DE40002B4640F2FF3CD6463FF476AE11AAF4B121
:10DE5000013CC4EB041002EB800152F820E0D1E950
:10DE60000370D1E901B90D90888BD1E9053609908D
:10DE7000C88BB1F820800890D1E90D204D6A0F9031
:10DE8000886A0E920A90D1E90B02109032E72FB007
:10DE9000BDE8F08F44F2706103A0C0F6020140F2C9
:10DEA000C232F2F771FD00BF7370203C20330000D6
:10DEB000B0B54FF6004EC7F6FF7ECA000368724643
:10DEC00058BFA2F17F6283EA01044FF0010C1442B3
:10DED0004FF000022CD01C466FF39F2440F2FF3518
:10DEE000AC4225D04FF60045C0F20F051D4045F06D
:10DEF000804501EA0E0245F07F65AA4203D14FF04A
:10DF0000010C002214E001F0E042B2F1804F05D193
:10DF1000C1F38922C3F38925AA4201D90020B0BDEB
:10DF200041F3912140F2FF3291435A184FF0000C17
:10DF300002606046B0BD000070B5064656F8282F56
:10DF40000C46B2FA82F14FEA5111F2B1A2421CD052
:10DF50001268B2FA82F1002A4FEA511118BFA242A8
:10DF600013D01268B2FA82F1002A4FEA511118BF99
:10DF7000A2420AD01268B2FA82F1002A4FEA511185
:10DF800018BFA24201D01268DBE719BB214601F09D
:10DF900007FD0546306898B1A04232460ED00168B0
:10DFA00071B1A142024609D0086848B1A0420A46B0
:10DFB00004D0066826B1A6420246EBD12068106064
:10DFC000206D006808B1284670BDE06CF2F75DFA7C
:10DFD000284670BD44F2060044F27061C0F60200AB
:10DFE000C0F6020141F62802F2F7CEFC2DE9F04717
:10DFF00098B00C46096B05464A0307D5C80221F4C0
:10E0000080215CBF4FF0FF3020642163880303D47C
:10E01000002018B0BDE8F087D4F83490C8026AD464
:10E02000D4E90A120DF14C0CCDE90D120121CDE914
:10E030000F1995E8CA0000208CE8CA004FF0FF369F
:10E0400091450390ADF810008DF81200CDE9050060
:10E05000CDE90700CDE90900CDE90B00CDE91100BC
:10E0600017902E601DD20DF10C080DF10B0700BFAB
:10E07000284641463A46012300F052F8002837D49A
:10E08000284621463A46012300F0AAF900282FD459
:10E09000286801301CBF13962E60E06A616B8142D4
:10E0A000E6D345F6A87A43F6A26844F2706704F115
:10E0B0004006C0F6020AC0F60208C0F6020700BF1A
:10E0C000284631462A460123FDF738F910F154015C
:10E0D00021D1A36B4046394640F64F52CDF800A0FF
:10E0E000F2F710FA2846214601F0DEF90028E7D0C1
:10E0F00018B0BDE8F087E06A814588BF4846A26B4A
:10E10000012363F31141C4E90A200020C4E90C197A
:10E1100018B0BDE8F0870028EAD1D4E90C10EEE78A
:10E120002DE9F04F8BB00D46C96AD5F834804145D2
:10E1300040F24C818146A1EB0800834238BF18466B
:10E14000002800F0438105F140019246099105F154
:10E1500008014FF0040B079104900690CDF8209031
:10E16000286B410306D5D9F86810EE6BCB699E4247
:10E1700040F0A080C10243D4D5E90A2100290A92C7
:10E1800041D0D9F868004A1EC069083890423FD98A
:10E19000002440455CD8B8FBF0F14FF0553301390D
:10E1A00003EA5102891A4FF0333707EA910221F04E
:10E1B000CC31114401EB111121F0F0314FF0013C51
:10E1C00001FB0CF16FF0030E0EEA9151A8EB010177
:10E1D0000839B1FBF0F603EA5601711A07EA910219
:10E1E00021F0CC31114401EB111121F0F03106FB8B
:10E1F000108001FB0CF10EEA9151A0EB010829E01F
:10E200006FF001014CE04FF000084FF0FF3147E0A4
:10E21000B2FBF0F24FF05533013A03EA5203D21A3F
:10E220004FF0333303EA920322F0CC321A4402EB6C
:10E23000121222F0F0324FF001335A436FF0030311
:10E2400003EA9252891A0939B1FBF0F44045A2D988
:10E25000002600BFB44220D9A01BB0FA80F094FA87
:10E26000A4F1C0F11F00B1FA81F7B84238BF0746E8
:10E270000A98B900CDE900010AA8099A0290484617
:10E2800000210423CDF80CB0FDF764F94FF0FF3105
:10E29000B94000280C44DDD095E00A99286B00BFF6
:10E2A000A963D9F86810C5F83C80CB6940F4802098
:10E2B000464628630699A3EB060B594538BF8B46A3
:10E2C000C002CDF814A00DD4A86B099A8DE84104C2
:10E2D00048460021CDF80CB0FDF73CF900285BD092
:10E2E00071E000BF0BEB0600984273D8BBF1000F42
:10E2F00052D0A8880021C2F21001DDF8149041EA42
:10E300008024A3F10108DA4627E000BF08986FF0E7
:10E310000102836E2A6459699F6AB6FBF1F202FB1F
:10E3200001F308EB06020A44B2FBF1F26B645143BD
:10E33000B94238BF0F46E96CAF64CDE900310799A7
:10E340004FF60042CFF6F77223460297FEF768FBBE
:10E35000002838D4BAF1000F1ED0099800680230A6
:10E36000D4D1686C8642D1D3A96C0A189642CDD21A
:10E37000821B474602EB0108C24538BFD046E96C14
:10E38000301A014448464246F3F7EAFFC144464486
:10E39000AAEB080AB846DDE7686BE96B00EB0B08EF
:10E3A00001EB0B00E8630698DDF814A0DDF820907F
:10E3B000B0EB0B00DA444FF0040BC5F83480069044
:10E3C0007FF4CEAE04980BB0BDE8F08F00200BB008
:10E3D000BDE8F08F6FF053000BB0BDE8F08F000088
:10E3E0002DE9F04F9BB00C4691F832108146C906DA
:10E3F00008921CD5606BE16AC218D9F87C708A4219
:10E4000088BF1146B94212D9E063D9F86C002146A1
:10E41000C9F8600048461D4601F046F80346206BE7
:10E42000002B40F0B48320F480102B46206345F687
:10E43000A87B04F1400A0025C0F6020B1A4605939A
:10E44000CDF83CA0216B0692880317D4C8021ED4D5
:10E45000606B002800F0D381D4E90A12002A1991D8
:10E4600000F0D281D9F86810531EC9690839994261
:10E4700040F2CD814FF00008E7E100BFD9F8680015
:10E48000E36BC06983420ED1C80240F13982636BED
:10E490006FF00100A063E363206B40F40030206361
:10E4A000D9F86800C069C11A8A4238BF11460029EC
:10E4B000079100F08381D4E90EB81BF1020004D06B
:10E4C000D9F86C00584540F2D383D9F86800079A10
:10E4D000C06908EB020181420899164619D9BCE3CC
:10E4E000DDF83CA00025D9F86800FF22816A0C986D
:10E4F000F4F70CF84FF0FF30CAF80000DDF828A060
:10E500000D9E0E99B6EB0A065144DDF83CA000F0D2
:10E510005381DAF80000584510D000BF013040F0B8
:10E520004183C4F840B0D9F868008069B8FBF0F2C4
:10E530005043C4E9110558465845EFD1676C47452B
:10E54000ECD8D9F86820926AD3199845E6D2A7EB9F
:10E55000080000EB020A56450D9638BFB246E06C43
:10E56000A8EB0702104452460E91F3F7F9FED4E9E6
:10E570001120D044A8EB0203984288BF0346A3644D
:10E58000D9F86800816A8B42BAD10F99096811F1F4
:10E59000030FB5D8D9F86C50CDF828A0A94280F067
:10E5A0002E83D0F818A0D0F808C053445E1EB6FBE6
:10E5B000FAF5E36C05FB0AF70B970097E047012893
:10E5C00080F228830346002840F0E0804FF0FF31BE
:10E5D00005FB1A60C9F80010E16C86420C913FF40B
:10E5E0007FAF206C616C1790DDF83CA00B98002287
:10E5F00000250991871A3846082F149728BF082745
:10E60000D9F8680002EB010EC06907EB0E018142E8
:10E61000129200F2CA80D9F86C001799013888422A
:10E62000C0F0C380129D002F00F09A8014983E46DF
:10E630000138109019A81190139718E08D18AE4268
:10E6400038BF3546D9F80C10119FAEEB00000144DD
:10E6500038462A46F246F3F783FED6462F4405EBAA
:10E660000A0E761B129D1197139F002E78D0D9F8B1
:10E6700000001799884231460CD1D9E901021118DE
:10E680008E45314606D2B0EB0E01D7D98E4238BF47
:10E69000314600BF1498864226D3D9F868004269F3
:10E6A000BEFBF2F303FB12E3F3B996421CD3B1FBBA
:10E6B000F2F1AA46D0F804C001FB02F51799119BAC
:10E6C000724677460095E047012880F28D82034626
:10E6D00000285BD11198BE462844119005EB070E27
:10E6E000761B5546C0E700BFD9F86C001799013872
:10E6F00088421596C0F06282179BD9F86800C9F865
:10E7000000304168109A1691416972440A44BEFB78
:10E71000F1F7F246B2FBF1FEC6690EFB01FED9F835
:10E720000CC0856A07FB01F2B64538BF764607FB89
:10E730001161C9F80420A94238BF0D46169F194639
:10E740006346C9F808500095B847012880F2418215
:10E75000129D159E03460028D6463FF485AF15E06E
:10E760000C983A46411919A8F2F76CF9DDF83CA06B
:10E770002A464FF0000580B90B983A440999824225
:10E78000FFF438AFE06C0C90ADE600BFDDF83CA0C4
:10E79000002513F1540040F0F9814846214600F06D
:10E7A00083FE00283FF487AEEFE16FF0530313F1CF
:10E7B0005400F2D0EAE100BFE36B0AE0A16B8A1CCF
:10E7C00004D0D9F86C208A4240F252829842C0F0BC
:10E7D0004482606B0799069A084460635818E063A6
:10E7E000089845F6A87B08440890D9F86C00521A9E
:10E7F000C0F6020BC9F860007FF424AECEE1D9F870
:10E800006C00C9F860009FE04FF0FF3069E0B3FB97
:10E81000F1F34FF05536013B06EA53055B1B4FF011
:10E82000333606EA930523F0CC332B4403EB131362
:10E8300023F0F0334FF0013673436FF0030606EA1E
:10E840009353D21A093AB2FBF1F8421E914202D90F
:10E850004FF0000B1EE0B2FBF1F24FF05533013ADE
:10E8600003EA5203D21A4FF0333303EA920322F041
:10E87000CC321A4402EB121222F0F0324FF0013384
:10E880005A436FF0030303EA9252801A0938B0FB2F
:10E89000F1FB00BFD84522D9A8EB0B00B0FA80F0FD
:10E8A00098FAA8F1C0F11F00B1FA81F5A84238BF6B
:10E8B00005461998A900CDE9000119A8029048461B
:10E8C00000215246042304260396FCF743FE034628
:10E8D0004FF0FF30A840002B8044DBD056E1199860
:10E8E0000025A063D9F86800FF22816AE06CF3F785
:10E8F0000DFE45F6A87B4FF0FF30C0F6020B2064FA
:10E90000D9F86C00C9F86000606BE8B1A16BA0F1A8
:10E910000108093816911390CDF8508049E000BFE6
:10E9200043F6A26044F27061C0F60200C0F6020134
:10E9300040F6C43243465E46CDF800B0F1F7E2FD42
:10E940004FF0FF30CAF80000484619A9FCF74EFC0A
:10E95000002840F01A811999D9F86C00884240F2D9
:10E960006481D9F868008846C2689047002800F39F
:10E97000688103465430D3D0069A002B40F0FF80C4
:10E980004646C4F8388086E55E46159343F6A26095
:10E9900044F27061179BC0F60200C0F6020140F617
:10E9A000C432B3460096F1F7ADFD4FF0FF30CAF820
:10E9B0000000484619A9FCF719FC002840F0E58042
:10E9C0001999D9F86C00884240F22F81D9F8680073
:10E9D0001791C2689047159B012880F2328110F18F
:10E9E0005401D1D0002840F0C980D9F86800C0692E
:10E9F000A0F10802424501D9002132E0B8FBF2F152
:10EA00004FF05535013905EA5103C91A4FF0333C2F
:10EA10000CEA910321F0CC31194401EB111121F0E2
:10EA2000F0314FF0013E01FB0EF16FF00306139B36
:10EA300006EA9151591AB1FBF2F105EA5103CB1ADA
:10EA40000CEA930523F0CC332B4403EB131323F090
:10EA5000F03301FB128203FB0EF306EA9353A2EBA1
:10EA60000308179E08F10108804533D1481C169908
:10EA700090FAA0F0B0FA80F01891042101EB800820
:10EA80004FF0000A18AF00BF0F994FF0040B484633
:10EA90004A460123CDE9006A0297CDF80CB0FCF795
:10EAA000CDFC002840D10AF10405A84559D018989A
:10EAB00018AFCDE9000A484600214A460423B4466F
:10EAC0000426029703966646FCF744FD0028AA46F2
:10EAD000DAD035E0B8F1000F55D04FF0000A18AD8C
:10EAE0000127CDF8488000BF16984FF0010BCDE903
:10EAF000000A484600214A4643460295CDF80CB02C
:10EB0000FCF728FDF0B90F9948464A460123CDE9A4
:10EB1000006A02950397FCF791FC50B9B8F101081F
:10EB20000AF1010AE0D122E0159B10F154010AD04C
:10EB300006E0159B10F1540102D14FF0040B02E0E6
:10EB40004FF0010B0346DDF83CA045F6A876DDF852
:10EB500050800025BBF1040FC0F602063FF415AF4C
:10EB60000DE0C4E90E6800234FF0010BEBE7129BA8
:10EB7000DDF83CA0069A0025A6638CE403462BB979
:10EB8000E36B069A88E40023F4E70346206B40F425
:10EB90000020206318461BB0BDE8F08F05981BB01D
:10EBA000BDE8F08F43F6AE7044F27061C0F602002B
:10EBB000C0F6020140F20712F1F7E6FE44F60E50ED
:10EBC00044F27061C0F60200C0F602016C22F1F757
:10EBD000DBFE44F2561044F27061C0F60200C0F64B
:10EBE00002017722F1F7D0FE44F2561044F2706130
:10EBF000C0F60200C0F602016022F1F7C5FE44F63D
:10EC00003C5044F27061C0F60200C0F60201B4222A
:10EC1000F1F7BAFE44F2561044F27061C0F60200F9
:10EC2000C0F60201B822F1F7AFFE44F6445044F2B8
:10EC30007061C0F60200C0F6020140F21512F1F751
:10EC4000A3FE44F2561044F27061C0F60200C0F612
:10EC5000020140F21712F1F797FE44F69A1044F2BF
:10EC60007061C0F60200C0F60201EA22F1F78CFEE4
:10EC700044F6D74044F27061C0F60200C0F60201CB
:10EC8000E922F1F781FE00002DE9F04F9DB0054625
:10EC9000934655F8282F994682460C46B2FA82F0E0
:10ECA0004FEA5010F2B1A2421CD01168B1FA81F0C3
:10ECB00000294FEA501018BFA14213D00968B1FAD9
:10ECC00081F000294FEA501018BFA1420AD009680C
:10ECD000B1FA81F000294FEA501018BFA14201D0CB
:10ECE0000A68DBE7002800F023835FEA897000F1FF
:10ECF000D78026980021C4E90C91E163C4E9131080
:10ED0000DAF82000224642F8200FDAF82400A2F1B7
:10ED1000180150609BF8000009910028A2F11C0026
:10ED20000C920890CDF82CA000F0C8814FF600405E
:10ED3000CDE905950021C0F20F0044F29B05C7F60E
:10ED4000F07100F50017C0F60205D94607EA010682
:10ED5000CDF810B00A96B6F5001F04D148462946F2
:10ED6000F1F762FE814448462946F1F74DFE8046A0
:10ED7000022809D0B8F1010F0DD199F800002E2812
:10ED800009D109F10109E6E7B9F8000042F62E6160
:10ED9000884200F0918109EB08064FF0010B0796BD
:10EDA00008E000BF9AF800102E2918BF0BF1010BE4
:10EDB0000AEB000630462946F1F736FE06EB000A5C
:10EDC00050462946F1F720FE0128EBD0022801D059
:10EDD00030B913E0BAF8001042F62E62914202D028
:10EDE0000BF1010BE4E7BBF1010BE1D10AF10209E0
:10EDF000DDF810B0DDE90A6AADE700BF99F8000060
:10EE0000002800F029810A98A346DDF82CA0DDE94E
:10EE10000846B0F5001F40F04C81C7F3892040F24E
:10EE2000FF31884216D00821C2F2000141EA802356
:10EE3000002000900C984FF6004201905046314659
:10EE4000C7F20F0208270297FDF7EAFD002800F13C
:10EE5000FD8100BF4CF68D10C0F600000C9A0290A8
:10EE6000504631464FF0F04315AFCDE915A9CDF826
:10EE70005C80CDE900840397FDF7D0F907460028B0
:10EE800000F1B08004D19BF81F000028E2D1A7E078
:10EE90005C46CB460021DDF81C90C7F6F07155E7C3
:10EEA0009AF83100800771D4DAF83C0010F0E04F96
:10EEB00063D0574657F8403FC0F38920796845F63C
:10EEC000A87CCDE9001043F6C46044F2706140F2C2
:10EED0000008C0F6020CC0F60200C0F6020141F2C2
:10EEE00064325E46CB46C4F6F078CDF808C0F1F740
:10EEF00009FB57F8040C0021C7F6F07108404045A3
:10EF000040F01F824FF000094FF0FF30CDE90009BB
:10EF100015A950463A464FF0FF33CDF80890CDF88A
:10EF20000C90FDF77BF90746002840F00A81DAF8DB
:10EF30003000DAF83C104FF60042C0F20F021140E8
:10EF40006FF39E20CAE90C0941EA0800CDE90F09D8
:10EF500015A90FAA50460123CAF83890FDF750FEB4
:10EF6000002877D407D05046002100F01DFE074648
:10EF7000002840F0E680D946B3465046012100F013
:10EF800013FE0746002840F0DC80B2E65746DAF868
:10EF9000240057F8203F45F6A87C44F27061C0F683
:10EFA000020C00900FF2EC30C0F6020141F23B324D
:10EFB000CDF804C0F1F7A6FA4FF0000C4FF0FF3087
:10EFC000CDE9000C15A950463A464FF0FF33CDF875
:10EFD00008C0CDF80CC0FDF721F960B10746B0E0DC
:10EFE0006FF001074846DDE905955C468346B81C8D
:10EFF00040F0838066E00120C0F202000AF168035D
:10F000000F900FCB0DF1400CC069DAF878708CE8E6
:10F010008F000020C2F2100018300D900FA80E9043
:10F0200015A90DAA50460123FDF7EAFD00280FD4CB
:10F0300007D05046002100F0B7FD0746002840F0F9
:10F040008080DAF8300020F40070CAF830002BE736
:10F05000074676E0074674E0DDF82CA00999B7F181
:10F06000FF3F40F3F5800120069DA07128686FF3F3
:10F070001307B7F5801F20602C6040F0F080A08857
:10F080000822C2F2000242EA802304F12800002292
:10F09000CDE900204FF600420827C7F20F02504684
:10F0A0000297FDF7BDFC80460028074640F18880A6
:10F0B00023E06FF0130795E7DDE905956FF015077D
:10F0C000B81C1AD144F29B08C0F6020858464146C3
:10F0D000F1F79AFC074658444146F1F7A5FC38443D
:10F0E0001BF8000038B90120A071286820605FEA91
:10F0F000C9502C6029D46FF00107206B214640F4E1
:10F1000000202063504600F04BFC286898B1A042D4
:10F110002A460ED0016871B1A142024609D00868A2
:10F1200048B1A0420A4604D0056825B1A54202466E
:10F13000EBD120681060206D006810B9E06CF1F729
:10F14000A4F938461DB0BDE8F08F44F29B01C0F62B
:10F1500002015846F1F758FC1BF8001011B16FF08E
:10F160001307CAE7DAF87010884202D96FF0230754
:10F17000C3E7089940F200080988C2F2100808F1B4
:10F18000005240EA812042EA812240F48010159228
:10F190000022CDE9170B48EA812009991692CDE9A2
:10F1A000190215AA50460323FDF72AFD002860D452
:10F1B00006D05046002100F0F7FC0746002859D140
:10F1C000206DAB46816800294CD0216B4FF6004979
:10F1D0004FF0000AC7F6FF790026002508E041F449
:10F1E0008031216382680135954206F10C0639D2DF
:10F1F000CA071ED04068089A815D3044128809050C
:10F20000D0E901C741EA8220384340F040530B98CF
:10F2100009996FF39F274A46CDE900AC0297FDF7A5
:10F22000FFFBB0F1FF3F02DC0746023079D1216BD2
:10F23000206D8A07D6D542680B9B324492689B6F3B
:10F240009A42CCD96FF01B075D466EE00746C9E6CF
:10F25000069DDDE904B9B81C7FF44FAF32E76FF0CB
:10F2600014074AE7006858B10B99E0648E6E5D465A
:10F270000FE0074617F11C0008BF6FF023073CE7BB
:10F280000B98866EB06AF1F7D1F800285D46E0640D
:10F2900049D0B16AFF22F3F739F94FF0FF3020640B
:10F2A0000020C7F6F070002100EA0800C2F2100149
:10F2B000DDF82CA088424FF000077FF442AF216BAD
:10F2C0006FF001006FF39F2841F48011A062C4F831
:10F2D0002C802163C4E91007DAF86800B8F1000F48
:10F2E000806AA0643FF42DAFA18840F2FE329042C4
:10F2F00038BF024642EA8120E16C40F00053CDE97C
:10F3000001124FF6004209990027C7F20F0250463A
:10F310000097FDF785FBB0F1FF3F3FF712AF0746BF
:10F32000EBE65D4601E06FF00B07DDF82CA0E4E6AC
:10F3300044F2706109A0C0F6020141F61902F1F72A
:10F3400023FB44F2BC4044F27061C0F60200C0F6F8
:10F35000020141F26832F1F717FB00BF216C6673BE
:10F360005F6D6C6973745F69736F70656E286C662E
:10F37000732D3E6D6C6973742C20287374727563E1
:10F3800074206C66735F6D6C6973742A2966696C8E
:10F390006529000025733A25643A64656275673A09
:10F3A00020526577726974696E6720737570657233
:10F3B000626C6F636B207B307825782C2030782549
:10F3C000787D25730A000000F0B581B01546826A89
:10F3D0001C4606460F46B2FA82F04FEA5010F2B1D0
:10F3E000BA421CD01168B1FA81F000294FEA5010DE
:10F3F00018BFB94213D00968B1FA81F000294FEA69
:10F40000501018BFB9420AD00968B1FA81F000293A
:10F410004FEA501018BFB94201D00A68DBE7A8B91B
:10F42000386BC1071ED0800307D530463946FEF73A
:10F43000DDFD00281CBF01B0F0BD304639462A462C
:10F44000234601B0BDE8F040FEF76ABE44F2060074
:10F4500044F27061C0F60200C0F6020141F64A02B1
:10F46000F1F792FA44F2706103A0C0F6020140F68F
:10F47000E352F1F789FA00BF2866696C652D3E6694
:10F480006C6167732026204C46535F4F5F52444F98
:10F490004E4C5929203D3D204C46535F4F5F52440E
:10F4A0004F4E4C59000000002DE9F04F99B00D4629
:10F4B000814601F1400B00F1100417AE4846314679
:10F4C000FBF794FE002840F02F82179FD9F86C00BC
:10F4D000B84240F24D82D9F868003946C268904778
:10F4E000012880F2518210F154010DF15B0200F00D
:10F4F000DB81002840F01882E86B002800F0F481DE
:10F500004FF0000A95F83210CDF850A0C9062DD45E
:10F51000A96BDDF850A00292A0EB0A03CDE9001A16
:10F520004846D84659464FF0010B16464A46CDF894
:10F530000CB0FCF70FF8002840F0F6814846214651
:10F540004A460123CDE9007A0296CDF80CB0FBF7CC
:10F5500075FF002840F0A281E86B0AF1010A5045CE
:10F560000DF15B02C346CDD8BEE100BFD9F86810EB
:10F57000149BC9698B4280F0AD811946AF88002188
:10F58000C2F2100141EA87211091D9430594084441
:10F590006FF39F271C460F90CDE90972DBF800003E
:10F5A000023021D1686C84421ED3A96C0A1894429F
:10F5B0001AD2021B4B421144D71AB1FA81F118BF7B
:10F5C00001274FEA511AE96C0A9E201A014430467D
:10F5D0003A46F2F7C5FE3E443C440A960B940B9C17
:10F5E000BAF1000FDAD14FE1D9F868006FF00102EB
:10F5F0004169836A0F982A6420440844B4FBF1F2FD
:10F60000B0FBF1F002FB01F648436E64984238BF4C
:10F610000346D9F83C100893AB64D5E90530EF6C8C
:10F6200011F0E04F1890CDE906671FD0D9F84020BF
:10F63000D5F80880424507D0D9F844C0D5F80CE089
:10F64000F44518BF72450FD1099AC1F3892191423F
:10F6500000F045814FF000074FF60041CFF6F771FB
:10F6600038BF01F5002702E0C445EDD00027CDE901
:10F670000DB50B94014602466FF39F2140F2FF3017
:10F68000814210460C9108BF01306FF39F2000F1BA
:10F6900008018B42C0F02381D9F86810181AC96993
:10F6A000884200F21781D9F86C10D5F808A001390A
:10F6B00051451397C0F00E81A0F104084FF0040BE0
:10F6C00018A81292CDF84480159015E08F18BB450C
:10F6D00038BF5F46D9F80C10159CA8EB0000014418
:10F6E00020463A46F2F73CFE3C441594B844ABEB56
:10F6F000070BBBF1000F65D0D9F800005946504503
:10F700000CD1D9E9010211188845594606D2B0EB4F
:10F710000801DBD98B4538BF594600BFBBF1040F48
:10F7200030D2D9F86C0001385045C0F00081D9F8CA
:10F730006800C9F800A04169C66908EB01020332FC
:10F74000B2FBF1F4B8FBF1F74C43D9F80C30D0F828
:10F7500004C0856A07FB01F2B44238BF264607FBA6
:10F760001161C9F80420A94238BF0D465146C9F8B5
:10F7700008500095E047012880F2E4800028B8D0C6
:10F78000D2E000BFD9F868004269B8FBF2F303FB8E
:10F790001283002BC5D19345C3D3B1FBF2F1466868
:10F7A000159B01FB02F7514642460097B0470128DE
:10F7B00080F2D380002840F0B78015983844159027
:10F7C00094E700BF1898129E00BA704006F0E0411E
:10F7D00020F00040B1F1804F18901FD11099139F75
:10F7E000C6F38922C91BC1F389239A42DDE90DB50D
:10F7F000119B17D84FF60042C0F20F0211400022B1
:10F80000C2F2100202F1005211438E4267D046F359
:10F81000912140F2FF3291430F4403E0DDE90DB541
:10F82000139F119B10994FF60042C91B7140CFF6F0
:10F83000F77211427FF41EAF0C9C40F2FF308442FD
:10F840004DD0DDF820A04A46544528BF54460699BD
:10F85000A86819440431DDF81C80CDE90001484650
:10F8600000212346CDF808800394FBF773FE30B9DE
:10F8700008EB0400AAEB0401F2F7ADF8B819002870
:10F8800052D44FF0010AAAE6179FDDF850A0059C5C
:10F89000D8464FF0010B0DF15B064FE610F1540115
:10F8A00042D1C34617AE00BF43F6A26044F2706176
:10F8B0003B4645F6A877C0F60200C0F602014FF4B9
:10F8C0005062C0F602070097F0F71CFE4FF0FF30C1
:10F8D0002060F3E56FF0530019B0BDE8F08F6FF0D2
:10F8E000010019B0BDE8F08FD9F86820E86CD9F8AC
:10F8F0001C10926AF2F734FD09F110030ECBD9F80F
:10F900001C002964D9F868106A64896AFF22AB6414
:10F91000F2F7FCFD4FF0FF30C9F81000286BAF6321
:10F9200040F400302863002019B0BDE8F08F44F6A1
:10F930000E5044F27061C0F60200C0F602016C2263
:10F94000F1F722F844F2561044F27061C0F602005A
:10F95000C0F602017722F1F717F844F2561044F28C
:10F960007061C0F60200C0F602016022F1F70CF8E7
:10F9700044F6445044F27061C0F60200C0F6020141
:10F9800040F21512F1F700F844F2561044F270619B
:10F99000C0F60200C0F6020140F21712F0F7F4FFC1
:10F9A00070B586B00C4691F83210090715D421467F
:10F9B0000546FEF71BFB216B20B141F400212163BA
:10F9C00006B070BDC80308D5264656F8080F0130AA
:10F9D0001CBFE06810F1010002D1002006B070BD2C
:10F9E000C80207D405F1100128462A46FBF79EFEFF
:10F9F00088BB216BC80208D4D4E90A10CDE90410F1
:10FA00000821C2F2200104A805E0E16AE06C41F09F
:10FA1000005141F48011A288019041EA82210091B5
:10FA2000216D0223D1E9011040EA822040F081508B
:10FA3000CDE902016A4628463146FDF7E1F8002883
:10FA400005D40AD02846002100F0AEF828B1216B79
:10FA500041F40021216306B070BD206B20F480309A
:10FA60002063BAE72DE9F04782B09046826A994652
:10FA700007460C46B2FA82F04FEA5010F2B1A242A9
:10FA80001CD01168B1FA81F000294FEA501018BF5C
:10FA9000A14213D00968B1FA81F000294FEA501051
:10FAA00018BFA1420AD00968B1FA81F000294FEAD3
:10FAB000501018BFA14201D00A68DBE7002846D1E8
:10FAC000206B81074FD5410308D538462146FEF704
:10FAD0008DFA10B102B0BDE8F087206B656B0105AF
:10FAE00004D5E16A8D423CBF61630D46796F05EB39
:10FAF00009028A4204D96FF01A0002B0BDE8F0870B
:10FB0000800315D4E06A854212D94FF0000A0DF146
:10FB100007066063606BA8420AD238462146324627
:10FB200001238DF807A0FEF75BFC0028F2D5D1E792
:10FB30003846214642464B46FEF752FC0028C9D4BF
:10FB4000216B21F40021216302B0BDE8F08744F26B
:10FB5000060044F27061C0F60200C0F6020141F6F0
:10FB60005C02F0F711FF44F2706103A0C0F60201DD
:10FB700040F64A62F0F708FF2866696C652D3E661C
:10FB80006C6167732026204C46535F4F5F57524F7E
:10FB90004E4C5929203D3D204C46535F4F5F5752F4
:10FBA0004F4E4C59000000002DE9F04FAFB0044615
:10FBB000008E4FF00008800500F0768124A800F147
:10FBC000180B81F001000C901CA818300B90C5A0F8
:10FBD000061D4FF6084ADFF80CC34CCED0E9045797
:10FBE000D0E90610C6F20F0A4FF000090DF1100E11
:10FBF000CDE90932CDE907568EE88300CDE92857D3
:10FC0000CDE92A1000201CAF4FF0FF35CDE924C20A
:10FC1000CDE926360D9015E01CAB0FCB0DF1900C05
:10FC20008CE80F00DDE92001CDE92801DDE92201A2
:10FC3000CDE92A012A9801301CBF2B9810F1010050
:10FC400000F00681204639465A464FF0FF33CDE991
:10FC50000058CDF80880CDF80C80FCF7DFFA0028BA
:10FC600040F024819DF8A7000028D5D120465946B0
:10FC700014AA00F079F90346B0F1FF3F02DC981CAA
:10FC800040F01581B9F1000F1DD1981C1BD01E4604
:10FC90002CA84FF600426FF39F260190204614A92E
:10FCA000C7F6FF72CDF800800296FCF7B9FE002877
:10FCB00000F101812C982A9B984242D12D992B9AD0
:10FCC0009142A9D03FE06FF00100584089F0010156
:10FCD000084318BF01200C9908439DD1DDE92A3063
:10FCE00044F2706145F6A876009086A0C0F6020145
:10FCF00041F2DA32C0F602060196F0F703FC002268
:10FD0000C7F6F0722CA802F10C0301902046394688
:10FD10000C26CDF800800296FCF782FE03460028F0
:10FD200034D4981C32D02CAA07CAD4E91236256DD7
:10FD3000584004F1480371406A404FF0FF3507C353
:10FD40002AE02B9A2D99904208BF99423FF464AF64
:10FD5000CDE90020029143F6267044F2706145F629
:10FD6000A876C0F60200C0F6020141F2B132C0F638
:10FD700002060396F0F7C6FB266B16F0E04F4FD055
:10FD8000616B249B994213D1259817E0B3F1FF3F93
:10FD900002DC981C40F08B809DF8870024A94AEA79
:10FDA00000500E900B980EAA0F902046012341E0C0
:10FDB000A26B2598824218BF81422FD1C6F3892AAF
:10FDC000CDE9000A43F61C5044F2706145F6A8756F
:10FDD000C0F60200C0F6020141F2BB32C0F60205D5
:10FDE0000295F0F78FFB206B4FF0FF356FF39E20ED
:10FDF000C4E90C0840F2FF3082454FF6084AC6F2CB
:10FE00000F0AC4F838800BD04FF60040C0F20F0044
:10FE100000213040C4F6F071084302E09A42CDD090
:10FE2000002010A981E801052CA81390204624A9E0
:10FE300010AA0223FCF7E4FE0346002837D4D81E9C
:10FE4000B0FA80F00D99400901430D91F2E600BF30
:10FE50000D9809F10109C00704AF18BF4FF0000960
:10FE6000DFF880C0DDE90932DDE9075683CFB9F15B
:10FE7000020FFFF6C3AE206B414249B20246B1F118
:10FE8000FF3F6FF39F2200DCBAB1012902DBB2F51C
:10FE9000FF7F1BD8084420F000410023800518BFD5
:10FEA00001F10041216302E0002300E0034618460F
:10FEB0002FB0BDE8F08F0346F9E744F270611CA053
:10FEC000C0F6020141F21F32F0F75EFD44F25F100E
:10FED00044F27061C0F60200C0F602014FF499527C
:10FEE000F0F752FD000000000000000000000000DC
:10FEF0000000000000000000000000010000000001
:10FF00000100000025733A25643A64656275673A1A
:10FF100020466978696E67206F727068616E207B19
:10FF2000307825782C20307825787D25730A0000DC
:10FF30006C66735F7461675F73697A65286C66735A
:10FF40002D3E6773746174652E74616729203E20AD
:10FF50003078303030207C7C206F727068616E7336
:10FF6000203E3D20300000002DE9F04F89B0CDE962
:10FF7000040100201746144647F8180F01254FF0DA
:10FF8000FF3B00214FF001084FF0FF3901227D6057
:10FF9000494508BF5A4543D0594508BF4A453FD057
:10FFA000A84504D16D004FF0000893468946059995
:10FFB000049AD1E9000140F2FF33CDE9070108209E
:10FFC000C2F2000000900020019040F24D00C0F607
:10FFD000010006920290104621463A46C7F6F07399
:10FFE00006AE0396FCF71AF9014638B1881C08469C
:10FFF00008BF50468A1C04D104E000BF50468A1C4A
:020000040801F1
:1000000000D0F9B939684A1C05D0E26908F1010845
:10001000531C8246BCD16FF0010009B0BDE8F08FDF
:1000200043F6776044F2706145F6A873C0F60200AB
:10003000C0F60201C0F6020341F27412F0F762FA50
:100040006FF0530009B0BDE8F08F000070B586B0C6
:1000500006460068D2E90045816E4FF0080CCB6976
:1000600004AA00F11001CDE9022C0246009401958A
:10007000FBF770FA08B106B070BD049A71688A4245
:1000800002D1002006B070BD059BB4680020A342D9
:1000900018BFA242EFD0581A18BF012006B070BD99
:1000A00001460068421C00200A6070472DE9F04FAD
:1000B000A1B0824643F6E420C0F602000593CDE9E4
:1000C000092190E88E00D0E90454D0E906C00DF172
:1000D0005C0ECDE91DC017A8183006904FF0FF3018
:1000E0008EE88E000C904FF0FF300122CDE91B54BA
:1000F000012400210B90012008920C9A914203D117
:100100000B9A944200F00B820B9A914203D10C9A05
:10011000944200F00482089A904207D1400008906F
:1001200000200790CDE90B4101E000BF0790DDE919
:1001300009562846B047002840F0E282284621466A
:10014000B047002840F0DC824FF0FF30069A009064
:100150000027504617A94FF0FF33CDE901770397E9
:10016000FCF75CF8002840F0CB82BDF87000002856
:1001700000F0C281002400BFDAF83C101A9E1B98E0
:1001800011F0E04F1F901FD0DAF84030179A9342D9
:1001900006D0DAF84470189DAF4218BFAB4211D1B7
:1001A0002246C1F389216FF39F22914202D16FF061
:1001B000010010E14FF000053CBF4FF60045CFF6BF
:1001C000FF7502E09742EBD000250821C2F2000142
:1001D00041EA84210E911394014602466FF39F2158
:1001E00040F2FF30814210460D9108BF01306FF39D
:1001F0009F2000F108018E42D9D3DAF86810331A33
:10020000C9698B4200F2F180DAF86C00DDF85C908D
:1002100001384845C0F0E980A3F104084FF0040B11
:100220001FA81295CDE90F32CDF84480149018E044
:10023000544601EB020AD34538BFDA46E168149D03
:10024000A8EB0000014428465246F2F789F85544CD
:100250001495D044ABEB0A0BA24600BFBBF1000FD4
:1002600064D0DAF80000594648450BD1DAE90102BA
:1002700011188845594605D2B0EB0801D8D98B45ED
:1002800038BF5946BBF1040F20D3DAF86800426941
:10029000B8FBF2F303FB1283C3B9934516D3B1FB4A
:1002A000F2F14668149B01FB02F74946424600976B
:1002B000B047012880F24182002840F08B801498DA
:1002C000B8443844ABEB070B1490C7E7DAF86C007E
:1002D00001384845C0F01B82DAF86800CAF800907F
:1002E0004169C66908EB01020332B2FBF1F5B8FBC4
:1002F000F1F74D43DAF80C30D0F804C0846A07FBFC
:1003000001F2B54238BF2E4607FB1161CAF804203E
:10031000A14238BF0C464946CAF808400094E0475D
:10032000012880F2FF81002898D053E01F98109F89
:1003300000BA784007F0E041139C20F00040B1F192
:10034000804F1F901ED1129D0E99C7F38922491B21
:10035000C1F389239A42119E0F9B16D84FF6004293
:10036000C0F20F0211400022C4F2100211438F426A
:100370003FF41DAF47F3912140F2FF3291430D440A
:1003800003E000BFDDE911650F9B0E994FF60042B7
:10039000491B7940C7F20F0211427FF41DAF0D9E39
:1003A00040F2FF3086423FF402AF1798082E28BF74
:1003B0000826CDE9000315A80290504600215246B8
:1003C00033460396FBF7C6F890B1B0F1FF3F19DC56
:1003D00001E000BF139C811C40F09281BDF87000C9
:1003E00001348442FFF4C8AE86E06FF05300F2E7B8
:1003F00015A83044C6F10801F1F7EDFAE819B0F19B
:10040000FF3FE8DD000D40F2022188420CD1169832
:100410000028E3D0DAF86810421EC9690839914211
:1004200016D94FF0000831E005990029D6D0B0F573
:10043000007FD3D1099E15990A9D3046A847002810
:1004400040F05E8116993046A8470028C6D057E193
:10045000B2FBF1F24FF05533013A03EA5203D21ADC
:100460004FF0333303EA920322F0CC321A4402EB0A
:10047000121222F0F0324FF001335A436FF00303AF
:1004800003EA9252801A0938B0FBF1F8159EDDE9B3
:10049000090231469047002840F03281B8F1000F40
:1004A0009CD008F00105C5F102070020BB000096B2
:1004B00001905046002152461FAE03930296FBF76F
:1004C00049F8002840F01C8185F00105002100BF9B
:1004D000A94208D21F99DDE90902904700284FF090
:1004E0000101F5D00CE11FA850F8256009980A9A7F
:1004F000A8EB07083146CDE71D99481C06D01E9C85
:10050000601C079800F101007FF4F7ADDAF828507D
:100510004FF00008002D00F0F680D34619E043F6B6
:10052000776044F2706145F6A873C0F60200C0F629
:100530000201C0F6020341F27412EFF7E3FF6FF01D
:10054000530021B0BDE8F08F2D680020002D00F091
:10055000D780A8790128F7D1296B01F48810B0F56C
:10056000803F65D1E86A002862D0DBF86810421E3F
:10057000C9690839914202D94FF0000A1DE0B2FB67
:10058000F1F24FF05533013A03EA5203D21A4FF019
:10059000333303EA920322F0CC321A4402EB1212F4
:1005A00022F0F0324FF001335A436FF0030303EAB5
:1005B0009252801A0938B0FBF1FAAF6ADDE90902FC
:1005C00039469047002840F09B8005F14004BAF17D
:1005D000000F2CD00AF00109C9F10206B300CDE9E1
:1005E0000078584621465A461FAF03930297FAF700
:1005F000B1FF002840F0848089F00107002100BF8E
:10060000B94208D21F99DDE90902904700284FF04E
:100610000101F5D074E01FA850F8277009980A9AD4
:100620003946AAEB060A90470028D0D068E0296B2B
:1006300001F49010B0F5003F7FF486AF686B00289E
:100640003FF482AF5946DBF86810421EC969083989
:10065000914201D900261DE0B2FBF1F24FF0553373
:10066000013A03EA5203D21A4FF0333303EA9203FA
:1006700022F0CC321A4402EB121222F0F0324FF088
:1006800001335A436FF0030303EA9252801A093888
:10069000B0FBF1F6AF6BDDE909023946904778BB54
:1006A00005F1400A002E3FF44FAF06F00104C4F1FB
:1006B00002094FEA8903CDE90078584651465A4667
:1006C0001FAF03930297FAF745FFC8B984F00107FB
:1006D000099C0021B94208D21F990A9A20469047E6
:1006E00000284FF00101F5D00AE01FA850F827704C
:1006F0000A9A20463946A6EB090690470028D1D031
:1007000021B0BDE8F08F002021B0BDE8F08F44F6A5
:100710000E5044F27061C0F60200C0F602016C2275
:10072000F0F732F944F2561044F27061C0F602005C
:10073000C0F602017722F0F727F944F2561044F28E
:100740007061C0F60200C0F602016022F0F71CF9E9
:100750002DE9F04140F6B007C2F2000778684EF28A
:100760002478396AC2F200080028C8F86870C8F80E
:100770006C1000F03D81B868002800F04581F868F1
:10078000002800F04D813869002800F05581796912
:10079000002900F05D81B869002800F06581BC6A1D
:1007A000002C00F06D81B4FBF1F202FB1142002A33
:1007B00040F07281B4FBF0F202FB1042002A40F0DC
:1007C0007481FA69B2FBF4F303FB1423002B40F0AD
:1007D00075817F2A40F27E81A2F108034FF0FF3637
:1007E000B6FBF3F38026013BB3FA83F3A6EB830356
:1007F000934200F278817B6A002B00F080813B6B92
:100800001BB15608B342C0F08681002B18BF13F10C
:10081000010640F09980FB6CA3B1B3FBF1F606FB37
:100820001131002940F08F81B3FBF0F101FB103052
:10083000002840F09481B2FBF3F000FB1320002865
:1008400040F099817D6B1DB12E46C8F80C5008E030
:100850002046EFF7EBFD06460028C8F80C0000F034
:10086000A080B86B10B1C8F81C0007E02046EFF775
:10087000DDFD0028C8F81C0000F0958030462146B8
:10088000FF22F1F743FED8F86810D8F81C00896AF7
:100890004FF0FF35FF22C8F80050F1F737FED8F8C7
:1008A0006840C8F81050E06A002800F04081E16B11
:1008B00011B1C8F8641005E0EFF7B8FD0028C8F8DA
:1008C000640076D0206CB0F5807F80F06081616C30
:1008D000002808BFFF20B1F1FF3FC8F8700040F3C7
:1008E0006281002908BF6FF00041A06C40F2FF3226
:1008F0009042C8F8741080F06281E169E26C0028CF
:1009000008BF40F2FE308A42C8F8780000F26381E6
:10091000276D7B1C27D0A36A9F4200F26881874223
:1009200000F2718172B3B7EBD20F2ED8C8F87C7089
:10093000E7B9002A18BF1146B0EBD10F28BFC8088D
:10094000834238BF18460FE093427FF664AF44F607
:10095000BD1044F27061C0F60200C0F6020141F21F
:10096000A402F0F711F80020C8F87C004FF0FF3027
:10097000C8E9080008F128002C21F1F74EF8002002
:10098000BDE8F081B7EBD10FD0D944F2E33044F2A7
:100990007061C0F60200C0F6020141F2F202EFF708
:1009A000F3FF002009E040F6B004C2F2000445B9AC
:1009B00001E0656B2DB9D8F80C00EFF766FDD8F8AB
:1009C0006840A06B28B9D8F81C00EFF75EFDD8F896
:1009D0006840E06B00281CBF6FF00B00BDE8F081A1
:1009E000D8F86400EFF751FD6FF00B00BDE8F0811F
:1009F00044F2B10044F27061C0F60200C0F6020198
:100A000041F27B02EFF7C0FF44F2261044F270611E
:100A1000C0F60200C0F6020141F27D02EFF7B4FF1A
:100A200044F2C50044F27061C0F60200C0F6020153
:100A300041F27E02EFF7A8FF44F29D0044F270619C
:100A4000C0F60200C0F6020141F27F02EFF79CFF00
:100A500044F2DA0044F27061C0F60200C0F602010E
:100A600041F28402EFF790FF44F20D1044F27061FE
:100A7000C0F60200C0F6020141F28502EFF784FFE2
:100A800044F2F30044F27061C0F60200C0F60201C5
:100A900041F28602EFF778FF44F2706160A0C0F681
:100AA000020141F28A02EFF76FFF44F2706168A021
:100AB000C0F6020141F28B02EFF766FF44F2E2104A
:100AC00044F27061C0F60200C0F6020141F28C02ED
:100AD000EFF75AFF44F2706169A0C0F6020141F2DB
:100AE0008F02EFF751FF44F64E1044F27061C0F6EA
:100AF0000200C0F6020141F29302EFF745FF44F213
:100B00003A1044F27061C0F60200C0F6020141F2F0
:100B10009B02EFF739FF44F20D3044F27061C0F6EA
:100B20000200C0F6020141F2A202EFF72DFF44F2EB
:100B3000D42044F27061C0F60200C0F6020141F216
:100B4000CB02EFF721FF44F2951044F27061C0F63A
:100B50000200C0F6020141F2A902EFF715FF44F2CC
:100B6000392044F27061C0F60200C0F6020141F281
:100B7000AB02EFF709FF44F2862044F27061C0F641
:100B80000200C0F6020141F2AD02EFF7FDFE44F2B1
:100B9000A83044F27061C0F60200C0F6020141F2D2
:100BA000D702EFF7F1FE44F2C23044F27061C0F6B2
:100BB0000200C0F6020141F2DD02EFF7E5FE44F269
:100BC000613044F27061C0F60200C0F6020141F2E9
:100BD000E302EFF7D9FE44F61C2044F27061C0F640
:100BE0000200C0F6020141F2E902EFF7CDFE44F641
:100BF000F70044F27061C0F60200C0F6020141F253
:100C0000EC02EFF7C1FE44F69F5044F27061C0F66B
:100C10000200C0F6020141F2EE02EFF7B5FE00BF9E
:100C20006C66732D3E6366672D3E63616368655F26
:100C300073697A652025206C66732D3E6366672D87
:100C40003E726561645F73697A65203D3D203000C6
:100C50006C66732D3E6366672D3E63616368655FF6
:100C600073697A652025206C66732D3E6366672D57
:100C70003E70726F675F73697A65203D3D2030007A
:100C80006C66732D3E6366672D3E626C6F636B5FAF
:100C900073697A65203E3D20313238002DE9F04FEE
:100CA00097B0FFF755FD8246002840F0D58143F606
:100CB000E420C0F60200D0E9046590E88E00D0E997
:100CC0000640CDE913650FAE0DF13C0CCDE91540A2
:100CD00006F118004EF224798CE88E0004904FF053
:100CE000FF370024C2F20009012100204FF0FF3B32
:100CF0004FF001080123B84208BF594500F029818F
:100D0000584508BFB94200F02481984508D14FEA00
:100D100048024FF000088B460746059201E000BFED
:100D2000059344F63440C0F602000D9008200E9062
:100D30000820C0F6F070CDE900044CF68D10C0F626
:100D40000000049A4FF60043029048463146C7F629
:100D5000FF730CADCDF830900395FBF75FFA824638
:100D6000002800F1618179D06FF39F2A40F2FF30B3
:100D7000824573D0DDE90F014FF60042C9E9080151
:100D800006A81823019048463146C7F6FF72C2F202
:100D90001003182500940295FBF742FE002800F18D
:100DA000EB800698030C022B80B240F0E78002280B
:100DB00080F0E48008B1002017E0022001900120BB
:100DC00044F270613D4645F6A8770290A4A0C0F6B3
:100DD000020141F2CB120223C0F6020700940397EE
:100DE0002F46EFF78FFB4FF40070D9F83010099BB6
:100DF00021F400710843C9F8300033B1D9F870000C
:100E0000834200F2E880C9F870300A9B33B1D9F808
:100E10007400834200F2E880C9F874300B9B6BB118
:100E2000D9F87800834200F2EB80D9F87C00C9F849
:100E30007830984238BF0346C9F87C30D9F868004A
:100E4000089B016A002918BF8B4240F0AC80C9F8AA
:100E50006C30079BC069834240F0B1800022C7F626
:100E6000F07206A802F10C030190484631460C25A9
:100E700000940295FBF7D4FD8246002818D41AF19D
:100E8000020015D006AC13CCD9F830303A46D9F868
:100E900034703546D9F83860584009F1300379404C
:100EA000174686EA04022E46002407C30FE000BF5F
:100EB0006FF00100BAEB000018BF0120BAF1000F7B
:100EC0004FF0000148BF0121014240F0AD8015986C
:100ED000059B411C05D0169908F101084A1C7FF4B6
:100EE0000AAFD9E90C30D9F8381053EA000202D120
:100EF0004FF00000A1B1CDE9000143F6F26044F2E9
:100F0000706145F6A877C0F60200C0F6020141F212
:100F10001622C0F602070297EFF7F4FAD9F830006C
:100F2000D9F82C10D9E90D23D9F86C7000EBD070EA
:100F3000C9F83000C9E90F02B1FBF7F04FF0000A21
:100F400000FB1710C9F84430C9E9150AC9E917A709
:100F500082E043F6776044F2706145F6A873C0F60C
:100F60000200C0F60201C0F6020341F27412EFF76C
:100F7000C9FA6FF0530A57E0824655E00121022278
:100F800045F6A877CDE90002029143F61B6044F2D2
:100F90007061C0F60207C0F60200C0F6020141F21D
:100FA000BC1203973CE0009143F68E5044F270610E
:100FB000C0F60200C0F6020141F2FB122BE00090E5
:100FC00043F6605044F27061C0F60200C0F60201C0
:100FD00041F204221FE044F2706100902FA0C0F69D
:100FE000020141F2D61216E0009043F6BD5044F2E1
:100FF0007061C0F60200C0F6020141F2E1120AE09F
:10100000009043F6EC5044F27061C0F60200C0F666
:10101000020141F2EC1245F6A877C0F602070197EB
:10102000EFF770FA6FF0150AD9F86800416B29B92B
:10103000D9F80C00EFF729FAD9F86800816B29B9C3
:10104000D9F81C00EFF721FAD9F86800C06B18B97D
:10105000D9F86400EFF719FA504617B0BDE8F08FE1
:1010600025733A25643A64656275673A20466F7560
:101070006E64206F6C646572206D696E6F7220768D
:10108000657273696F6E207625642E2564203C207E
:101090007625642E256425730A00000025733A2501
:1010A000643A6572726F723A20556E737570706F24
:1010B00072746564206E616D655F6D6178202825AE
:1010C00075203E2025752925730A00002DE9F0437F
:1010D000B9B0DDE9409842AC1D4616460F4606946D
:1010E000F2F72CFB44F6D351C1F26201A0FB0112CE
:1010F0004FF618419309CFF6FF7103FB01000BA1D6
:10110000C95DB21C8DE8270207AD0AA22846C82196
:10111000CDF81480EFF718FA0A208DF8E30028467E
:101120002146EFF7E9F939B0BDE8F0832045574E85
:10113000494400005B2536752E253033755D2563E7
:101140002025733A257328293A2534753E202573C6
:101150000A0000002DE9F04784B04EF22060C2F290
:1011600000008A4601884EF20C58C2F200084B1C5F
:10117000D8F800104FF6FC72C0F2040203800B682E
:101180000026971CB3F1FF3F0CDC964206F10300EA
:101190000CD2B3F1FF3F06F1040601DCB842F1D3F3
:1011A000731E05E0334646F0010601E0B31C064617
:1011B000501C83427AD8BAF1000F4ED0D1F8089073
:1011C000B9F1000F4ED040F2F4570026002400BFC2
:1011D000BAF80A00BDB2A84238BF0546DAF80410D2
:1011E00019FA84F02A46F1F7BBF87F1B38042E4425
:1011F00005D0DAF800A02C44BAF1000FE8D1300491
:1012000066D0B3B240F2F450834233D8D8F800002D
:101210000268002A2ED449F2140142F03042C4F28E
:101220000201C0E900230B680F6803F0040307F014
:101230002007DE1906D047EA03020A60002241F8BF
:10124000102C0268D30226D4920226D451F8141C22
:10125000C1F384010844103021E044F68920C0F62F
:10126000020003E044F6D430C0F60200EFF74AF97A
:10127000FE2017E0B92144F2166244F6865315A009
:101280000091C0F60202C0F6020301210190FFF7AF
:101290001DFFF42006E0C06801E051F8040CC8F816
:1012A0000000002040B204B0BDE8F0870CA09D21F2
:1012B00044F2166244F68653CDE90010C0F60202ED
:1012C000C0F6020301210296FFF700FFFD20E9E7C7
:1012D000FE20E7E753656E64206572726F7200004E
:1012E0004441562074696D656F7574202564000053
:1012F000B0B5044640688047F2F720FA4EF28841C4
:10130000C2F200010968226811440B1AB3F1FF3FD1
:101310004DDD4BF6E412C2F20102D2F800C0BCF17E
:10132000000F00F08F804BF67810C2F20100DCF85D
:101330000030058913606A1C438995B29D42028181
:1013400088BF428141F2F122C0F601020020CCF8B0
:1013500008204BF63C22CCF80000C2F201021068D3
:10136000CCF804100028CCF80C4000F090804268C3
:101370008A1A6FD403461A68002A75D05068081A72
:1013800075D41368002B75D05868081A7CD41A6875
:10139000002A69D05068081A69D41368002B69D0F4
:1013A0005868081AB0F1FF3F1846E4DC6DE04BF6D0
:1013B000E41EC2F2010EDEF800C0BCF1000F41D005
:1013C0004BF67815C2F20105DCF800302989CEF819
:1013D000003001316B89024488B298424FF000001E
:1013E000298188BF698141F2F121CCF800004BF6D8
:1013F0003C20C0F60101C2F20100CCF808100168DF
:10140000CCF804200029CCF80C4046D04868101ACB
:1014100025D40B46186878B34168511A2FD4036855
:1014200083B35968511A35D4186828B34168511AE2
:1014300025D4036833B35968511AB1F1FF3F1946F7
:10144000E8DC28E04BF67810C2F201008188013117
:101450008180B0BD4BF63C22C2F2010215E04BF692
:101460003C20C2F2010016E000201A460DE01046B2
:101470001A460AE0002008E0002118460BE0014669
:10148000184608E0002106E01846CCF80000C2F833
:1014900000C0B0BD1946CCF80010C0F800C0B0BD07
:1014A00010B588B040680DF10F042146F9F7F4FB40
:1014B00000208DF81F0007A04D2144F20062CDE905
:1014C0000010C0F6020209A305210294FFF7FEFDF9
:1014D00008B010BD6E6574696620737461747573AD
:1014E000206368616E676564202573006C7769709E
:1014F0005F6E657469665F7374617475735F636151
:101500006C6C6261636B0000E0B040F22841C4F291
:101510000201802041F8100C202041F8100C4FF4FB
:10152000807043F60C4408604FF6FC30C4F20204AD
:10153000CFF6FF702158C1F3810242F20041022A26
:10154000C0F2F40106D0012A21D147F64001C0F2D1
:101550007D111CE04FF6F832CFF6FF72A358A75862
:10156000A658A25803F03F03520247F64002C0F2C9
:101570007D1258BF0A46B2FBF3F1C7F38817C6F3D2
:101580000146022505EB46027943B1FBF2F12258F0
:1015900043F6D323C2F30312C0F602039A5C4EF261
:1015A0001803D14048F21F52C5F2EB12A1FB021200
:1015B000215820584FF0FF3000EB52110020B0EBC3
:1015C000116FCEF200030BD143F8041C4EF6045108
:1015D000CEF20001F022CA770721186043F8081CF8
:1015E0004FF63841CFF6FF7162584FF6344942F456
:1015F00080426250CFF6FF7954F8091041F2000B97
:1016000041F0805144F809104DF65001C2F200013A
:10161000C1E9000043F69820CEF2000BF2F7C4FEB9
:101620004DF64002C2F20002C2E9000147F230501A
:10163000F2F7BAFE4DF64802C2F20002C2E900011A
:10164000DBF80000800109D4DBF80000C00705D1F9
:10165000DBF8000040F00100CBF800004DF6CC14A0
:10166000C2F20004207844F6F7284DF68C7A4DF645
:101670007C755328C0F60208C2F2000AC2F20005C7
:1016800033D02046A821F0F7C8F90320206160611B
:101690004FF48060C4F81880C4F81CA020620020B9
:1016A0001021A0626062E062C4F860806566A16695
:1016B00053212067E0666067BFF35F8F217045218B
:1016C00047226170A270E270217152212022617163
:1016D000A271E171542121726172A072E0722073D3
:1016E0006073A073E073BFF35F8F0022EFF311808C
:1016F0004FF0200181F311880026A318D96911B396
:101700002769711CB94214DA596BA1B12769B11C60
:10171000B94213DADF6C67B12769F11CB94208DA04
:10172000596E71B1216904368E4202F16002E4DB28
:1017300009E00E4607E046F0010604E046F0020626
:1017400001E046F0030621698E4217DA06EB4601F6
:1017500044F6975204EBC101C0F602028A614DF6CD
:101760009922C2F20002CA614FF480620A6200222A
:101770008A624A62CA62BFF35F8F01E04FF0FF36B0
:1017800080F311884DF67820C2F2000006704DF605
:101790009820C2F2000006702078F6B2532833D0A9
:1017A0002046A821F0F739F90320206160614FF449
:1017B0008060C4F81880C4F81CA0206200201021AA
:1017C000A0626062E062C4F860806566A166532131
:1017D0002067E0666067BFF35F8F21704521472275
:1017E0006170A270E2702171522120226171A27198
:1017F000E171542121726172A072E07220736073F2
:10180000A073E073BFF35F8F43F60C47022EC4F260
:10181000020723D8EFF311804FF0200181F31188E4
:1018200096B106EB460144F6975204EBC101C0F6AF
:1018300002020A664DF6C112C2F200024A6608228E
:101840008A6600220A67CA6606EB460104EBC101FC
:1018500000224A67BFF35F8F80F311884DF6902115
:10186000C2F2000100250D70DBF804004DF68C2259
:10187000C2F2000210604DF68422C2F20002012082
:1018800010704DF68822C2F2000210704DF67C22D4
:1018900044F6E973C2F20002C0F6000313604DF68D
:1018A0007422C2F2000215704FF624420870CFF67F
:1018B000FF72B95840F2284641F00201B95057F87A
:1018C0000910C4F2020641F0020147F809104FF670
:1018D0008041CFF6FF717A58022342F080727A502D
:1018E00056F8281C56F81C2C60F38F3160F38F32A9
:1018F00046F8281C46F81C2C56F8241C4DF60C04FF
:1019000041F0800146F8241C56F8201CC2F2000465
:1019100021F4404146F8201C8021316056F8081C13
:1019200056F8042C63F3175146F8081C46F8042CAB
:1019300056F8281C56F81C2C63F38B2160F38B227D
:1019400046F8281C46F81C2C56F8241C41F02001AF
:1019500046F8241C56F8201C21F4406146F8201C4F
:1019600056F8281C56F81C2C60F3114160F3114204
:1019700046F8281C46F81C2C56F8240C40F200426D
:1019800040F4807046F8240C56F8200CC4F2000293
:1019900020F4403046F8200C4FF4807030604FF651
:1019A0001440CFF6FF70395841F0020139503958D0
:1019B00021F00201395045F6BF50906210680021B5
:1019C00020F07000106010681060106810604FF414
:1019D000FA60D062106820F44070106010681060E7
:1019E000506940F001005061106A20F01000106250
:1019F000906920F440709061106A40F0100010620D
:101A0000106A20F020001062106A40F0200010627E
:101A10004FF47A709063906920F4E040906190698F
:101A200040F4E0409061906920F40060906190691A
:101A30009061106840F080001060106840F008006D
:101A400010606FF0010010616FF0040010614DF242
:101A5000A530C2F20000057020460022F8F7A2FC73
:101A60004BF6F810C2F2010001210122F8F79AFCAE
:101A70006420F1F7D3FC40F6B000C2F2000004602D
:101A8000FFF70CF94EF224744EF2180B0028C2F244
:101A90000004CEF2000B00F0AC864DF60C01C2F251
:101AA000000191F8310001280BD0022840F0438654
:101AB00041F288304DF60C010A900120C2F200017B
:101AC00003E04FF0FF300A9000200C90CF6AC86905
:101AD0003946002F08BF4FF4807108900138B0FBE1
:101AE000F1F045F2080941F2004406900020C4F2EA
:101AF0000109C4F20104079109904FF0FF0A04E0C4
:101B000006980999814200F21686079A099B08995E
:101B100002FB032602FB03F0B142B8BF0E460133BD
:101B20000E9620EAE07603FB02F081420993B8BFEB
:101B30000846B0420F96E3D00F990023461A0025BD
:101B40000D960BE0DDE911530D9EBBF1000F00F186
:101B5000F2853D44AE4203F10103D1D9DDF83CC02A
:101B60000E9907FB03C04DF60C02A1EB0008C2F270
:101B700000024745B8BFB846A6EB050B92F8320005
:101B80005F45B8BFBB46032805EB0C011293CDE9B6
:101B900010153FD0022825D0012840F0CC85CDF883
:101BA0002C804DF60C08C2F20008D8F8041098F802
:101BB000000098F802203E4641F62807C4F20207CA
:101BC0000AF0C4FA98F80100032849D8DFE800F0C9
:101BD000023A3E4140F61841C4F2020110230B6163
:101BE0003EE000BF5168107892780AF0AFFA4DF6E7
:101BF0000C02C2F200025078032800F29D80DFE858
:101C000000F0028B8E9540F61841C4F202011023B9
:101C10000B6191E05168107892780AF097FA4DF6CE
:101C20000C02C2F200025078032800F2ED80DFE8D7
:101C300000F002DBDEE540F61841C4F20201102399
:101C40000B61E1E04FF48061396009E040213960C7
:101C500006E041F22841C4F2020140230B6000BFBC
:101C600098F8001051B3012946D1D9F8001089071E
:101C70000CD4D9F8001089075CBFD9F800105FEACE
:101C8000817103D4D9F800108907EED50621C9F86F
:101C90000410D9F8001009060CD5D9F8001009066F
:101CA00044BFD9F800105FEA016103D5D9F80010EC
:101CB0000906EED409F104011DE000BF2168090600
:101CC00009D4216809065CBF21685FEA016102D47A
:101CD00021680906F2D5062161602168890609D4C8
:101CE000216889065CBF21685FEA816102D42168AE
:101CF0008906F2D5211D0968032800F2EF80DFE88C
:101D000010F00400DB00DE00E60040F61840C4F2EC
:101D1000020010210160E1E04FF4806100E0402109
:101D200041F62803C4F20203196005E041F228419C
:101D3000C4F2020140230B60117849B3012945D157
:101D4000D9F8001089070CD4D9F8001089075CBFB6
:101D5000D9F800105FEA817103D4D9F8001089071F
:101D6000EED50621C9F80410D9F8001009060CD5E3
:101D7000D9F80010090644BFD9F800105FEA0161E4
:101D800003D5D9F800100906EED409F104011CE0CE
:101D90002168090609D4216809065CBF21685FEA49
:101DA000016102D421680906F2D50621616021682B
:101DB000890609D4216889065CBF21685FEA8161D0
:101DC00002D421688906F2D5211D0968032800F292
:101DD000AF80DFE800F0029B9EA640F61840C4F2F8
:101DE000020010210160A3E04FF4806100E0402177
:101DF00041F62803C4F20203196005E041F22841CC
:101E0000C4F2020140230B60117849B3012945D186
:101E1000D9F8001089070CD4D9F8001089075CBFE5
:101E2000D9F800105FEA817103D4D9F8001089074E
:101E3000EED50621C9F80410D9F8001009060CD512
:101E4000D9F80010090644BFD9F800105FEA016113
:101E500003D5D9F800100906EED409F104011CE0FD
:101E60002168090609D4216809065CBF21685FEA78
:101E7000016102D421680906F2D50621616021685A
:101E8000890609D4216889065CBF21685FEA8161FF
:101E900002D421688906F2D5211D0968032800F2C1
:101EA0006F80DFE800F0025A5D6540F61840C4F22A
:101EB00002001021016063E04FF4806000E04020E8
:101EC00041F62801C4F2020141F8100C06E041F28B
:101ED0002840C4F20200402140F8101C3746F1F7B8
:101EE00059FB4DF60C03C2F200035878DDF82C8044
:101EF000032800F26D80DFE800F0025A5D6440F6CE
:101F00001840C4F202001021016161E04FF48060CA
:101F100000E0402041F62801C4F2020141F8100C13
:101F200006E041F22840C4F20200402140F8101CB3
:101F3000F1F730FB4DF60C02C2F200025078032894
:101F400000F2F080DFE800F002DDE0E740F6184044
:101F5000C4F2020010210161E4E04FF4806000E06F
:101F6000402041F62801C4F2020141F8100C07E0BC
:101F700041F22840C4F20200402140F8101C00BF8A
:101F8000F1F708FB4DF60C02C2F20002507803286C
:101F900000F22881DFE810F00400150118011F018C
:101FA00040F61840C4F20200102101611AE14FF41A
:101FB000806000E0402041F62801C4F20201086080
:101FC00006E041F22840C4F202004021016000BF57
:101FD000187858B3012840F05781D9F800108907C4
:101FE0000CD4D9F8001089075CBFD9F800105FEA5B
:101FF000817103D4D9F800108907EED50221C9F800
:102000000410D9F8001009060CD5D9F800100906FB
:1020100044BFD9F800105FEA016103D5D9F8001078
:102020000906EED409F104011DE000BF216809068C
:1020300009D4216809065CBF21685FEA016102D406
:1020400021680906F2D5022161602168890609D458
:10205000216889065CBF21685FEA816102D421683A
:102060008906F2D5211D096860B3012840F00B8173
:10207000D9F8000080070CD4D9F8000080075CBFB5
:10208000D9F800005FEA807003D4D9F80000800717
:10209000EED51098C0B2C9F80400D9F800000006C7
:1020A0000CD5D9F80000000644BFD9F800005FEA5B
:1020B000006003D5D9F800000006EED4D9F804007A
:1020C000E1E000BF2068000609D4206800065CBF7C
:1020D00020685FEA006002D420680006F2D51098FC
:1020E000C0B260602068800609D4206880065CBFAA
:1020F00020685FEA806002D420688006F2D56068BC
:10210000C1E04FF4806000E0402041F62801C4F2B5
:102110000201086006E041F22840C4F202004021BA
:10212000016000BF107848B3012845D1D9F80010EC
:1021300089070CD4D9F8001089075CBFD9F80010C2
:102140005FEA817103D4D9F800108907EED5022126
:10215000C9F80410D9F8001009060CD5D9F80010F8
:10216000090644BFD9F800105FEA016103D5D9F828
:1021700000100906EED409F104011CE021680906EB
:1021800009D4216809065CBF21685FEA016102D4B5
:1021900021680906F2D5022161602168890609D407
:1021A000216889065CBF21685FEA816102D42168E9
:1021B0008906F2D5211D0968109989B209F056FEE9
:1021C0005DE04FF4806000E0402041F62801C4F259
:1021D0000201086006E041F22840C4F202004021FA
:1021E000016000BF107848B3012845D1D9F800102C
:1021F00089070CD4D9F8001089075CBFD9F8001002
:102200005FEA817103D4D9F800108907EED5022165
:10221000C9F80410D9F8001009060CD5D9F8001037
:10222000090644BFD9F800105FEA016103D5D9F867
:1022300000100906EED409F104011CE0216809062A
:1022400009D4216809065CBF21685FEA016102D4F4
:1022500021680906F2D5022161602168890609D446
:10226000216889065CBF21685FEA816102D4216828
:102270008906F2D5211D0968109909F089FE4DF6ED
:102280000C03C2F200031878002800F089800128AE
:1022900040F0EE80BBF1010FC0F2EA80A8F101002E
:1022A000032880F0198118F0030000F0E180D9F8CC
:1022B000001089070CD4D9F8001089075CBFD9F841
:1022C00000105FEA817103D4D9F800108907EED5B8
:1022D000C9F804A0D9F8001009060CD5D9F80010E7
:1022E000090644BFD9F800105FEA016103D5D9F8A7
:1022F00000100906EED4D9F80410012800F0B880C7
:10230000D9F8001089070CD4D9F8001089075CBFF0
:10231000D9F800105FEA817103D4D9F80010890759
:10232000EED5C9F804A0D9F8001009060CD5D9F8E3
:102330000010090644BFD9F800105FEA016103D517
:10234000D9F800100906EED4D9F80410022800F0DC
:102350008F80D9F8000080070CD4D9F800008007DE
:102360005CBFD9F800005FEA807003D4D9F80000A0
:102370008007EED5C9F804A0D9F8000000060CD5F6
:10238000D9F80000000644BFD9F800005FEA0060F9
:1023900003D5D9F800000006EED409F1040065E089
:1023A000BBF1010F64DBA8F10100032880F040813C
:1023B00018F003005CD02168090609D421680906D9
:1023C0005CBF21685FEA016102D421680906F2D589
:1023D000C4F804A02168890609D4216889065CBF75
:1023E00021685FEA816102D421688906F2D56168BB
:1023F00001283DD02168090609D4216809065CBF7F
:1024000021685FEA016102D421680906F2D5C4F8A7
:1024100004A02168890609D4216889065CBF216867
:102420005FEA816102D421688906F2D561680228D9
:102430001ED02068000609D4206800065CBF206812
:102440005FEA006002D420680006F2D5C4F804A058
:102450002068800609D4206880065CBF20685FEA97
:10246000806002D420688006F2D5201D006800BF7D
:10247000587803281CD8DFE800F0020B091440F656
:102480001840C4F202001021016011E0402001E078
:102490004FF4806041F62801C4F2020141F8100CAB
:1024A00006E041F22840C4F20200402140F8101C2E
:1024B000F1F770F80C9800283FF444AB4DF60C008F
:1024C0000A99C2F200000FF0A5FEDDE911530D9E3E
:1024D00000287FF73EAB2EE128F00300002105E045
:1024E0000431D9F8042081423FF4DDAED9F8002050
:1024F000920709D4D9F8002092075CBFD9F80020D0
:102500005FEA827240F18E80C9F804A0D9F80020F9
:1025100012060DD5D9F80020120644BFD9F80020C4
:102520005FEA026204D5D9F800201206EED400BF9B
:10253000D9F80420D9F8002092070DD4D9F800204A
:1025400092075CBFD9F800205FEA827204D4D9F800
:1025500000209207EED500BFC9F804A0D9F80020EA
:1025600012060DD5D9F80020120644BFD9F8002074
:102570005FEA026204D5D9F800201206EED400BF4B
:10258000D9F80420D9F8002092070DD4D9F80020FA
:1025900092075CBFD9F800205FEA827204D4D9F8B0
:1025A00000209207EED500BFC9F804A0D9F800209A
:1025B00012060DD5D9F80020120644BFD9F8002024
:1025C0005FEA026204D5D9F800201206EED400BFFB
:1025D000D9F80420D9F8002092070DD4D9F80020AA
:1025E00092075CBFD9F800205FEA827204D4D9F860
:1025F00000209207EED500BFC9F804A0D9F800204A
:1026000012067FF56DAFD9F80020120644BFD9F845
:1026100000205FEA02627FF563AFD9F8002012065E
:10262000ECD45DE7D9F8002092077FF55FAF6BE748
:1026300028F00300002104E00431626881423FF485
:10264000B7AE2268120606D4226812065CBF226862
:102650005FEA02626AD5C4F804A02268920609D42F
:10266000226892065CBF22685FEA826202D4226816
:102670009206F2D562682268120609D42268120610
:102680005CBF22685FEA026202D422681206F2D5B9
:10269000C4F804A0226892060AD4226892065CBF9D
:1026A00022685FEA826203D422689206F2D500BFF4
:1026B00062682268120609D4226812065CBF22688A
:1026C0005FEA026202D422681206F2D5C4F804A0BE
:1026D000226892060AD4226892065CBF22685FEAEA
:1026E000826203D422689206F2D500BF6268226833
:1026F000120609D4226812065CBF22685FEA0262F1
:1027000002D422681206F2D5C4F804A02268920608
:102710003FF592AF226892065CBF22685FEA826250
:102720003FF58AAF22689206F0D585E72268120647
:102730007FF587AF8FE7FEF70BF850B14EF2180B1D
:102740004EF224740646CEF2000B0025C2F20004BD
:102750003EE040F6B000C2F20000006A4EF2180BF4
:102760004EF224740028CEF2000B4FF00005C2F2A6
:10277000000405F0AA85D4E91901C96AEFF72BF91D
:102780000027D4E91A016765C06A2166B1EBC00F62
:1027900088BFC100C4E916171BA92046F9F7E8F85D
:1027A000002805F040840646A06E416B19B9E06828
:1027B000EDF76BFEA06E816B19B9E069EDF765FE70
:1027C000A06EC06B002805F09B84002E05F09E844F
:1027D0000FF660304B2144F2E65244F68943CDE9CE
:1027E0000010C0F60202C0F6020301210296FEF7B5
:1027F0006DFC4EF66020F1F7D7FD4DF2C022C2F21B
:102800000002C2E900014BF64020C2F20100046060
:1028100050A844F64832159015AFC0F602021BA925
:1028200020460123169517950097FCF72DFA88B9D5
:102830004EF22475C2F200054DF298221BAEC2F290
:102840000002284631460C23FCF7BEFD28463146DF
:10285000FBF772FB4DF29824C2F2000420460A21D5
:10286000F0F75EFB6189884208D12078052805D100
:1028700060884FF6FF71884205D106E00520208070
:1028800001206060208101306080606801306060FC
:10289000F1F7DCFF4DF2A821C2F2000110B1086887
:1028A000013008604DF2B020C2F200000121017039
:1028B00050A815904EF2247044F636320026C2F22B
:1028C0000000C0F602021BA9012315AF1696179649
:1028D0000097FCF7D9F9002823D44EF224754EF264
:1028E0003859C2F20005C2F200091BAF284639462A
:1028F0004A465023FCF768FD044628463946FBF754
:102900001BFB502C0DD100280BD448464E21F0F76C
:1029100007FBB9F84E10884203D199F8000002284D
:102920002CD04EF23854C2F2000420465021EFF76A
:1029300074F8022020700020F0F7ACFBC4F84200CD
:102940000120F0F7A7FBC4F846000220F0F7A2FB35
:10295000C4F84A004FF48270A0802081A0812082B8
:102960004FF0FF3060612083606BA67140F00A0079
:10297000A672A673A6746063A4F84E6047F6102A88
:10298000C1F6FF7ADAF80010DAF80470DAF80820F5
:10299000DBF8E83C4DF662001D0EC2F20000057047
:1029A0001D0C45701D0AC370130E4FEA112C4FEA1F
:1029B000114E4FEA11684FEA17293C0C3E0E857004
:1029C000150A0371130CC1734EF2385143718571AE
:1029D000C2710672447280F80A90C77280F80C8047
:1029E00080F80DE080F80EC0C2F20001D1F84680F8
:1029F000DAF80090DAF80440DAF80830DBF8E82C6E
:102A0000FF2181EA126745F6D071C0F6020151F844
:102A100027706FF0FF0E87EA0E07C2F3074686EABB
:102A2000176651F82660150E86EA0726C2F30727B7
:102A300087EA166751F82770057087EA0626D7B22D
:102A400087EA166751F82770C27087EA0626370EA4
:102A500087EA136751F82770C37187EA0626C3F324
:102A6000074787EA166751F82770C47287EA062578
:102A7000C3F3072686EA156651F82660170C86EA26
:102A80000525DEB286EA156651F82660477086EAAB
:102A900005252E0E86EA146651F82660170A86EA86
:102AA0000525C4F3074686EA156651F82660877047
:102AB00086EA0525C4F3072686EA156651F82660DE
:102AC0001F0A86EA0525E6B286EA156651F82660F1
:102AD000D44686EA0522150E85EA196551F8255077
:102AE0001E0E85EA0222C9F3074585EA126551F8F0
:102AF0002550067185EA0222C9F3072585EA126589
:102B000051F825501E0C85EA02225FFA89F585EA04
:102B1000126551F82550467185EA02256FF00302CF
:102B200002EA955686F048068E59877186EA052591
:102B300002EA955686F0D0068E5980F80F9086EA04
:102B4000052302EA935585F4AC754D59260E85EAA6
:102B5000032302EA935585F4F0754D59067285EA10
:102B6000032302EA935585F410754D59260C85EA26
:102B7000032302EA935585F42B754D59467285EA75
:102B8000032302EA935585F44D754D59260A85EACB
:102B9000032302EA935585F46F754D59867285EAD1
:102BA000032302EA935585F040054D594FEA192653
:102BB00085EA032302EA935585F008054D5986738B
:102BC00085EA032302EA935484F0C0040C594FEAC7
:102BD000196584EA032302EA935484F010040C5923
:102BE000057384EA032302EA935484F4A0740C5915
:102BF0004FEA194584EA032302EA935484F0180447
:102C00000C59457384EA032302EA935484F4E07474
:102C10000C59FF2684EA032302EA935484F020042B
:102C20000C5984EA032343440133B3FA83F34DF28E
:102C3000B1245B09C2F2000423704EF23853C2F291
:102C40000003D3F84A80DAF80090DAF804A0DCF840
:102C50000830DBF8E87CC37186EA176651F8266015
:102C6000C7F3074586EA0E0685EA166551F8255032
:102C70003C0E85EA0626C7F3072585EA166551F856
:102C80002550047085EA0626FDB285EA166551F8DE
:102C900025503C0C85EA0626350E85EA136551F869
:102CA0002550447085EA0626C3F3074585EA166574
:102CB00051F825503C0A85EA0626C3F3072585EA24
:102CC000166551F82550C77085EA0626DDB285EAFB
:102CD000166551F82550847085EA0626350E85EA7A
:102CE0001A6551F8255080F80BA085EA0626CAF32C
:102CF000074585EA166551F8255080F80F9085EA5A
:102D00000626CAF3072585EA166551F8255085EA97
:102D100006275FFA8AF686EA176651F826601D0EC6
:102D200086EA07273E0E86EA196651F82660057185
:102D300086EA0727C9F3074686EA176651F8266030
:102D40001D0C86EA0727C9F3072686EA176651F89D
:102D50002660457186EA07275FFA89F686EA1766D4
:102D600051F826601D0A86EA072702EA975686F47C
:102D70002B768E59857186EA072702EA975686F4E4
:102D800090768E5986EA072302EA935787F41077E4
:102D9000CF594FEA1A6687EA032302EA935787F46A
:102DA0004477CF59067287EA032302EA935787F4E0
:102DB000AA77CF594FEA1A4687EA032302EA9357C4
:102DC00087F42177CF59467287EA032302EA9357A3
:102DD00087F4B877CF594FEA1A2687EA032302EA25
:102DE000935787F47177CF59867287EA032302EAF3
:102DF000935787F04407CF594FEA196687EA0323B0
:102E000002EA935787F0BC07CF59067387EA03237A
:102E100002EA935787F00C07CF594FEA194687EA21
:102E2000032302EA935787F48677CF59467387EADC
:102E3000032302EA935787F05407CF594FEA192624
:102E400087EA032302EA935787F4D677CF5986732C
:102E500087EA032302EA935787F45777CF5987EA23
:102E6000032302EA935282F4797289584EF238575A
:102E700081EA032040440130B0FA80F04DF2B221E3
:102E80004009C2F20001C2F200070870F1F72CFD00
:102E9000387905240528A8BF2046013843F60029C3
:102EA0000428C0F6020994BF59F820104FF41651B7
:102EB0004DF650080020C2F20008F0F7CFFF387A34
:102EC00043F60C4A0528B8BF0446601E042894BF88
:102ED00059F820104FF416510120C4F2020A1BAD1C
:102EE000F0F7BCFF387905240528A8BF2046013833
:102EF000042894BF59F820104FF416510020F0F721
:102F0000ADFF4DF2C822387A7979C2F20002052865
:102F1000B8BF0446601E1170042894BF59F82010F1
:102F20004FF4165101200124F0F798FF3B7D4DF23C
:102F3000C82679797A7AC2F20006FF2B86F84840D3
:102F400086F86C4086F8904086F8B440787D317001
:102F500086F8242008BFFF2806D0388B7969ADF8A1
:102F600070001B911BA841E0B87DFF28F5D1F87DCA
:102F7000FF28F2D1387EFF28EFD1787EFF28ECD1F0
:102F80004BF6F810C2F20100017C71B390F83110D9
:102F90000139012929D8D0E90513876A1BAC2246DB
:102FA000062BA8BF0623009708F0B8FB06281CD103
:102FB0009DF86C009DF86D109DF8707001409DF8B3
:102FC00071009DF86E20FF389DF86F3018BF2046C5
:102FD000FF2F18BF2046FF2B18BF2046FF2A18BF1F
:102FE0002046FF2918BF204600E000204FF6244469
:102FF000CFF6FF7406F0D6F84DF2B420C2F200000E
:10300000032101704DF28920C2F200004FF0010C43
:1030100040F6A80180F800C0C2F200010420087048
:103020004DF28820C2F2000080F800C05AF8040077
:1030300040F6184340F0200041F228424AF80400CC
:10304000C4F20203C4F20202D3F8E80752F81C1CCF
:103050006CF315506CF31551C3F8E80742F81C1CCB
:1030600052F8240C4DF6C01320F4806042F8240C72
:1030700052F8200CC2F2000320F4401042F8200C59
:103080001F78A2F11000002F0C9008BF10464FF4DB
:103090008062026005F19000099005F180000790C0
:1030A00005F1D000B7FA87F105F1A00A059005F106
:1030B000C0009FEDA98B4DF661054DF2A8394DF684
:1030C0008D064DF6940E4909C2F20005C2F20009C0
:1030D000C2F20006C2F2000E19700690CDF820A0D0
:1030E00012E000BF4DF661054FF0010CC2F2000581
:1030F0004DF2E170C2F2000000784DF65008012850
:10310000C2F2000805F017804DF6C013C2F20003AA
:10311000187841F22842B0FA80F100280C98C4F2E5
:10312000020208BF10464FF4806202604DF2E07068
:10313000C2F2000000784909012819700BD14DF640
:103140004800C2F20000D0E900014DF64002C2F290
:103150000002C2E900014DF2A420C2F20000007892
:103160004DF6E003C2F2000310B105205CE000BFA1
:1031700040F20800C2F200000078002852D04DF65C
:103180004000C2F20000D0E9001000BFD8E90023DF
:10319000DBF80070D8E900655D4056402E431DD035
:1031A000D8E90023DBF80070D8E900655D4056409F
:1031B0002E4313D0D8E90023DBF80070D8E900656E
:1031C0005D4056402E4309D0D8E90023DBF800705B
:1031D000D8E900655D4056402E43D7D15BF8046CBA
:1031E0005BF8045C0136EF1B73430137E2FB0673A7
:1031F0004DF29022C2F20002D2E90026D2197341A8
:10320000891A9841C4F0D2874DF661054DF68D06B6
:103210004DF6E0030320C2F20005C2F20006C2F23E
:10322000000301E0032000BF4DF2B421C2F200010F
:1032300008704DF28920C2F2000080F800C040F210
:103240000800C2F200000078A0B140F20400C2F20F
:103250000000007840F6A80100284FF0000008BFE9
:103260000320C2F2000108704DF28820C2F2000073
:1032700080F800C04DF68C00C2F20000007830BB30
:103280004DF68C00C2F2000080F800C04DF67400CC
:103290000021C2F200003160B180C0E90011C0E934
:1032A0000211C0E90411CEE90011CEE90211CEE904
:1032B000041118466021EEF7B0FB4DF6940E4DF662
:1032C000E003C2F2000EC2F200034FF0010C4FF017
:1032D000000A85F800A01EE04DF2A0310020C2F2E5
:1032E000000101F80A004EF23850C2F2000000EB73
:1032F0008A0040794DF2C8220AEBCA01C2F20002EC
:1033000002F821000AF1010A5FFA8AF0062885F81E
:1033100000A082F023860AF00700012806D058BBDF
:10332000D9F81070002F3FD143E000BFD9F82C72BC
:10333000D7BB3EE06C66735F666F726D6174286D1B
:1033400061696E5F73746F7261676529206572725F
:103350006F722025640000000000000000000000E3
:103360000001020304050607080900000000000030
:10337000000A0B0C0D0E0F00AAF10200C0B20228C9
:1033800017D84BF2647244F22401C2F2020210FB1D
:10339000012044F21401415859B144F2180209893C
:1033A00080580F1A2FB100BF5FFA8AF0305C0228F4
:1033B0007CD15FFA8AF0315C022942F0ED844DF64F
:1033C000B001C2F2000101EBC00251F830105268A6
:1033D000D8E90037DBF80060D8E900547C405D4054
:1033E00025431DD0D8E90037DBF80060D8E9005448
:1033F0007C405D40254313D0D8E90037DBF80060FE
:10340000D8E900547C405D40254309D0D8E9003715
:10341000DBF80060D8E900547C405D402543D7D1FB
:103420005BF8045C5BF8044C0135A61B6F43013666
:10343000E3FB05674DF29023C2F20003D3E90035A8
:103440009B196F41C91A72EB070182F0F7814DF6A3
:103450008D064DF6E0030128C2F20006C2F2000319
:1034600002F0F981002842F0FD81D9F8041002F041
:10347000F4B900BF03EB0A1081683A220131816080
:103480004DF67400C2F2000040F82AC042F2341037
:1034900040F650310AFB00F0C2F2000106F80AC003
:1034A0004EF82AC00A54013F3FF483AF5FFA8AF016
:1034B00001282FD000285BD1D9F81000002800F097
:1034C0008380D9F81800484490F81C4159E8040F4B
:1034D000013849E8040191B159E8040F013849E87D
:1034E000040161B159E8040F013849E8040131B120
:1034F00059E8040F013849E804010029E6D1D9F858
:1035000018000130C9F81800D9F81800C0B2C9F87D
:1035100018005AE0D9F82C02002855D0D9F8340206
:10352000484490F8384300BF59E88B0F013849E808
:103530008B0191B159E88B0F013849E88B0161B1DA
:1035400059E88B0F013849E88B0131B159E88B0FED
:10355000013849E88B010029E6D1D9F8340201305D
:10356000C9F83402D9F83402C0B2C9F834022CE0E8
:10357000AAF10201C9B202297BD84BF2647244F26B
:103580002400C2F2020211FB002644F21400355856
:10359000002D00F0958444F2180170586A68431CAD
:1035A00073506989145C8B4280F095844DF66105F7
:1035B0004DF68D064DF6E003C2F20005C2F200069C
:1035C000C2F2000301E000BF002495F800A04FEA1A
:1035D0000A115A5816F80A00013201285A5007D029
:1035E00000287FF460AF3A2C3FF444AF5BE700BFA4
:1035F0003A2C3FF43FAF0D2C49D103EB0A10C168C0
:1036000042F234120131C1604DF2C8200AEBCA0601
:10361000C2F2000040F650340AFB02F500EB8608C7
:10362000C2F20004605DD8F8041012973A280EEB3D
:103630008A0701F10100C8F8040050D111973F68D2
:103640001AFB024007EB000B10901BF8020DCDE9AE
:103650000E56ECF741FF303816284ED843F6D111FC
:10366000C0F602010C5C43F6E811C0F602010E5CE4
:1036700045E001015A58335C0132012B4DF6E0035D
:10368000C2F200035A507FF40EAF002400E050460F
:103690005EF8201042F2331291423FF604AF4DF62D
:1036A000740EC2F2000E5EF8202040F6503C531C0F
:1036B0004EF8203042F23413C2F2000C4DF6940E54
:1036C00010FB03C3C2F2000E9C544DF6E00301311F
:1036D0004FF0010CC2F200034EF82010E3E64DF665
:1036E00050084DF661054DF68D060020C2F2000827
:1036F000C2F20005C2F2000636E0F02601249BF873
:103700000100ECF7E9FEA0F1300E4DF66105BEF1C7
:10371000160FC2F2000509D840F2FF30C0F27E0059
:1037200020FA0EF1C90701D0002C4DD04DF6940EB1
:10373000C2F2000E00204EF2180B4DF6E0034DF6DB
:103740008D06119F4EF82A0008F11000CEF2000BF2
:10375000C2F20003C2F2000601684DF650080131C2
:1037600001600020C2F2000895F800A038605EF801
:103770002A0010B3022006F80A004DF67400C2F2C7
:103780000000002140F82A100020F0F70DFE95F807
:1037900000A04DF6B004C2F200044DF6940E4DF6B2
:1037A000E00304EBCA02C2F2000EC2F200034FF0C3
:1037B000010C44F83A00516004E000204FF0010C85
:1037C00006F80A00129F6EE6B91E1FFA81FC4DF63C
:1037D000E003B346BCF1000FC2F200030ED0ACF11F
:1037E0000101109C4DF68D060329C2F200060DD290
:1037F000002122461CF0030327D132E0109C4DF635
:103800008D063A460021C2F2000630E02CF0030398
:103810000021224612F8046B043B12F8035C12F8F4
:10382000020C314412F8014C2944084400EB040115
:10383000F0D14DF661054DF68D06109CC2F20005E3
:10384000C2F200061CF003030BD092F800C0012B5B
:10385000614406D092F801C0022B61441CBF9278EB
:1038600011444DF6E0033A46C9B2C2F20003AFF28A
:10387000105010F80E00119F40EA0B0081420F9982
:1038800072D1033A50083860CDE90A2000F08D80EB
:1038900001274FF0000B012888BF074604EB4B04BB
:1038A0006078ECF719FE303816280BD843F6D111A2
:1038B000C0F602010E5C43F6E811C0F60201085C96
:1038C0000D9002E0F0200D900126A078ECF704FEA8
:1038D0003038162852D840F2FF31C0F27E01C14084
:1038E000C9074BD0002E49D1AFF28C51085C0D991D
:1038F000109C084304F80B000BF1010B5F45CDD180
:103900004DF2C8200F9AC2F20000217810F8220070
:103910004DF68D064DF6E003119F8142C2F200067E
:10392000C2F200034AD0FF2940F07A826178FF2971
:1039300040F076822070D8F82000D8F808100130C6
:10394000C8F82000481CC8F808004EF2180B4DF6C5
:1039500050084DF6940ECEF2000BC2F200084FF064
:10396000010CC2F2000E1BE34DF6940EC2F2000EE3
:1039700000204EF82A0008F114005AE24DF6940E89
:10398000C2F2000E00204EF2180B4DF68D064DF6D9
:10399000E003119F4EF82A0008F10C00CEF2000B54
:1039A000C2F20006C2F20003D6E64DF2C820C2F20F
:1039B000000010F821003A2840F03282D8F81C00AC
:1039C0006178D8F808200130C8F81C00501C8B1F03
:1039D0004EF2180B4DF6940EC8F80800F92B4FF074
:1039E0000400CEF2000B4FF0010CC2F2000E00F208
:1039F000B2870FF2140202EB83064DF6500808223C
:103A0000C2F20008B74600BF00F090BB00F096BBC2
:103A100001F099B801F097B801F095B801F093B8AA
:103A200001F091B801F08FB801F08DB801F08BB8BA
:103A300001F089B801F087B801F085B801F083B8CA
:103A400001F081B801F07FB801F07DB801F07BB8DA
:103A500001F079B801F077B801F075B801F073B8EA
:103A600001F071B801F06FB801F06DB801F06BB8FA
:103A700001F069B801F067B801F065B801F063B80A
:103A800001F061B801F05FB801F05DB801F05BB81A
:103A900001F059B801F057B801F055B801F053B82A
:103AA00001F051B801F04FB801F04DB801F04BB83A
:103AB00001F049B801F047B801F045B801F043B84A
:103AC00001F041B801F03FB801F03DB801F03BB85A
:103AD00001F039B801F037B801F035B801F033B86A
:103AE00001F031B801F02FB801F02DB801F02BB87A
:103AF00001F029B801F027B801F025B800F025BA87
:103B000000F023BA00F021BA00F01FBA01F01BB890
:103B100001F019B801F017B801F015B801F013B8A9
:103B200001F011B801F00FB801F00DB801F00BB8B9
:103B300000F05EB900F05CB900F05AB900F058B975
:103B400000F056B900F054B900F052B900F0FBBFD4
:103B500000F0F9BF00F0F7BF00F0F5BF00F0F3BFD1
:103B600000F0F1BF00F0EFBF00F0EDBF00F0EBBFE1
:103B700000F0E9BF00F0E7BF00F0E5BF00F0E3BFF1
:103B800000F0E1BF00F0DFBF00F0DDBF00F0DBBF01
:103B900000F0D9BF00F0D7BF00F0D5BF00F0D3BF11
:103BA00000F0D1BF00F0CFBF00F0CDBF00F0CBBF21
:103BB00000F0C9BF00F0C7BF00F0C5BF00F0C3BF31
:103BC00000F0C1BF00F0BFBF00F0BDBF00F0BBBF41
:103BD00000F0B9BF00F0B7BF00F0B5BF00F0B3BF51
:103BE00000F0B1BF00F0AFBF00F0ADBF00F0ABBF61
:103BF00000F0A9BF00F0A7BF00F0A5BF00F0A3BF71
:103C000000F0A1BF00F09FBF00F09DBF00F09BBF80
:103C100000F099BF00F097BF00F095BF00F093BF90
:103C200000F091BF00F08FBF00F08DBF00F08BBFA0
:103C300000F089BF00F087BF00F085BF00F083BFB0
:103C400000F081BF00F07FBF00F07DBF00F07BBFC0
:103C500000F079BF00F077BF00F075BF00F073BFD0
:103C600000F071BF00F06FBF00F06DBF00F06BBFE0
:103C700000F069BF00F067BF00F065BF00F063BFF0
:103C800000F061BF00F05FBF00F05DBF00F05BBF00
:103C900000F059BF00F057BF00F055BF00F053BF10
:103CA00000F051BF00F04FBF00F04DBF00F04BBF20
:103CB00000F049BF00F047BF00F045BF00F043BF30
:103CC00000F041BF00F03FBF00F03DBF00F03BBF40
:103CD00000F039BF00F037BF00F035BF00F033BF50
:103CE00000F031BF00F02FBF00F02DBF00F02BBF60
:103CF00000F029BF00F027BF00F025BF00F023BF70
:103D000000F021BF00F01FBF00F01DBF00F01BBF7F
:103D100000F019BF00F017BF00F015BF00F013BF8F
:103D200000F011BF00F00FBF00F00DBF00F00BBF9F
:103D300000F009BF00F007BF00F005BF00F003BFAF
:103D400000F001BF00F0FFBE00F0FDBE00F0FBBEC2
:103D500000F0F9BE00F0F7BE00F0F5BE00F0F3BED3
:103D600000F0F1BE00F0EFBE00F0EDBE00F0EBBEE3
:103D700000F010BA00F022BA00F060B800F03FB9CD
:103D800000F02FBA00F05AB800F039B900F01BBAB1
:103D900000F054B800F033B900F01BBA00F04EB890
:103DA00000F022BA00F04AB800F026BA00F0CBBE0C
:103DB00000F0C9BE00F0C7BE00F0C5BE00F0C3BE33
:103DC00000F0C1BE00F0BFBE00F0BDBE00F0BBBE43
:103DD00000F0B9BE00F0B7BE00F043BA00F06FBA11
:103DE00000F0D1BA00F0AFBE00F0ADBE00F0D8B820
:103DF0000B9D5039119BA81E0629186000F22683DE
:103E0000109C0234DFE811F01C0307003A0353034F
:103E100070037C030700042840F0948604207DE3AF
:103E20004DF6940EC2F2000E00204EF82A0008F162
:103E300018004EF2180BCEF2000B8DE4109AA1F18F
:103E4000E206134653F8060F92F9054000BA509067
:103E50000B2E4FF0FF0000F283850FF2140202EBED
:103E60008605E1B24FF0080C00220127AF4600BFE3
:103E700000F016B801F0A1B901F09FB901F099B9AD
:103E800001F09BB901F099B900F04BBB01F095B975
:103E900001F093B900F0A5BB01F08FB900F0B7BBFA
:103EA0000B980A2840F0AE8348B250A90222EEF7E0
:103EB00035FB8446013000F08685002200F08BBD82
:103EC0004DF661054DF68D060024C2F20005C2F2E2
:103ED0000006FFF77ABB3068002800F0BF80D0E909
:103EE000093241F2D06CD0F830E012EB010838BF53
:103EF000C44641F2D062904588BF41F2D06CC28E78
:103F000040F6683A524528BF52460CEB030872440B
:103F1000A8EB0202B2F1FF3FC0F828C040F3938043
:103F2000A8EB0E0240F2B4534DF650089A42C2F28A
:103F30000008C0F82CC0C0F09180418B41F0020114
:103F4000418309F0C5FD698988E0A1F143004DF680
:103F50008D064DF6E0030328C2F20006C2F200030C
:103F60004FF0010400F27D82109A951CDFE810F0FA
:103F700004003A045F0481040A984FF0010C1828E9
:103F8000C0F0E0852E78012E00F0BC854DF60C02C5
:103F9000002EC2F2000240F0BC85106A00F0BABDEB
:103FA0000B98022840F0CE8510994DF640164FF43C
:103FB0008870C2F20006C1F8020030468C1DECF792
:103FC0006DFD0546421C20463146EEF7C9F9062034
:103FD000119910FA85F008604DF2E0704DF6940EDC
:103FE0000124C2F20000C2F2000E04704DF68D06EC
:103FF0004DF6E003C2F20006C2F2000331E2109E69
:10400000E329707956F8062F509200F05F840B9ADE
:10401000E62900F07184119CE92940F08C844DF66A
:104020006105062AC2F2000540F0A5840027002899
:10403000CDE94E77CDE94C774B9700F0D28406223C
:10404000052000F04DBDAEEB03024DF65008B2F175
:10405000FF3FD8BF0022C262C2F2000844F21C0235
:10406000B0580844B050286844F214013144086044
:1040700010B1817B0131817344F218004DF6E003E9
:104080004DF6940E06EB000AC2F20003C2F2000ED7
:104090000BE000BF016988474DF6940E4DF6E00332
:1040A000C2F2000EC2F200038DB3A97B01390A06E9
:1040B000A9732CD1697B28462D688907EAD4017B36
:1040C00011F00F0120D001290DD00229ECD14BF6BF
:1040D000481CC2F2010CBCF808104BF6D816013986
:1040E000C2F201060AE04BF6381CC2F2010CBCF821
:1040F00008104BF6D4160139C2F201063268ACF84A
:10410000081002603060CFE704F006F9C4E74DF60E
:1041100061054DF68D060020C2F20005C2F20006D0
:104120004FF0010CCAF80000FFF74FBA0B981228A5
:104130004FF0020008BF0B2000F005BD0B980228CD
:1041400040F0008547F61022C1F6FF7210685168F2
:104150009268DBF8E83C109D1E0EAE701E0CEE70EF
:104160001E0A6B71130EAB71130CEB71130A6A729A
:104170000A0EAA720A0CEA720A0A6973010EA9737E
:10418000010CE973010A2E712B722A732974687469
:10419000122010E00B98022840F0D48410990020DF
:1041A000C1F802004FF09850C1F806004FF080703F
:1041B000C1F80A000E201199086049E10B980A28FD
:1041C0000BD000F0BFBC0B98062840F0BB84062043
:1041D00004E00B98062840F0B5840A2011990522C6
:1041E0000860104600F0AFBC0B980222022808BFFE
:1041F0000522104600F0A7BC0B980A2840F0A284C4
:10420000109F57F8020F05BA41F2B81085424FF0DF
:10421000050000F298847B681CBA012CC0F29384DC
:1042200041F28500844228BF0446601941F2B91268
:10423000904288BF541B20BA1099000C0881200CB2
:10424000C871200E8871601E032840F20000CBF672
:104250001110C1F80A0080F0D184AC46002000F0B3
:10426000E6BC0B98062840F06D84109841F234218A
:10427000D0F80200C5F2AA5100BA884240F04F813E
:104280001199022008604DF2B520C2F2000080F8BA
:1042900000C04DF2BB20C2F2000080F800A04FF435
:1042A000FA70F0F781F84DF6940E4DF65802C2F20E
:1042B000000E0124C2F20002C2E9000196E60B984A
:1042C0000A2840F03F84109A45F27861D2F8020043
:1042D000C1F2342100BA884240F02181D088002800
:1042E00040F01D81557A0520052D00F22C84117AAD
:1042F00081F0FF018D4240F026844DF68D064DF68B
:10430000E003BAF1010FC2F20006C2F200034FF05F
:10431000010400F2A68043F6B440C0F60200514604
:104320002A460124ECF7EEF84EF23850C2F20000B3
:1043300000EB8A0005714FF47A70F0F735F845F616
:104340004012C2F20202C2E900014BF62C20C2F276
:10435000010004704DF2B620C2F2000000F80A40DD
:104360006420F0F721F84DF658024DF6940E4DF604
:10437000E003C2F20002C2F2000EC2F20003012406
:10438000C2E900016DE00B980A2840F0DB83109A27
:1043900046F28971D2F80200C2F2453100BA884271
:1043A00040F0BD80D088002840F0B980107A557A5E
:1043B00080F0FF00854240F0B280002D4FF00500F4
:1043C00000F0C183FF2D00F0BE834DF68D064DF643
:1043D000E003BAF1010FC2F20006C2F200034FF08F
:1043E00001043ED843F6C740C0F6020051462A46B3
:1043F000ECF788F84EF23850C2F2000000EB8A0069
:1044000045714FF47A70EFF7CFFF45F64012C2F2D4
:104410000202C2E900014BF62C200124C2F2010085
:1044200004704DF2A0304DF6940E4DF6E003C2F24A
:104430000000C2F2000EC2F2000300F80A4010E0D1
:10444000002840F07F8300202060042002301860A4
:104450004DF68D064DF6E003C2F20006C2F20003EF
:10446000012411984DF6610502684DF2A530C2F2A3
:1044700000000470C2F2000500F0B5BE142840F040
:1044800061831098D0F80A0006BA06F10C052046A0
:104490002946EEF7EDFC4DF6940E40BA119BC2F2A0
:1044A000000E4FF0010C605306F10E0036E01228AA
:1044B000C0F04883109E2946143D7019408A043983
:1044C00007BA2046EEF7D4FCB0EB174F40F07382EA
:1044D00028BA4DF6940E119BC6F80A000C204FF036
:1044E000010CC2F2000E19E00C2840F02B8310984A
:1044F000D0F8060000BA002840F02483119B8DE418
:10450000042840F01F8310990020C1F81200C1F860
:104510000E00C1F80A00C1F806001420186005203A
:1045200011E30B98062840F06D801BA8C0210F9363
:10453000EDF773FA45F252704F9006980021C0E9EA
:104540000011C0E902110621112C4FF0050C00F2F8
:104550002586DFE814F01200F9030704340463042D
:1045600080049D042306230623062306D1040605A2
:1045700023054205610580059F0543F62C111BA804
:10458000C0F602018022EDF7F4F9079F099A002096
:1045900046F22541C7E90000C7E90200C2E9001060
:1045A000C2E9020043F6B010C0F60200D0E900E113
:1045B00000F10806D0E90554D0F81CC008984CCE8C
:1045C000C0E900E100F108014CC1C0E90554C0F8A0
:1045D0001CC0012101203E461BAC0B904E9100F007
:1045E0008EBD0B9806280DD148B250A90022EDF7D8
:1045F00095FF509A844610BA109A0A21C2F8060014
:1046000000F0CCBD4FF0020C002200F0D2BD0B98A0
:104610000022022840F0A7814DF2A420C2F200003F
:1046200000781199DDF840C027EA000048F2100533
:104630000A608CF805008CF80420ACF80220C4F263
:104640000205686B696B6B6B01F47F4103F47F03B8
:104650001944C0B2084400BA010A6E6B2E6B2E6B6F
:104660008CF80910010C000E8CF808108CF807006B
:104670008CF80620686B686B686B686B296B2B6B1A
:104680004DF29824C2F20004C3F30723C9B266684E
:1046900048F6890541EA0321C8F688054BBA09BAEC
:1046A000A6FB0565090E000E8CF80C108CF80B00AB
:1046B0006809618800BACCF80E0008BA2189000C9C
:1046C000ACF8140008BA4DF2A821C2F20001096842
:1046D000000CACF8180008BA4DF2B2218CF80D307D
:1046E000C2F200014EF238530978C2F20003CCF84E
:1046F0001A00D3F84A0050918CF82110996B00BA37
:10470000CCF8220008BAB3F84010CCF8260008BA5A
:104710004EF28851C2F2000191F83910000CACF849
:104720002C0048078CF80A20ACF81220ACF81620B0
:104730008CF820208CF81F208CF81E208CF82B2061
:104740008CF82A200FD54EF23650C2F200004EF2FD
:1047500037510078C2F200010978022202EA4000D3
:1047600061F38300421C4EF23855C2F2000595F801
:10477000340005F11C03C0F340018CF831208CF8A3
:1047800035100ECBEE6A09BACCF8361011BACCF857
:104790003A1019BA2A6BCCF83E1031BACCF8421054
:1047A000110A8CF84810110C00248CF84710110ED7
:1047B00000F001008CF83040ACF82E408CF834400A
:1047C000ACF8324050928CF849208CF846108CF8A6
:1047D0004D008CF84C40ACF84A404FF0FF0C4E2294
:1047E00000F0E7BC0B984FF0010C072840F0AA81BD
:1047F0002B78012B3FF693AE002B00F051824DF643
:104800000C00C2F20000012B0CBF4FF480570027B0
:104810001099D1F8031009BA00293FF580AE012B99
:1048200000F07082002B7FF47AAE426A6CE20B9843
:10483000022840F09C804DF60C01C2F20001D1E943
:104840000810109A00BAC2F8020008BA000C1081D1
:10485000080CD071080E90710020CEF20100C2F851
:104860000A004FF48010C2F80E001220119D28603B
:10487000F7E50B984FF0010C062840F06381109C7F
:10488000A078E27823790004617940EA0220184494
:1048900041EA002001283FF642AE012904F106005A
:1048A00000F00A82119D00294FF0010440F01E82A1
:1048B00045F6AC71C0F602012122EDF751FD4DF62F
:1048C000940EC2F2000E0124262010E20B99062954
:1048D0005CD140B250A9EEF733FA5099109A4DF6D8
:1048E000940E4DF68D064DF6E003119CC2F2000EBB
:1048F000C2F806100A2215E0119C022A4CD10020B1
:104900002060002050A9EEF71BFA5099109A4DF63E
:10491000940E4DF68D064DF6E003C2F2000EC2F87D
:1049200002100622C2F20006C2F200034DF6610533
:10493000C2F20005DCE04DF68D064DF6E0034DF6C3
:104940006105FF20C2F20006C2F200030127C2F295
:10495000000500F03FBC4DF65008C2F20008F2E03E
:10496000012700F02ABC4FF0020C00F022BC4FF0EF
:10497000010C0220E7E04DF68D064DF6E003022023
:10498000C2F20006C2F200030127B6E04DF68D0622
:104990004DF6E003119C03E04DF68D064DF6E00365
:1049A0000220C2F20006C2F2000301274DF66105A3
:1049B000C2F20005A1E001204DF6940E4FF0010C6B
:1049C000C2F2000EBFE05098109900BAC1F806007C
:1049D0004FF0FF0C0A224DF6940E0127C2F2000E92
:1049E000E7E343F280011BA8C0F602018022ECF746
:1049F000C0FF43F29472C0F60202D2E90001089CA3
:104A0000079D206090686160D168A0601069E160D6
:104A10005169206190696161D169C5E90277C4E992
:104A2000060146F27350C0F26300C5E90007099918
:104A300042F62560C6F23060C1E900074FF0BF4082
:104A40004C901BA8C1E90277ECF728F8471C3046C8
:104A50001BA93A46EDF784FCF0190F902846ECF7B5
:104A60001DF8421C0F9829461546EDF779FC781978
:104A7000099D0F9037182846ECF710F8421C38466D
:104A800029461546EDF76CFC0F9828440F9037180F
:104A90002046ECF703F8451C384621462A46EDF738
:104AA0005FFC0F98119C28442060304444F64B2151
:104AB00000264DF6610553EC182BC0F60201C4F236
:104AC000F0360027C2F20005CDE90076EBF726FDAF
:104AD00021684DF6940E0844C2F2000EC21DFF205C
:104AE0004DF68D064DF6E003C2F20006C2F2000359
:104AF000C1B2FF294FF0010702D00022226069E312
:104B0000FF2067E34DF60C024FF48050C2F2000222
:104B100000E000200B9B00F10C018B4212D1012E12
:104B20003FF6FDAC1099D1F803100CBA002C3FF5FC
:104B3000F6AC012E00F02C84002E7FF4F0AC516A0C
:104B400000F028BC02204DF2A5314DF68D064DF641
:104B5000E0034DF66105C2F20001C2F20006C2F2A6
:104B60000003C2F2000581F800C043F6C324C1B2BD
:104B7000C0F6020400F00F00205CDDF840C0090917
:104B80008CF806009CF80100615C020900F00F003F
:104B90008CF805109CF80010205CA75C8CF80400D1
:104BA000080901F00F01205C615C8CF801008CF8B1
:104BB000021008449CF80410072238444EF82A20BA
:104BC0003F2208449CF805108CF800209CF8062031
:104BD000084410443F30C0F3031100F00F00205C84
:104BE000615C8CF803708CF808000D20119F8CF824
:104BF00007108CF809000A20FEF7B6BD4FF6FC70CE
:104C0000C7F6FF7004EA000344F6EF50C0F6020056
:104C100028441099AC46461C002000BF351855F8B2
:104C2000015C0A1804308342C2F80E50F6D14DF6EA
:104C30008D0614F00303C2F2000616D044F6EF52BC
:104C400000EB0C01C0F60202109D525C2844012BBF
:104C500082730AD044F6EF52C0F6020211444A7839
:104C6000022BC2731CBF8978017404F10C0081B25D
:104C70003846EEF755F9109940BA214408820020D1
:104C8000C88111994DF6E0034DF6940E04F112001F
:104C90000124C2F20003C2F2000E0860FFF7E1BB7C
:104CA0004DF60C00C2F20000076A41F28B018F4200
:104CB0007FF7AEAD082046E746F66971C0F26E0197
:104CC000816046F26931C7F26141416047F24101BA
:104CD000C6F670414DF68D064DF6E00301601120D9
:104CE000C2F20006C2F200030124BFE506204DF621
:104CF0008D064DF6E003C2F20006C2F20003286002
:104D0000FFF7AFBB4FF4F0729142BFF608AC012B36
:104D100000F08283002B40F08283426A8A4240F294
:104D20007E8390F83120013A022A80F07883109A2D
:104D3000036A866A07325943009606F0EFFC0028A2
:104D400040F1C4830A2037E61BAC43F684012046B9
:104D5000C0F602018022ECF70CFE43F60812C0F602
:104D600002020CE01BAC43F2DC712046C0F60201EB
:104D70008022ECF7FEFD43F66002C0F602021068E6
:104D80005168089B079E186090685960D1689860C8
:104D90001069D9605169186190695961D16900221F
:104DA000C3E90601099947F63000C3F225000860FF
:104DB00045F63600C6E90022C6E90222C8E01BAC6F
:104DC00043F210712046C0F602018022ECF7D1FDBB
:104DD00043F2B872C0F60202D2E90001089B079EB6
:104DE000186090685960D16898601069D9605169FD
:104DF000186190695961D1690022C3E9060146F63C
:104E00006870C7F27520306073200999C6E9010205
:104E100046F22540F260C1E900029AE01BAF43F27E
:104E200068613846C0F602018022ECF7A2FD0999BC
:104E3000002246F22540C1E900020020079E0B90A7
:104E400043F2EC60C0F60200C6E90022C6E9022285
:104E50008A60CA6038E01BAF43F2C0513846C0F6E2
:104E600002018022ECF785FD0999002246F22540D7
:104E7000079EC1E9000200200B9043F24460C6E99E
:104E80000022C6E902228A60CA60C0F602001BE066
:104E90001BAF43F218513846C0F602018022ECF7EE
:104EA00068FD0999002246F22540079EC1E90002EB
:104EB00000200B9043F29C50C6E90022C6E9022272
:104EC0008A60CA60C0F602000569D0F800E0416857
:104ED0008268C3680D9545698469D0F81CC008983C
:104EE000C0E900E10D99C0E90223C0E9041584611D
:104EF0003C46C0F81CC030E01BAC43F27041204679
:104F0000C0F602018022ECF734FD43F2F442C0F611
:104F10000202D2E90001089B079E18609068596060
:104F2000D16898601069D9605169186190695961B8
:104F3000D1690022C3E90601099947F63000C3F29E
:104F40002500C6E90022C6E90222086045F63200C3
:104F5000486000208A600B90CA6044F652704F90FF
:104F6000CDE01BAF43F270413846C0F6020180220B
:104F7000ECF7FFFC0999002246F22540079EC1E9A3
:104F8000000200200B9043F24C40C6E90022C6E923
:104F900002228A60CA60C0F6020099E01BAF43F2A9
:104FA000A4313846C0F602018022ECF7E2FC0999F0
:104FB00043F630000022C0F25800079EC1E900020B
:104FC00000200B9043F22840C6E90022C6E90222E5
:104FD0008A60CA60C0F602007AE01BAF43F2FC218F
:104FE0003846C0F602018022ECF7C3FC099943F26F
:104FF00025000022C5F63800079EC1E90002002006
:105000000B9043F28030C6E90022C6E902228A6092
:10501000CA60C0F602005BE01BAF43F25421384681
:10502000C0F602018022ECF7A4FC099943F22500A6
:105030000022C5F63800079EC1E9000200200B904F
:1050400043F2D820C6E90022C6E902228A60CA607B
:10505000C0F602003CE01BAF43F2AC113846C0F68C
:1050600002018022ECF785FC099943F22500002219
:10507000C5F63800079EC1E9000200200B9043F2FC
:105080003020C6E90022C6E902228A60CA60C0F662
:1050900002001DE01BAF43F204113846C0F60201C6
:1050A0008022ECF766FC099943F225000022C5F640
:1050B0003800C1E900020020079E0B9043F28810DF
:1050C000C0F60200C6E90022C6E902228A60CA6070
:1050D0000569D0F800E041688268C3680D954569AC
:1050E0008469D0F81CC00898C0E900E10D9984617A
:1050F0003C46C0E90223C0E90415C0F81CC02046A4
:10510000EBF7CCFC0F9F451C384621462A46EDF7AD
:1051100027F978190D903046EBF7C0FC441C0D9828
:1051200031462246EDF71CF92E19B8193C46099F65
:105130000D903846EBF7B2FC451C0D9839462A46CF
:10514000EDF70EF9089F2E4438463444EBF7A6FCE1
:10515000451C204639462A46EDF702F97019119C84
:105160000F9D44F624010B9B20602844C0F60201E9
:105170000022EBF7D3F921680844461C2660059C01
:10518000AF192046EBF78AFC451C384621462A46D3
:10519000EDF7E6F87019811D4FF0FF0C5FFA8CF007
:1051A0004DF6940EFF28C2F2000E00F0ED800022B2
:1051B000012711980B92026060464DF661054DF68D
:1051C0008D064DF6E0030B9AC2F20005C2F200060E
:1051D000C2F20003C1B2FF294DF2A531C2F20001B3
:1051E0000F707FF4C2AC4FEA420C0CF1010A42F29C
:1051F0003410824503D9119F0020FEF7B5BA43F65B
:10520000C321531EC0F6020167D412F003062AD050
:1052100010989646C25C00EB4305140902F00F0299
:105220008A5C0C5DAA70012EAEF102026C701BD07C
:10523000855C00EB42022C0905F00F050C5D4D5D0D
:1052400054709570022EAEF103020DD0865C00EB17
:105250004202350906F00F064D5D8E5D5570967061
:10526000AEF1040200E01A46032B36D31098431E19
:105270000E9800EB420640F65030C2F200000644A1
:105280009D186C78200904F00F04085C0C5D7070A8
:10529000B470985C043A040900F00F000C5D085CDF
:1052A00006F8014C307015F8010C040900F00F00ED
:1052B0000C5D085C06F8034C06F8020C15F8020CAD
:1052C000050900F00F004D5D085C06F8055C06F866
:1052D000040C501CA6F10806D2D11198109CC0F8FD
:1052E00000A04FF0FF3010FA8AF0212503280AF0C1
:1052F000030E257002D20026234614E01FFA8AF01E
:10530000A0EB0E05231F002613F8040F043D3044C4
:105310005E789C78DA783044204400EB0206F3D1C2
:1053200013F8045F109CBEF1010F06EB050203D0D9
:1053300058789B781044C21843F6C321C2F3031374
:10534000C0F6020102F00F02CB5C8A5C04EB0A009B
:1053500004F80A3042700CEB04000D214DF6610593
:105360004DF68D064DF6E0034DF6940E119FC1707B
:105370000CF10400C2F20005C2F20006C2F2000302
:10538000C2F2000EFEF7F0B90B91FF20012714E7DF
:105390004FF4F0718C42BFF6C2A8109945F63F2237
:1053A000D1F80710CEF61C3209BA91427FF4B7A8A3
:1053B00000F1090B28465946EDF7A6FF15F80B102A
:1053C000884240F09C801098012E00F10B024DF6AF
:1053D0000C00C2F2000000F099804EF2180B4DF65E
:1053E000940E002ECEF2000BC2F2000E40F021828D
:1053F000416AA14240F21D82036A03FB04F103F0FB
:10540000F9F84DF6940E4DF68D06119DC2F2000E80
:105410000124C2F2000602E248090E2802D90A203D
:10542000FFF791BB0020C0F60400109C00EB013098
:105430000021465C62184318D6715E7820311672DE
:105440009E78B1F5805F5672DE7896721E79D672BC
:105450005E7916739E795673DE7996731E7AD673CB
:105460005E7A16749E7A5674DE7A96741E7BD674B3
:105470005E7B16759E7B5675DE7B96751E7CD6759B
:105480005E7C16769E7C5676DE7C96761E7DD67683
:105490005E7D16779E7D5677DE7D96771E7ED6776B
:1054A0005E7E82F820609E7E82F82160DE7E82F839
:1054B00022601E7F82F823605E7F82F824609E7FD8
:1054C00082F82560DB7F82F82630B2D107F1050A29
:1054D00028465146EDF718FF4DF68D064DF6E003D0
:1054E0004DF6940E05F80A0007F108000124C2F2F7
:1054F0000006C2F20003C2F2000EFFF7B7B94EF287
:10550000180B0120CEF2000BFFF756BA60094EF2DD
:10551000180B4DF6940E0E28CEF2000BC2F2000EC0
:1055200000F2878143F61040C4F202000068B0F137
:10553000FF3F0FDC43F60C4040F22311C4F202009F
:10554000C4F2675140F8081C48F6AB11CCF6EF5195
:1055500040F8081C0020C0F6040000EB04314FF6B0
:10556000FC70C4F6FF7043F60C45C4F202052B68CC
:10557000DE0311D52B68DE0310D52B68DE030FD5B3
:10558000002800F0208143F60C43C4F202031B689C
:10559000DE0306D50438E6E7033002E0023000E01F
:1055A00001304DF68D06119DC2F2000601284FF024
:1055B000FF3000F02B8113F4E97340F0278143F6AC
:1055C00010434CF2D670C4F20203CAF6B810586108
:1055D00041F000401861186820F0F8001860186861
:1055E00040F002001860186840F4803018604FF6F0
:1055F000FC70C4F6FF7043F60C45C4F202052B683C
:10560000DE030FD52B68DE030ED52B68DE030DD528
:10561000F8B143F60C43C4F202031B68DE0306D55F
:105620000438E8E7033002E0023000E00130DE0534
:105630000BD41E060BD45E060DD4DE064FBF052329
:105640009B07062606EAE37306E0022304E0032331
:1056500002E007230FE004234EF2180B4DF650082A
:105660004DF6940ECEF2000BC2F20008C2F2000E0C
:10567000012808BF072343F61046C4F2020630692A
:1056800020F000403061306820F0020030604DF6BC
:105690008D06119DC2F2000613B14FF0FF30B5E048
:1056A000002312F803C04FF6FC70C4F6FF7043F6F7
:1056B0000C46C4F202063568EC0310D53568EC03DD
:1056C0000FD53568EC030ED500287CD043F60C4688
:1056D000C4F202063568EC0306D50438E7E7033068
:1056E00002E0023000E0013001284FF0FF307CD0B2
:1056F00015F4E9754EF2180B4DF650084DF68D066F
:105700004DF6940E119DCEF2000BC2F20008C2F2CB
:105710000006C2F2000E79D143F61046C4F202062A
:10572000306820F44070306030683060306840F09D
:10573000010030604FF6FC70C4F6FF7081F800C0C5
:1057400043F60C44C4F202042668F5030FD526681C
:10575000F5030ED52668F5030DD5E0B343F60C46E8
:10576000C4F202063668F50306D50438E8E70330CC
:1057700002E0023000E0013001282CD043F6104551
:10578000C4F20205286816F4E97F20F001002860C1
:1057900029D101334EF2180B4DF650084DF68D0607
:1057A0004DF6940E119D0131B3F5805F4FF000006E
:1057B000CEF2000BC2F20008C2F20006C2F2000EE6
:1057C0007FF46FAF22E04DF68D06119D4FF0FF3054
:1057D000C2F200061AE043F61041C4F20201086862
:1057E00020F0010008604FF0FF304EF2180B4DF62C
:1057F00050084DF68D064DF6940E119DCEF2000B1D
:10580000C2F20008C2F20006C2F2000E43F61042D5
:10581000C4F202021168012441F0004111604DF60A
:10582000E0030028C2F2000303D407202860FEF73B
:1058300018BE4FF0010C0A20FFF785B94DF661053F
:105840004DF68D064DF6E003C2F20005C2F20006E9
:10585000C2F20003A0E2D9F82012C1F5807101B3B1
:1058600001391FE0AAF10201C9B2022919D844F294
:1058700024074BF2647401FB07F2C2F20204A2583F
:1058800042B111FB074144F21002895843F6FF72FE
:10589000521A01E04FF48042511E98BF1146002970
:1058A000DED100215EF82050A94238BF0D4615B365
:1058B0004DF67401C2F2000140F6503751F8201045
:1058C00042F23412C2F2000710FB0272AB4601280A
:1058D00002EB010414D010BBD9F80400C0F58070AD
:1058E000A84238BF0546002D00F02582012D40F06A
:1058F0008E80002011E14DF66105C2F200054BE2F9
:10590000D9F82002C0F58070A84238BF0546002DA6
:1059100000F01182012D40F03C810020C8E10238E6
:10592000022871D8C0B244F224024BF2647600FB24
:1059300002F1C2F202067158002900F00B8310FB3D
:10594000026744F20C0044F208023958B858B0EB30
:10595000010BA8BFC0F5804BAB45A8BFAB46BBF160
:10596000010F51DB07F1080607EB020A304421461C
:105970005A46ECF7F5FC44F21003F858DAF8002028
:1059800000EB0B0102EB0B0043F6FF72B0F5804F0A
:10599000F950A2EB0101A5EB0B05A8BFA0F58040D3
:1059A000A9424DF6E0034DF6940EB8BF0D46012D09
:1059B0004FF0010CC2F20003C2F2000ECAF8000060
:1059C000C0F2B98144F210010F44304404EB0B01E2
:1059D0002A46ECF7C5FC3868DAF800104DF6E0030B
:1059E0004DF6940E42194819AB444FF0010CC2F227
:1059F0000003C2F2000EB0F5804F3A60A8BFA0F5D8
:105A00008040CAF8000096E14FF0000B93E105F0EA
:105A1000010C25F0010240F6184544F20C4100202B
:105A2000C4F20205C4F20001802611E0D9F8083062
:105A30000133C9F80830D9F80830DBB2C9F80830AA
:105A40002E600B6843F080030B60023090425AD006
:105A5000235CD9F80470FE2F2CD8D9F808704F4475
:105A60003B7700BF59E8013F013349E8013797B15F
:105A700059E8013F013349E8013767B159E8013F6F
:105A8000013349E8013737B159E8013F013349E8AB
:105A90000137002FE6D1D9F808300133C9F80830B2
:105AA000D9F80830DBB2C9F808302E600B6843F033
:105AB00080030B6040F00103E35CD9F80470FE2F13
:105AC000C3D8D9F808704F443B7700BF59E8013F6D
:105AD000013349E80137002FA8D059E8013F0133CD
:105AE00049E80137002FA1D059E8013F013349E8C7
:105AF0000137002F9AD059E8013F013349E80137B7
:105B0000002FE3D192E74DF6E003BCF1000FC2F2A3
:105B100000034FF0010C00F00E81205CD9F8041056
:105B2000FE2900F20881D9F8081040F6184244F224
:105B30000C434944C4F20202C4F2000380270877F0
:105B400059E8010F013049E8010191B159E8010F0D
:105B5000013049E8010161B159E8010F013049E81C
:105B6000010131B159E8010F013049E80101002973
:105B7000E6D1D9F808000130C9F80800D9F80800C2
:105B8000C0B2C9F808001760186840F080001860BB
:105B9000CDE005F0010C25F0010240F2284544F269
:105BA0000C410020C4F20205C4F200014FF48056FB
:105BB00015E000BFD9F824320133C9F82432D9F8EE
:105BC0002432DBB2C9F82432C5F8F063D1F80034CE
:105BD00043F08003C1F80034023090425FD0235C70
:105BE000D9F82072FE2F30D8D9F824724F4487F8A4
:105BF000383200BF59E8883F013349E8883797B108
:105C000059E8883F013349E8883767B159E8883F48
:105C1000013349E8883737B159E8883F013349E80B
:105C20008837002FE6D1D9F824320133C9F824325D
:105C3000D9F82432DBB2C9F82432C5F8F063D1F8C0
:105C4000003443F08003C1F8003440F00103E35C0A
:105C5000D9F82072FE2FBFD8D9F824724F4487F8A4
:105C6000383200BF59E8883F013349E88837002FB0
:105C7000A0D059E8883F013349E88837002F99D0F0
:105C800059E8883F013349E88837002F92D059E816
:105C9000883F013349E88837002FE3D18AE74DF682
:105CA000E003BCF1000FC2F200034FF0010C42D040
:105CB000205CD9F82012FE293DD8D9F8241240F2F0
:105CC000284244F20C434944C4F20202C4F20003E5
:105CD0004FF4805781F8380259E8880F013049E8BD
:105CE000880191B159E8880F013049E8880161B114
:105CF00059E8880F013049E8880131B159E8880F27
:105D0000013049E888010029E6D1D9F824020130A0
:105D1000C9F82402D9F82402C0B2C9F82402C2F892
:105D2000F073D3F8000440F08000C3F800044DF68F
:105D3000E003C2F200034DF66105C2F2000595F8DA
:105D400000A04DF6740703EB0A104168C2F2000789
:105D500057F82A205944416002EB0B015EF82A20D3
:105D6000504647F82A10B2EB0B014EF82A100AD120
:105D70004DF68D064EF2180BC2F200060021CEF24F
:105D8000000B315408E04EF2180B4DF68D06CEF2A2
:105D9000000BC2F2000600BF5FFA8AF4012C3DF648
:105DA000B1AA4DF2B621C2F20001095C002900F04F
:105DB000B380305C002840F0AF804FF4077014FBD4
:105DC00000904068002840F0A7804DF65800C2F2CD
:105DD0000000D0E9001000BFD8E90023DBF8007014
:105DE000D8E900655D4056402E431DD0D8E9002318
:105DF000DBF80070D8E900655D4056402E4313D0B3
:105E0000D8E90023DBF80070D8E900655D40564012
:105E10002E4309D0D8E90023DBF80070D8E90065EB
:105E20005D4056402E43D7D15BF8046C5BF8045CB0
:105E30000136EF1B73430137E2FB06734DF29022EC
:105E4000C2F20002D2E900264DF66105D219734173
:105E5000891A98414DF68D064DF6E003C2F2000511
:105E6000C2F20006C2F2000356D24EF23850C2F21D
:105E7000000000EB8400007905210528A8BF084632
:105E800001384DF2B62204284FF00001C2F20002A0
:105E9000115506D843F60021C0F6020151F82060E2
:105EA00001E04FF4165643F6B440C0F60200214616
:105EB0003246EAF727FB5CB1012C42F0B38044F292
:105EC0000C41C4F2000101F57D7001F5806409E028
:105ED00040F20040C4F2000044F20C4400F580405F
:105EE000C4F20004216821F40051216031460CF015
:105EF000E7F820684DF68D064DF6E0034DF6940E5A
:105F000040F400504FF0010CC2F20006C2F2000350
:105F1000C2F2000E206000BF95F800A04DF2A03044
:105F2000C2F2000010F80A0000283DF4EBA916F8B0
:105F30000A0000287DF4E6A9BAF1010F3DF6CCA9CC
:105F40004FF407701AFB0090406800287DF4DAA92E
:105F5000FDF7C2B94FF0010BEDE600BF4DF2B520E1
:105F6000C2F2000000784DF6000C4DF6080E4FF01E
:105F7000010A0128C2F2000CC2F2000E08D14DF253
:105F8000BB20C2F200000078315C002900F03381B0
:105F90004BF62C20C2F201000078012840F09580D9
:105FA00045F64010C2F20200D0E90010D8E9002303
:105FB000DBF80070D8E900655D4056402E431DD0E7
:105FC000D8E90023DBF80070D8E900655D40564051
:105FD0002E4313D0D8E90023DBF80070D8E9006520
:105FE0005D4056402E4309D0D8E90023DBF800700D
:105FF000D8E900655D4056402E43D7D15BF8046C6C
:106000005BF8045C0136EF1B73430137E2FB067358
:106010004DF29022C2F20002D2E90026D219734159
:10602000891A984151D250A8002115904EF224703F
:1060300044F6363216911791C2F200001BA9C0F641
:10604000020240F2031315AF0097F8F71DFE002877
:1060500024D44EF23854C2F2000460884FF6FF7127
:1060600088421CBF0130608020464E21ECF758FF6B
:106070004EF22476C2F200061BADA4F84E00304664
:10608000294622465023F9F7EDFC044630462946BE
:10609000F7F752FF502C01D1002806D54DF2AC2164
:1060A000C2F200010868013008604BF62C214DF661
:1060B000000C4DF6080E0020C2F201014FF0010A5B
:1060C000C2F2000CC2F2000E08704DF2A530C2F20E
:1060D00000000078012817D140F20040C4F200000F
:1060E0000068C00710D14DF2A530C2F200000021B7
:1060F000017040F20041C4F200016FF00400086139
:10610000086840F0010008604DF28920C2F20000EA
:106110000078012854D14DF2F870C2F20000D0E9A5
:10612000001000BFD8E90023DBF80070D8E9006553
:106130005D4056402E431DD0D8E90023DBF80070A7
:10614000D8E900655D4056402E4313D0D8E90023BE
:10615000DBF80070D8E900655D4056402E4309D059
:10616000D8E90023DBF80070D8E900655D405640AF
:106170002E43D7D15BF8046C5BF8045C0136EF1B4F
:1061800073430137E2FB06734DF29022C2F2000224
:10619000D2E90026D2197341891A984110D24DF2E2
:1061A000B420C2F2000000784DF2B321C2F2000127
:1061B00008704DF28921C2F2000100220A7004E049
:1061C0004DF2B320C2F2000000780138042800F23A
:1061D000FB80DFE810F0050000016C006601B300F1
:1061E0004DF2F170C2F2000080F800A040F22840A9
:1061F000C4F20200BCE2012807D84FF4077110FB7B
:106200000190406800287FF4C3AE4DF65800C2F2FA
:106210000000D0E9001000BFD8E90023DBF80070CF
:10622000D8E900655D4056402E431DD0D8E90023D3
:10623000DBF80070D8E900655D4056402E4313D06E
:10624000D8E90023DBF80070D8E900655D405640CE
:106250002E4309D0D8E90023DBF80070D8E90065A7
:106260005D4056402E43D7D15BF8046C5BF8045C6C
:106270000136EF1B73430137E2FB06734DF29022A8
:10628000C2F20002D2E90026D2197341891A98415C
:10629000BFF47EAE4DF2B5210020C2F200010870BD
:1062A0004DF2E170C2F2000080F800A070E64DF2FD
:1062B000F870C2F20000D0E9001000BFD8E9002356
:1062C000DBF80070D8E900655D4056402E431DD0D4
:1062D000D8E90023DBF80070D8E900655D4056403E
:1062E0002E4313D0D8E90023DBF80070D8E900650D
:1062F0005D4056402E4309D0D8E90023DBF80070FA
:10630000D8E900655D4056402E43D7D15BF8046C58
:106310005BF8045C0136EF1B73430137E2FB067345
:106320004DF29022C2F20002D2E90026D219734146
:10633000891A984180F00C826420F9E04DF2F070E7
:10634000C2F200000078032800F20282DFE810F0B9
:1063500004000B0141019B014DF2F870C2F20000F4
:10636000D0E900104DF2F1730022C2F200031A705E
:10637000D8E90023DBF80070D8E900655D4056409D
:106380002E4300F05B81D8E90023DBF80070D8E9E8
:1063900000655D4056402E4300F05081D8E900234F
:1063A000DBF80070D8E900655D4056402E4300F0F0
:1063B0004581D8E90023DBF80070D8E900655D402D
:1063C00056402E43D4D139E14DF2F1710020C2F292
:1063D00000010870C7E14DF2F870C2F20000D0E988
:1063E000001000BFD8E90023DBF80070D8E9006591
:1063F0005D4056402E431DD0D8E90023DBF80070E5
:10640000D8E900655D4056402E4313D0D8E90023FB
:10641000DBF80070D8E900655D4056402E4309D096
:10642000D8E90023DBF80070D8E900655D405640EC
:106430002E43D7D15BF8046C5BF8045C0136EF1B8C
:1064400073430137E2FB06734DF29022C2F2000261
:10645000D2E90026D2197341891A984180F07881D7
:106460004DF2F174C2F20004207800284FF46170FC
:1064700008BF6420EDF798FF22784DF2F873C2F25E
:1064800000034DF6080E4DF6000CC3E9000182F042
:106490000100C2F2000EC2F2000C4FF0010A20709F
:1064A0005BE14DF2F870C2F20000D0E9001000BFCD
:1064B000D8E90023DBF80070D8E900655D4056405C
:1064C0002E431DD0D8E90023DBF80070D8E9006521
:1064D0005D4056402E4313D0D8E90023DBF800700E
:1064E000D8E900655D4056402E4309D0D8E9002325
:1064F000DBF80070D8E900655D4056402E43D7D1E7
:106500005BF8046C5BF8045C0136EF1B73430137E6
:10651000E2FB06734DF29022C2F20002D2E900269D
:10652000D2197341891A984180F012814FF4FA70A0
:10653000EDF73AFF4DF2F177C2F200073A784DF2EB
:10654000F873C2F200034DF6080E4DF6000CC3E9D5
:10655000000182F00100C2F2000EC2F2000C4FF006
:10656000010A3870F9E04DF2F870C2F20000D0E98B
:1065700000104DF2F172C2F2000282F800A000BFDA
:10658000D8E90023DBF80070D8E900655D4056408B
:106590002E4353D0D8E90023DBF80070D8E900651A
:1065A0005D4056402E4349D0D8E90023DBF8007007
:1065B000D8E900655D4056402E433FD0D8E900231E
:1065C000DBF80070D8E900655D4056402E43D7D116
:1065D00034E04DF2F870C2F20000D0E900104DF244
:1065E000F1730022C2F200031A7000BFD8E9002341
:1065F000DBF80070D8E900655D4056402E431DD0A1
:10660000D8E90023DBF80070D8E900655D4056400A
:106610002E4313D0D8E90023DBF80070D8E90065D9
:106620005D4056402E4309D0D8E90023DBF80070C6
:10663000D8E900655D4056402E43D7D15BF8046C25
:106640005BF8045C0136EF1B73430137E2FB067312
:106650004DF29022C2F20002D2E90026D219734113
:10666000891A984174D26420EDF79EFE4DF2F077BE
:10667000C2F200073A784DF2F873C2F20003C3E9A0
:106680000001501C58E04DF2F870C2F20000D0E951
:1066900000104DF2F172C2F2000282F800A000BFB9
:1066A000D8E90023DBF80070D8E900655D4056406A
:1066B0002E431DD0D8E90023DBF80070D8E900652F
:1066C0005D4056402E4313D0D8E90023DBF800701C
:1066D000D8E900655D4056402E4309D0D8E9002333
:1066E000DBF80070D8E900655D4056402E43D7D1F5
:1066F0005BF8046C5BF8045C0136EF1B73430137F5
:10670000E2FB06734DF29022C2F20002D2E90026AB
:10671000D2197341891A98411AD24FF49670EDF745
:1067200043FE4DF2F872C2F200024DF2F077C2E978
:1067300000010020C2F200074DF6000C4DF6080ED5
:106740004FF0010AC2F2000CC2F2000E387000BF16
:106750004DF2F170C2F200000078002840F22840AB
:10676000C4F2020004D140F22840C4F20200103802
:10677000802101604DF28820C2F2000000780128DB
:1067800054D14DF2E870C2F20000D0E9001000BF11
:10679000D8E90023DBF80070D8E900655D40564079
:1067A0002E431DD0D8E90023DBF80070D8E900653E
:1067B0005D4056402E4313D0D8E90023DBF800702B
:1067C000D8E900655D4056402E4309D0D8E9002342
:1067D000DBF80070D8E900655D4056402E43D7D104
:1067E0005BF8046C5BF8045C0136EF1B7343013704
:1067F000E2FB06734DF29022C2F20002D2E90026BB
:10680000D2197341891A984110D240F6A800C2F2F9
:106810000000007840F6A901C2F2000108704DF2B4
:106820008821C2F2000100220A7004E040F6A900AB
:10683000C2F2000000780138032800F22A81DFE864
:1068400010F004006A00B1001D014DF2E870C2F2C0
:106850000000D0E9001000BFD8E90023DBF8007089
:10686000D8E900655D4056402E431DD0D8E900238D
:10687000DBF80070D8E900655D4056402E4313D028
:10688000D8E90023DBF80070D8E900655D40564088
:106890002E4309D0D8E90023DBF80070D8E9006561
:1068A0005D4056402E43D7D15BF8046C5BF8045C26
:1068B0000136EF1B73430137E2FB06734DF2902262
:1068C000C2F20002D2E90026D2197341891A984116
:1068D00080F0C8804DF2E274C2F2000420780028F3
:1068E00040F26C7008BF6420EDF75EFD22784DF237
:1068F000E873C2F200034DF6080E4DF6000CC3E932
:10690000000182F00100C2F2000EC2F2000C4FF052
:10691000010A2070ABE04DF2E870C2F20000D0E94D
:10692000001000BFD8E90023DBF80070D8E900654B
:106930005D4056402E431DD0D8E90023DBF800709F
:10694000D8E900655D4056402E4313D0D8E90023B6
:10695000DBF80070D8E900655D4056402E4309D051
:10696000D8E90023DBF80070D8E900655D405640A7
:106970002E43D7D15BF8046C5BF8045C0136EF1B47
:1069800073430137E2FB06734DF29022C2F200021C
:10699000D2E90026D2197341891A984162D24FF484
:1069A0007A7043E04DF2E870C2F20000D0E90010C6
:1069B000D8E90023DBF80070D8E900655D40564057
:1069C0002E431DD0D8E90023DBF80070D8E900651C
:1069D0005D4056402E4313D0D8E90023DBF8007009
:1069E000D8E900655D4056402E4309D0D8E9002320
:1069F000DBF80070D8E900655D4056402E43D7D1E2
:106A00005BF8046C5BF8045C0136EF1B73430137E1
:106A1000E2FB06734DF29022C2F20002D2E9002698
:106A2000D2197341891A98411CD26420EDF7BCFC3D
:106A30004DF2E277C2F200073A784DF2E873C2F203
:106A400000034DF6080E4DF6000CC3E9000182F07C
:106A50000100C2F2000EC2F2000C4FF0010A3870C1
:106A600005E000BF4DF2E270C2F20000007800289D
:106A700040F22840C4F2020016D110E04DF2E2705C
:106A8000C2F2000080F800A040F22840C4F20200E8
:106A90000AE04DF2E2710020C2F20001087040F2FB
:106AA0002840C4F2020010384FF48071016040F2B7
:106AB0000800C2F200000078002800F015810020D4
:106AC0004DF60401C2F2000108604DF2C020C2F28E
:106AD0000000D0E9001000BFD8E90023DBF8007007
:106AE000D8E900655D4056402E431DD0D8E900230B
:106AF000DBF80070D8E900655D4056402E4313D0A6
:106B0000D8E90023DBF80070D8E900655D40564005
:106B10002E4309D0D8E90023DBF80070D8E90065DE
:106B20005D4056402E43D7D15BF8046C5BF8045CA3
:106B30000136EF1B73430137E2FB06734DF29022DF
:106B4000C2F20002D2E900260025D2197341891A47
:106B500098411AD24EF66020EDF726FC4DF29827A8
:106B6000C2F200077A684DF2C023C2F20003C3E903
:106B70000001501C7860EDF769FE30B14DF2A8219C
:106B8000C2F20001086801300860ECF7D7FD5090B0
:106B900050984EF228511B90C2F200011B980968D0
:106BA0004BF26473401A4DF68D06B0F5FA7F4FF044
:106BB0000104C2F20203C2F2000640F2D88048F299
:106BC0001002C4F20202DDF86C8010684FF6C37147
:106BD0008843413010604FF6FC70C0F20400116829
:106BE000C9071CBF11685FEAC17109D01168C907E4
:106BF00018BF002804D011680438C907EFD100BFBE
:106C0000106849F2180610F001004FF0FF30C4F28E
:106C10000206516808BFC1F3800040F087804EF241
:106C20008851C2F2000191F8391011F0040100F00E
:106C3000DE80002840F0DB80306820F400503060B7
:106C4000306840F48010306000203168C90210D5EF
:106C50003168C90244BF31685FEAC12109D54FF6E6
:106C6000FC71C0F20401884203D231680430C902C9
:106C7000EBD452F8100C20F0080042F8100C3068E9
:106C800020F00200306052F8100C20F0040042F8AE
:106C9000100C04F0C5F84EF28852C2F2000292F8CD
:106CA0003910480713D5506C01F0FB0182F83910F8
:106CB00068B100BF0168057249B108680D7230B152
:106CC0000168057219B108680D720028F2D140F20E
:106CD0006730009044F65E3044F2166244F6DC23DE
:106CE000C0F6020004212DE04DF60400C2F20000BF
:106CF000006809283FF6E9AEDFE810F00A00AB02B1
:106D0000E60219035A038D03A103E00307044004BC
:106D10004FF04040CCF800000020CEF800004DF6C7
:106D20000400C2F20000C0F800A0CEE640F25D30E0
:106D3000009044F6913044F2166244F6DC23C0F62B
:106D400002000121C0F60202C0F602030190FAF728
:106D5000BDF94BF26473C2F202031B984EF2285144
:106D60004DF68D06C2F20001C2F2000608604EF236
:106D70000850C2F2000000680168002900F1B585E2
:106D800001F40342B2F5407F03D101F02102212A30
:106D900016D141684A044FF0004202600ED4090443
:106DA00049F21801C4F2020100F1708151F8181C77
:106DB000C1F38401084410306AE100BFC06867E194
:106DC00048F21007C4F2020757F8107CC1F30D42D5
:106DD00089063546A2F1040658BF3246B90158BFAC
:106DE00032462E46002A40F0588100F07EBD4EF219
:106DF0003452C2F20002B1FA81F11278490961EA13
:106E00000201C907A9D00128A7D14EF23450C2F21D
:106E1000000004704EF22D50C2F2000048F2100241
:106E20000078C4F20202116800284FF6C37021EA0C
:106E3000000000F0B68340F0410010604FF6FC7097
:106E4000C0F204001168C9071CBF11685FEAC17174
:106E500008D01168C90718BF002803D0116804388A
:106E6000C907EFD110685168C00740F0EF83106880
:106E70004FF6C3718843413010604FF6FC70C0F28A
:106E800004001168C9071CBF11685FEAC17108D00E
:106E90001168C90718BF002803D011680438C90752
:106EA000EFD111685068C90740F0D083C0F3401794
:106EB00040F27B30009044F2CB6044F2166244F61C
:106EC000DC23C0F602000521C0F60202C0F6020370
:106ED00001900297FAF7FAF8002F00F0CB8348F2FE
:106EE000100AC4F2020ADAF800004FF6C3718843B0
:106EF00000F24140CAF800004FF6FC70C0F20400F6
:106F0000DAF80010C9071CBFDAF800105FEAC17197
:106F10000AD0DAF80010C90718BF002804D0DAF840
:106F200000100438C907EBD1DAF80010DAF80400D1
:106F3000C90740F03484010580B2420B02EAE174D3
:106F4000820B02EAE17500EAE17040F299310091AA
:106F500044F29961C0F6020144F2166244F6DC2361
:106F600004F0010805F00107CDE901100521C0F684
:106F70000202C0F60203CDF80C800497FAF7A6F8D7
:106F80005AF8100C20F4904064F3CB2065F38E3057
:106F90004AF8100C4EF23750C2F2000007704EF261
:106FA0003650C2F2000080F800805AF8100C40F011
:106FB00008004AF8100C306840F48010306000205F
:106FC0003168C90210D53168C90244BF31685FEA2F
:106FD000C12109D54FF6FC71C0F20401884203D2E9
:106FE00031680430C902EBD430684EF2885540F461
:106FF000005030605AF8100CC2F2000540F0040056
:107000004AF8100C30684BF2647340F002003060B4
:1070100095F839000127C107C2F202034FF00004BE
:1070200019D1E96940F0010085F8390041B12846DD
:1070300088474BF2647395F83900C2F202030127C6
:1070400000F00501052906D16968002918BF10F074
:10705000200140F0A287410700F1C987696A40F02A
:107060000400002985F8390000F0B5874879C21E70
:10707000032A05D3002800F0AE870A2840F0A28733
:1070800028468C71EFF764F800F0A0BF51F80C0CA3
:107090004EF20851C2F2000108600268C2F30D41CD
:1070A00005290DD348F21003C4F2020353F8103C33
:1070B0000D1F9B0105D5920648BF0D4601E000BF9C
:1070C0000025AEB2D0F80880002031464FF4C172DE
:1070D00003F06CFF002800F078830446B8F1000F3D
:1070E0000AD02089B04261D244F6BC204FF0FF366E
:1070F000C0F6020006E000BF44F6B9306FF00F069C
:10710000C0F60200E9F7FEF9E120009044F2F670C3
:1071100044F2166244F67653C0F602000121C0F62E
:107120000202C0F60203CDE901050396F9F7CEFF8E
:107130004DF661054DF68D06C2F20005C2F200065D
:1071400003E000BF0169884774B3A17B01390A06D7
:10715000A17329D1617B204624688907F2D4017B81
:1071600011F00F011DD001290CD00229ECD14BF6F2
:107170004813C2F2010319894BF6D8170139C2F23C
:10718000010709E04BF63813C2F2010319894BF6E7
:10719000D4170139C2F201073A68198102603860D8
:1071A000D2E701F0B9F8CFE700242AE3280400F081
:1071B00020834FF0000B1294678908EB0B013D46CA
:1071C000BE4238BF354660682A46EBF7C9F8BE4272
:1071D00035D92468761BB4F80AA005EB0B07554691
:1071E000564538BF3546606808EB07012A46EBF77D
:1071F000B7F8564523D92468761BB4F80AA005EBE6
:10720000070B5546564538BF3546606808EB0B01FD
:107210002A46EBF7A5F8564511D92468761B6789ED
:107220005D44BE4238BF3746606808EB05013A4608
:10723000EBF796F82468F61B07EB050BBCD14EF272
:10724000180B4DF661054DF68D06129CCEF2000B23
:10725000D3E2DCF800000021DEF80020CFF6FE715A
:1072600088421AD200F5003140F8042B884210D22F
:10727000013240F8042B88420BD2013240F8042B33
:10728000884206D2531C40F8043B884202F10202B5
:10729000EAD3DEF80020DCF8000000F5002002F55B
:1072A0000031B0F1484FCEF80010CCF80000FFF4E8
:1072B0000CAC4DF604024FF04040C2F20002CCF894
:1072C0000000106800216DE0DCF800700020DEF89E
:1072D0000010CFF6FE70874280F00E8207F5003274
:1072E0000B4638460668B34240F0138204309042A1
:1072F00080F01B82066801339E4240F00A8204300F
:10730000904280F01282066801339E4240F0018272
:107310000430904280F00982066801339E4240F0BA
:10732000F8810430904203F10103DBD3FDE1DCF886
:1073300000000021DEF80020CFF6FE7188421AD24C
:1073400000F5003140F8042B884210D2013A40F891
:10735000042B88420BD2013A40F8042B884206D213
:10736000531E40F8043B8842A2F10202EAD3DEF841
:107370000020DCF8000000F50020A2F50031B0F19B
:10738000484FCEF80010CCF80000FFF49EAB4DF64D
:1073900004024FF04040C2F20002CCF80000106836
:1073A0004FF0FF310130CEF800101060FFF78DBBB9
:1073B000DCF800700020DEF80010CFF6FE70874287
:1073C00080F09D8107F500320B4638460668B342CF
:1073D00040F0C2810430904280F0CA810668013BCF
:1073E0009E4240F0B9810430904280F0C18106682D
:1073F000013B9E4240F0B0810430904280F0B88161
:107400000668013B9E4240F0A78104309042A3F100
:107410000103DBD3ACE1DEF80010DCF80020CB4345
:1074200000274FF40036002742F8271007F1010724
:1074300042F8273007F10107B742F5D151E0DEF8F5
:107440000010DCF80020CB4300274FF40034002765
:1074500052F8270081420BD107F1010752F82700AB
:10746000834205D107F10107A742F1D1002101E0D4
:107470005FF0FF3151B140F20400C2F2000007702A
:1074800040F20800C2F2000080F800A0DCF8000022
:1074900000F50020B0F1484FCCF80000FFF415AB28
:1074A0004DF604014FF04040C2F20001CCF800005C
:1074B00008684FF0AA32CEF800205CE0DEF8001039
:1074C000DCF80020CB4300274FF40036002742F8B9
:1074D000271007F1010742F8273007F10107B742EB
:1074E000F5D1DCF8000000F50020B0F1484FCCF8F1
:1074F0000000FFF4EAAA4DF60401C2F20001086898
:107500004FF04042CCF8002035E0DEF80010DCF807
:107510000020CB4300274FF40036002752F8270005
:1075200081420BD107F1010752F82700834205D1B0
:1075300007F10107B742F1D1002101E05FF0FF310F
:1075400051B140F20400C2F20000077040F208009E
:10755000C2F2000080F800A0DCF8000000F5002076
:10756000B0F1484FCCF80000FFF4AFAA4DF604018B
:10757000C2F2000108680130FFF7A6BA40F2040029
:10758000C2F200000121017040F20800C2F20000C6
:1075900001704DF60400C2F200000A210160FFF7FD
:1075A00094BA40F0010010604FF6FC70C0F2040085
:1075B0001168C9071CBF11685FEAC17108D0116862
:1075C000C90718BF002803D011680438C907EFD1D4
:1075D00011685068C9077BD1116840F480504FF69C
:1075E000C37780B2B94350604FF6FC700331C0F2EC
:1075F000040011601168C9071CBF11685FEAC171FE
:1076000008D01168C90718BF002803D011680438D2
:10761000C907EFD11068C0075AD14EF22D50C2F2FF
:10762000000004704EF23050C2F20000C0F800803A
:1076300040F27630009044F6683044F2166244F628
:10764000DC23C0F602000521FFF77CBB40F27B3053
:10765000009044F2CB6044F2166244F6DC23C0F69C
:1076600002000521C0F60202C0F602030190029555
:10767000F9F72CFD4EF23050C2F20000006841F2E2
:107680008831A8EB00004BF264738842C2F2020317
:10769000FFF463AB40F28930009044F2166244F686
:1076A000DC2344F65D500121C0F60202C0F602035D
:1076B000C0F602000190F9F709FD4EF22D504BF291
:1076C0006473C2F20000C2F202030570FFF745BB0B
:1076D00040F27130009044F22870C0F6020044F28B
:1076E000166244F6DC2301900121C0F60202C0F6C6
:1076F00002030295FFF72BBB01F5003001E0A1F575
:107700000030CEF8000007F50020CCF80000FFF7AD
:10771000DCB940F204020020C2F20002107040F214
:107720000800C2F2000080F800A001F50030CEF899
:10773000000007F50020B0F1484FCCF80000FFF43E
:10774000C4A94FF04040CCF800004FF0FF30CEF815
:1077500000000320FFF7B4B940F204020020C2F297
:107760000002107040F20800C2F2000080F800A091
:10777000A1F50030CEF8000007F50020B0F1484F29
:10778000CCF80000FFF4A1A94FF04040CCF8000075
:107790004FF05530CEF800000520FFF791B940F2C8
:1077A0009630009044F2A770C0F6020044F21662D0
:1077B00044F6DC2301900121C0F60202C0F6020368
:1077C0004FF0FF300290FFF7C2BAE820009044F675
:1077D000690044F2166244F67653C0F602000221B4
:1077E000C0F60202C0F6020301900295F9F76EFCA2
:1077F00000244DF661054DF68D06C2F20005C2F279
:1078000000064EF20850C2F200000068016800292C
:1078100028D44FF00041016049F21801C4F202017E
:1078200051F8041C090609D549F21801C4F20201F5
:10783000802241F8042C002241F8102C41684DF6BA
:10784000940E4A04C2F2000E26D4090426D449F24A
:107850001801C4F2020151F8181CC1F38401084454
:10786000103021E0F220009044F2166244F6765384
:1078700044F6AB300121C0F60202C0F60203C0F6A6
:1078800002000190F9F722FC4DF6940E4FF0010C26
:10789000C2F2000EFBF72CBCC06805E049F21800EC
:1078A000C4F2020050F80C0C4EF208514FF0010CDB
:1078B000002CC2F2000108603BF41AAC4EF2885171
:1078C000C2F200010A69204690474EF22062C2F2DD
:1078D000000251884BF26473C2F202034FF0010CB4
:1078E00001310028518040F0188350984EF21C61FD
:1078F0001B90C2F2000108684BF63C28013008607A
:107900001B98D3F800A0C2F20108BAF1000F00F0F2
:107910008780DAF870004FF6FF71884244F2100158
:107920005C584FF6FF7538BF85B2A542A8BF254603
:10793000012D75DB44F20C001F5844F20800185862
:10794000B842B8BF4FF48040C61BAE42A8BF2E4617
:10795000012EC0F2D181D81900F1080145F6481076
:10796000C2F202003246EAF7FBFC4BF26471A4EB70
:107970000608BC19C2F20201B4F5804F44F21000AF
:10798000A5EB060541F80080A8BFA4F58044A845F2
:10799000B8BF4546012D44F20C000C501CDB45F6E7
:1079A0004810C2F202002144304408312A46EAF766
:1079B000D7FC4BF26472C2F20202A8EB050144F25A
:1079C00010036019D1502E4444F20C01B0F5804FE1
:1079D000A8BFA0F580405050B1B2504608F0ACFFAF
:1079E000002840F0D9814BF26474C2F2020444F2E0
:1079F0002001605832463044605045F64810C2F2CB
:107A000002000D21E9F769F84DF68D064BF63C288A
:107A100023460028C2F20006C2F2010840F01B8291
:107A200044F2240053F800A0BAF1000F00F08A805D
:107A3000DAF870004FF6FF71884248F234015C5862
:107A40004FF6FF7538BF85B2A542A8BF2546012D68
:107A500078DB48F230001F5848F22C001858B84222
:107A6000B8BF4FF48040C61BAE42A8BF2E46012EC1
:107A7000C0F25E81D81944F22C01014445F6481049
:107A8000C2F202003246EAF76BFC4BF26471A4EBDF
:107A90000608BC19C2F20201B4F5804F48F2340066
:107AA000A5EB060541F80080A8BFA4F58044A845D1
:107AB000B8BF4546012D48F230000C501EDB45F69C
:107AC0004810C2F20200214444F22C023044114416
:107AD0002A46EAF745FC4BF26472C2F20202A8EBB6
:107AE000050148F234036019D1502E4448F23001A8
:107AF000B0F5804FA8BFA0F580405050B1B25046BD
:107B000008F01AFF002840F068814BF26474C2F25A
:107B1000020448F24401605832463044605045F651
:107B20004810C2F202000D21E8F7D7FF4DF68D068E
:107B30004BF63C2823460028C2F20006C2F2010898
:107B400040F0AB8148F2480053F800A0BAF1000FB2
:107B500000F08980DAF870004FF6FF7188424CF22D
:107B600058015C584FF6FF7538BF85B2A542A8BFD3
:107B70002546012D77DB4CF254001F584CF2500083
:107B80001858B842B8BF4FF48040C61BAE42A8BFD9
:107B90002E46012EC0F2E880D81948F25001014467
:107BA00045F64810C2F202003246EAF7D9FB4BF222
:107BB0006471A4EB0608BC19C2F20201B4F5804F4F
:107BC0004CF25800A5EB060541F80080A8BFA4F5CB
:107BD0008044A845B8BF4546012D4CF254000C50D6
:107BE0001EDB45F64810C2F20200214448F2500262
:107BF000304411442A46EAF7B3FB4BF26472C2F2F6
:107C00000202A8EB05014CF258036019D1502E4432
:107C10004CF25401B0F5804FA8BFA0F58040505001
:107C2000B1B2504608F088FE002840F0F7804BF2D1
:107C30006474C2F202044CF2680160583246304467
:107C4000605045F64810C2F202000D21E8F745FFEA
:107C50004DF68D064BF63C280028C2F20006C2F213
:107C6000010840F03E814EF28441C2F200011B98AF
:107C70000968401AB0F57A7F07D31B984EF2844109
:107C8000C2F200010860F0F75FFCEBF757FDD8F88F
:107C900000104DF6940E0029C2F2000E3BF422AA09
:107CA000824604E0D8F8001000293BF41BAA4B6878
:107CB000BAEB03003BF516AA4EF28844C2F2000468
:107CC0000F6823604BF67814C2F201044BF6E415FA
:107CD000D1E902202389C2F20105C8F800702F689B
:107CE000013B002A23810F602960DBD090474DF6CD
:107CF000940EC2F2000ED5E7AD20009044F2F120C0
:107D000044F22C6244F27C33C0F602000121C0F63A
:107D10000202C0F6020301900295F9F7D7F94BF27F
:107D200064734DF68D06C2F20203C2F2000677E6D6
:107D3000AD20009044F2F12044F22C6244F27C33F6
:107D4000C0F602000121C0F60202C0F60203019053
:107D50000295F9F7BBF94BF264734DF68D06C2F24A
:107D60000203C2F20006EDE6AD20009044F2F120DD
:107D700044F22C6244F27C33C0F602000121C0F6CA
:107D80000202C0F6020301900295F9F79FF94DF641
:107D90008D06C2F2000666E7B421009144F60D019B
:107DA000C0F6020144F22C6244F27C33CDE90116A4
:107DB0000121C0F60202C0F602030390F9F786F92A
:107DC0004BF264734DF68D064BF63C28C2F202036B
:107DD000C2F20006C2F2010822E6B421009144F684
:107DE0000D01C0F6020144F22C6244F27C33CDE96D
:107DF00001160121C0F60202C0F602030390F9F752
:107E000065F94BF264734DF68D064BF63C28C2F2D1
:107E10000203C2F20006C2F2010893E6B421009107
:107E200044F60D01C0F6020144F22C6244F27C33A8
:107E3000CDE901160121C0F60202C0F6020303904B
:107E4000F9F744F94DF68D064BF63C28C2F20006D0
:107E5000C2F2010807E7186805F03AFE4BF26473B6
:107E6000C2F2020300283FF4DBADBC21009144F2D2
:107E7000E071C0F6020144F22C6244F27C330191BD
:107E80000121C0F60202C0F602030290F9F71EF9C2
:107E90004BF26473C2F20203C2E544F224001858A4
:107EA00005F016FE4BF26473C2F2020300283FF4A1
:107EB00049AEBC21009144F2E071C0F6020144F2E7
:107EC0002C6244F27C3301910121C0F60202C0F61B
:107ED00002030290F9F7FAF84BF26473C2F202035C
:107EE00030E648F24800205805F0F2FD00283FF443
:107EF000BAAEBC21009144F2E071C0F6020144F236
:107F00002C6244F27C3301910121C0F60202C0F6DA
:107F100002030290F9F7DAF8A5E64DF6940EC2F2E4
:107F2000000E0AE0016988474DF6940EC2F2000E79
:107F30004FF0010C002C3BF4DBA8A17B01390A06B1
:107F4000A1737BF4D5A8617B204624688907E9D416
:107F5000017B11F00F010ED001290FD00229E9D1C8
:107F60004BF64813C2F2010319894BF6D8170139B1
:107F7000C2F201070CE000F0CFF9D5E74BF6381359
:107F8000C2F2010319894BF6D4170139C2F2010775
:107F90003A68198102603860CCE7E96A21B9FFF7D5
:107FA0005AB802224A814F72096800293FF453A847
:107FB0004A7A022AF5D0012AF6D14A89013A052ADD
:107FC000F2D3EEE728468C71EDF716FF4BF264739F
:107FD000C2F20203012795F8390000F005010529D6
:107FE00005D16968002918BF10F0200006D14EF2B3
:107FF0002D50C2F200000470FEF7AFBEE86A18B957
:10800000F5E702214181477200680028EFD0417AEC
:108010000229F6D00129F7D1418901390529F3D385
:10802000EFE700BFFEE70120C0F2020004F16803A1
:1080300050900FCB0DF5A27CC069A66F8CE84F0065
:1080400046F6E87049F21801C0F20D00C4F20201D0
:108050000844CDE915070820C0F6F070179044F6E3
:108060003440C0F6020018901820C2F21000199097
:1080700050A81A901BA915AA20460323F4F7C0FDA7
:1080800000283AF590AB0AD04EF22470C2F20000FC
:108090000021F7F789FD064600287AF485AB002019
:1080A0008DF882004EF22470C2F200001BA900225B
:1080B0000023F4F7A5FD00283AF575AB0AD04EF27F
:1080C0002470C2F200000021F7F76EFD064600287A
:1080D0007AF46AAB0120002714904FF0FF30CDE90D
:1080E00000074EF22470C2F200001BA913AA4FF041
:1080F000FF33139702970397F4F790F8FAF753BBFF
:10810000606EE8F7C2F9002E7AF462ABF8F7C6FDAC
:1081100000283AF46EAB71A15122CDE9002144F25E
:10812000E65244F68943C0F60202C0F6020301217A
:108130000290FAF75CBB4BF26470C2F20200006876
:1081400008B9002403E00121012404F05DFA4BF298
:10815000647544F22400C2F20205285828B948F296
:108160004800285840B954B90CE0012104F04CFAF9
:1081700048F24800285810B1012104F045FA322095
:10818000EBF74CF944F23A50552144F25E6244F662
:10819000EA03C0F602000091C0F60202C0F6020334
:1081A00003210190F8F792FFECF708FF4BF264709F
:1081B000C2F20200006808B9002403E00121012492
:1081C00004F022FA4BF2647144F22400C2F202017C
:1081D000085848B94BF2647148F24800C2F20201F3
:1081E000085860B974B910E0012104F00DFA4BF29F
:1081F000647148F24800C2F20201085810B101212E
:1082000004F002FA3220EBF709F94FF6044043F686
:108210000C42CFF6FF70C4F20202115841F0007117
:108220001150115821F000711150EFF31480C00764
:1082300000D000DF4EF218024FF0FF31CEF2000204
:108240004EF60453C2F87411C2F87011C2F86C11E2
:10825000C2F86811C2F88411C2F88011C2F87C110A
:10826000C2F87811C2F87412C2F87012C2F86C1217
:10827000C2F86812C2F88412C2F88012C2F87C12E6
:10828000C2F878120021CEF2000342F8081C1968E7
:1082900041F000711960196A21F4E0211962EFF3CD
:1082A000148189070BD5EFF3098181F30888EFF377
:1082B000148121F0020181F31488BFF36F8F002035
:1082C000C0F604005860EAF7CDFD44F270610CA0DE
:1082D000C0F6020141F22F12E8F756FB6C66735F9D
:1082E0006D6F756E74286D61696E5F73746F726106
:1082F000676529206572726F722025640000000096
:108300006366672D3E626C6F636B5F636F756E743F
:1083100020213D20300000002DE9F04781070AD0E0
:108320004EF22060C2F20000B0F8D0100131A0F887
:10833000D010BDE8F0874BF68421C2F20101096834
:10834000A0F108028A42EBD34BF68823C2F2010364
:108350001D6800F10C03AB42E2D810F8043C002B7E
:10836000DED030F8083CB3F5004FD9D830F806CC51
:10837000BCF5004FD4D8571A1FFA87FAD44503D05A
:1083800031F80C705745CBD1CF18AF4202D07C8862
:108390005445C5D14EF2086EC2F2000EDEF80080E0
:1083A00000244EF22069424500F8044C3CBFCEF850
:1083B00000209046C2F20009B9F8CC40D61B3444E4
:1083C000A9F8CC4013D03C798CB9AF420FD0B84556
:1083D00004BFCEF8002090463B8813803D88B5F559
:1083E000004F04D04F19A7F802A030F806CC01EBDB
:1083F0000C00904210D00479002C18BFBDE8F08723
:10840000904508BFCEF8000003801088B0F5004FFB
:108410001CBF0844A0F802C0BDE8F0872DE9F04376
:10842000002861D00146033082B220F0030C0C2AF0
:1084300038BF4FF00C0C1FFA8CFEBEF5004F4FF00A
:1084400000001ED88E4538BFBDE8F0834EF20868A4
:108450004BF68420C2F20008C2F20100D8F80010E6
:108460000268CEF50045881A86B2B5420FD84EF2A2
:108470002060C2F20000B0F8C8100131A0F8C810A6
:108480000020BDE8F08300BF85420646EFD993196E
:108490001F79945B1FB90836A71B774527D2A542E1
:1084A000E5D913191E79105B26B904F10806871B5C
:1084B000774516D28542DAD913181E79145A26B98F
:1084C00000F10806A71B774511D2A542CFD9131991
:1084D0001E79105B002ED7D104F10806871B774563
:1084E000D2D3A146044603E00020BDE8F0838146D4
:1084F0000EF1140087420BD24EF220670120C2F227
:1085000000071871B7F8CC00A4EB090630441BE053
:108510000CEB0607BEB294531F8012FA87F00025B9
:10852000965B0571A0F802900120B6F5004F187116
:108530001CBF901947804EF22067C2F20007B7F8BF
:10854000CC000CF1080E7044B7F8CE6085B2AE4294
:10855000A7F8CC003EBF4EF22067C2F20007A7F892
:10856000CE008B4224D1087900B34BF68820C2F2AA
:1085700001000068814219D0098811440F79002F49
:1085800018BF814212D0098811440F79002F18BFFB
:1085900081420BD0098811440F79002F18BF814206
:1085A00004D0098811440F79002FE3D1C8F80010D6
:1085B00003F10800BDE8F08343F68441C0F60201F0
:1085C00051F820100A69106868B10368136049689F
:1085D0000A89B1F80AC0013293B263450A8184BFA7
:1085E0004A81704770474868818801318180002046
:1085F000704700002DE9F04F8BB0044690F8310031
:10860000012803D002281AD1012000E00020D4F86C
:108610002CA0089056465818BAF1000F08BF4FF426
:10862000807604900138B1FBF6F7B0FBF6F00596C2
:1086300087420697039006D9002700F0ACBD4FF0A3
:10864000FF3700F0A8BD089845F2080841F200493C
:108650004FF0FF330028A2EB0100C4F20108C4F27E
:10866000010918BF41F28833079302910190002756
:1086700005E000BF06980399884200F28C85DDE989
:108680000512029802FB01F301329842C8BF03466B
:1086900002FB01F0049906928142B8BF0846984255
:1086A0000A93E7D00A994FF0000B461A0198084444
:1086B000099005E0002F00F16E85D3445E45D9D9BD
:1086C000A6EB0B07BA4594F83200B8BF57460A9993
:1086D00003280BEB01051BD0022831D0012840F004
:1086E000588561682078A27803F030FD607803280F
:1086F0005AD8DFE800F0023F474E41F628014FF21A
:108700000042C4F20201CFF6FF7210238B504BE0FF
:1087100061682078A27803F019FD6078032800F2E0
:10872000C180DFE800F002A6AEB541F628014FF2A5
:108730000042C4F20201CFF6FF7210238B50B1E069
:1087400061682078A27803F001FD6078032800F2C8
:108750002581DFE810F004000A011201190141F639
:1087600028014FF20042C4F20201CFF6FF7210233B
:108770008B5013E141F62801C4F202014FF48062EC
:108780000A6011E041F62801C4F2020140220A60A9
:108790000AE041F628014FF60043C4F202014022EC
:1087A000CFF6FF73CA5000BF217849B301294FD1DA
:1087B000D8F8001089070CD4D8F8001089075CBFDE
:1087C000D8F800105FEA817103D4D8F80010890747
:1087D000EED50621C8F80410D8F8001009060CD50B
:1087E000D8F80010090644BFD8F800105FEA01610C
:1087F00003D5D8F800100906EED408F1040126E0EC
:10880000D9F8001009060CD4D9F8001009065CBF8D
:10881000D9F800105FEA016103D4D9F80010090605
:10882000EED50621C9F80410D9F8001089060CD439
:10883000D9F8001089065CBFD9F800105FEA8161A1
:1088400003D4D9F800108906EED509F104010968AE
:10885000032800F22181DFE810F0040004010D017B
:10886000150141F62800C4F2020010214FF2F03247
:108870000FE141F62801C4F202014FF480620A6060
:1088800010E041F62801C4F2020140220A6009E02A
:1088900041F628014FF60043C4F202014022CFF610
:1088A000FF73CA50217849B301294FD1D8F800107D
:1088B00089070CD4D8F8001089075CBFD8F80010DD
:1088C0005FEA817103D4D8F800108907EED506213C
:1088D000C8F80410D8F8001009060CD5D8F8001014
:1088E000090644BFD8F800105FEA016103D5D8F843
:1088F00000100906EED408F1040126E0D9F80010B2
:1089000009060CD4D9F8001009065CBFD9F800108C
:108910005FEA016103D4D9F800100906EED50621FB
:10892000C9F80410D9F8001089060CD4D9F8001041
:1089300089065CBFD9F800105FEA816103D4D9F8D9
:1089400000108906EED509F104010968032800F238
:10895000D380DFE800F002B6BFC741F62800C4F2BA
:10896000020010214FF2F032C3E041F62801C4F2B8
:1089700002014FF480620A6010E041F62801C4F25F
:10898000020140220A6009E041F628014FF6004347
:10899000C4F202014022CFF6FF73CA50217849B3D6
:1089A00001294FD1D8F8001089070CD4D8F800104D
:1089B00089075CBFD8F800105FEA817103D4D8F84A
:1089C00000108907EED50621C8F80410D8F8001069
:1089D00009060CD5D8F80010090644BFD8F80010D5
:1089E0005FEA016103D5D8F800100906EED408F15A
:1089F000040126E0D9F8001009060CD4D9F80010BB
:108A000009065CBFD9F800105FEA016103D4D9F808
:108A100000100906EED50621C9F80410D9F8001097
:108A200089060CD4D9F8001089065CBFD9F800106B
:108A30005FEA816103D4D9F800108906EED509F107
:108A400004010968032800F28980DFE800F0026C65
:108A5000757D41F62800C4F2020010214FF2F03279
:108A600079E041F62800C4F202004FF4806140F83A
:108A7000101C11E041F62800C4F20200402140F829
:108A8000101C09E041F62800C4F2020040214FF614
:108A9000F032CFF6FF728150EAF77CFD6078032850
:108AA00000F28C80DFE800F00271798041F6280046
:108AB0004FF20041C4F20200CFF6FF711022425083
:108AC0007CE041F62800C4F202004FF4806140F8D7
:108AD000101C11E041F62800C4F20200402140F8C9
:108AE000101C09E041F62800C4F2020040214FF6B4
:108AF000F032CFF6FF728150EAF74CFD6078032820
:108B000000F22081DFE810F0040004010C011301E1
:108B100041F628004FF20041C4F20200CFF6FF7187
:108B2000102242500EE141F62800C4F202004FF438
:108B3000806140F8101C11E041F62800C4F20200E8
:108B4000402140F8101C09E041F62800C4F2020060
:108B500040214FF6F032CFF6FF728150EAF71AFD4E
:108B60006078032800F26081DFE810F0040044011F
:108B70004C01530141F628004FF20041C4F20200BB
:108B8000CFF6FF71102242504EE141F62800C4F2A8
:108B900002004FF48061016010E041F62800C4F249
:108BA00002004021016009E041F628004FF6004232
:108BB000C4F202004021CFF6FF728150217859B3F0
:108BC000012940F08981D8F8000080070CD4D8F83A
:108BD000000080075CBFD8F800005FEA807003D413
:108BE000D8F800008007EED50220C8F80400D8F8B5
:108BF000000000060CD5D8F80000000644BFD8F8E5
:108C000000005FEA006003D5D8F800000006EED44B
:108C100008F1040027E000BFD9F8000000060CD4DA
:108C2000D9F8000000065CBFD9F800005FEA0060D8
:108C300003D4D9F800000006EED50220C9F80400DC
:108C4000D9F8000080060CD4D9F8000080065CBF7B
:108C5000D9F800005FEA806003D4D9F800008006EC
:108C6000EED509F10400006851B3012940F03381C9
:108C7000D8F8000080070CD4D8F8000080075CBF4B
:108C8000D8F800005FEA807003D4D8F800008007AD
:108C9000EED5E8B2C8F80400D8F8000000060CD5FC
:108CA000D8F80000000644BFD8F800005FEA006072
:108CB00003D5D8F800000006EED4D8F804000AE185
:108CC000D9F8000000060CD4D9F8000000065CBFFB
:108CD000D9F800005FEA006003D4D9F8000000066C
:108CE000EED5E8B2C9F80400D9F8000080060CD42B
:108CF000D9F8000080065CBFD9F800005FEA806008
:108D000003D4D9F800008006EED5D9F80400E2E0DB
:108D100041F62800C4F202004FF48061016011E0C6
:108D200041F62800C4F20200402101600AE041F649
:108D300028004FF60042C4F202004021CFF6FF7235
:108D4000815000BF207848B301284FD1D8F80010D7
:108D500089070CD4D8F8001089075CBFD8F8001038
:108D60005FEA817103D4D8F800108907EED502219B
:108D7000C8F80410D8F8001009060CD5D8F800106F
:108D8000090644BFD8F800105FEA016103D5D8F89E
:108D900000100906EED408F1040126E0D9F800100D
:108DA00009060CD4D9F8001009065CBFD9F80010E8
:108DB0005FEA016103D4D9F800100906EED502215B
:108DC000C9F80410D9F8001089060CD4D9F800109D
:108DD00089065CBFD9F800105FEA816103D4D9F835
:108DE00000108906EED509F104010968294603F04F
:108DF000CFF870E041F62800C4F202004FF4806121
:108E0000016011E041F62800C4F202004021016037
:108E10000AE041F628004FF60042C4F20200402169
:108E2000CFF6FF72815000BF207848B301284FD1A0
:108E3000D8F8001089070CD4D8F8001089075CBF57
:108E4000D8F800105FEA817103D4D8F800108907C0
:108E5000EED50221C8F80410D8F8001009060CD588
:108E6000D8F80010090644BFD8F800105FEA016185
:108E700003D5D8F800100906EED408F1040126E065
:108E8000D9F8001009060CD4D9F8001009065CBF07
:108E9000D9F800105FEA016103D4D9F8001009067F
:108EA000EED50221C9F80410D9F8001089060CD4B7
:108EB000D9F8001089065CBFD9F800105FEA81611B
:108EC00003D4D9F800108906EED509F10401096828
:108ED000A9B202F0CBFF21780998584451B1012979
:108EE00040F01E81012FC0F21B81012F09D100210A
:108EF000C3E000BF012FC0F21381012F5ED100211A
:108F0000E6E007F0010C27F00103002106E000BFB6
:108F10000231D8F80420994200F0AC80455CD8F8C2
:108F2000002092070CD4D8F8002092075CBFD8F834
:108F300000205FEA827203D4D8F800209207EED5B1
:108F4000C8F80450D8F8002012060DD5D8F8002033
:108F5000120644BFD8F800205FEA026204D5D8F8B0
:108F600000201206EED400BFD8F8042041F0010220
:108F7000855CD8F8002092070CD4D8F8002092071E
:108F80005CBFD8F800205FEA827203D4D8F80020D2
:108F90009207EED5C8F80450D8F800201206B7D5CD
:108FA000D8F80020120644BFD8F800205FEA026219
:108FB000AED5D8F800201206EED4A9E707F0010CD0
:108FC00027F00103002104E00231D9F8042099427E
:108FD0007BD0455CD9F8002012060DD4D9F80020CA
:108FE00012065CBFD9F800205FEA026204D4D9F807
:108FF00000201206EED500BFC9F80450D9F80020B1
:1090000092060DD4D9F8002092065CBFD9F8002052
:109010005FEA826204D4D9F800209206EED500BF40
:10902000D9F8042041F00102855CD9F8002012062D
:109030000CD4D9F8002012065CBFD9F800205FEAF2
:10904000026203D4D9F800201206EED5C9F8045004
:10905000D9F800209206B7D4D9F8002092065CBF58
:10906000D9F800205FEA8262AED4D9F800209206D7
:10907000EED5A9E7BCF1000F52D0405CD8F8001043
:1090800089070CD4D8F8001089075CBFD8F8001005
:109090005FEA817103D4D8F800108907EED5C8F8CB
:1090A0000400D8F8000000060CD5D8F8000000062F
:1090B00044BFD8F800005FEA006003D5D8F800008C
:1090C0000006EED408F1040029E0BCF1000F27D01F
:1090D000405CD9F8001009060CD4D9F80010090634
:1090E0005CBFD9F800105FEA016103D4D9F8001021
:1090F0000906EED5C9F80400D9F8000080060CD4A2
:10910000D9F8000080065CBFD9F800005FEA8060F3
:1091100003D4D9F800008006EED509F104000068F8
:109120006078032826D8DFE800F0020A131B41F616
:109130002800C4F2020010214FF2F03217E041F68D
:109140002800C4F202004FF4806140F8101C11E0C6
:1091500041F62800C4F20200402140F8101C09E04A
:1091600041F62800C4F2020040214FF6F032CFF65B
:10917000FF728150EAF70EFA089800283FF49AAA85
:109180000799204609F046F8002808DC0027FFF779
:1091900094BA4FF0FF3738460BB0BDE8F08F4FF070
:1091A000FF37F8E72DE9F04F8DB043F63008C4F2F1
:1091B0000208D8F8001048F2100A41F00101C8F87E
:1091C0000010D8F80010C4F2020A41F00201C8F8F9
:1091D0000010D8F8001041F00401C8F80010D8F8C9
:1091E000001041F04001C8F80010D8F8141041F404
:1091F0008041C8F8141043F60401C4F201010A6862
:1092000042F400020A600022C4F202021368D76826
:10921000022161F3830327F00C071360D7605368C2
:1092200023F002035360936843F00C039360176AC2
:10923000566A0B2363F30717176256621768D668DE
:1092400061F3051726F030061760D660576827F0DF
:1092500004075760976847F030079760176A566AA7
:1092600063F30B27176256621768D66861F38F376E
:1092700026F440461760D660576827F0800757608D
:10928000976847F440479760176A566A63F31F77F9
:10929000176241F600075662C4F202073E68FD6895
:1092A00061F3975625F440053E60FD607E6826F424
:1092B00000667E60BE6846F44006BE603E6A7D6A17
:1092C0003E6263F30F357D623E68FD6861F39B6625
:1092D00025F040653E60FD607E6826F400567E60A5
:1092E000BE6846F04066BE603E6A7D6A3E6263F3D9
:1092F00017557D623E68FD6861F31D7625F0405587
:109300003E60FD607E6826F480467E60BE6846F062
:109310004056BE603E6A7D6A3E6263F31B657D62B5
:1093200040F20C4540F60807C4F20205C4F20207F9
:10933000D5F8F4637C6861F3830624F00C04C5F867
:10934000F4637C60D5F8F86326F00206C5F8F8638C
:109350003E6846F00C063E60BE69FC6963F3071682
:10936000BE61FC61D5F8F4637C6861F3092624F4DE
:109370004074C5F8F4637C60D5F8F86326F01006F5
:10938000C5F8F8633E6846F440763E60BE69FC6905
:1093900063F31346BE61FC61D5F8F4637C6861F346
:1093A0008B2661F38B24C5F8F4637C60D5F8F863F1
:1093B00026F02006C5F8F8633E6846F440663E6035
:1093C000BE69FC6963F31756BE61FC61D2F80034D4
:1093D0002F6823F4401327F44017C2F800342F609D
:1093E000D2F800342F68012666F3934327F4402710
:1093F000C2F800342F6055F8083C074623F400708B
:1094000045F8080C55F8040C4FF4007461F39340D0
:1094100045F8040CD2F800042B6866F3934023F45B
:109420004023C2F800042B6055F8080C4FF6FC7678
:1094300020F4007045F8080C55F8040CC0F204063E
:1094400061F3934045F8040C1420EC61E9F7E6FF62
:109450001420EC60E9F7E2FFDAF800004FF6C37180
:1094600088430130CAF800003046DAF80010C90716
:109470001CBFDAF800105FEAC1710AD0DAF80010F8
:10948000C90718BF002804D0DAF800100438C9074B
:10949000EBD1DAF80010DAF8040011F0010140F025
:1094A0008F80DAF800104FF6C3729143012262F305
:1094B000DF300331CAF804003046CAF80010DAF889
:1094C0000010C9071CBFDAF800105FEAC1710AD0AA
:1094D000DAF80010C90718BF002804D0DAF8001025
:1094E0000438C907EBD1DAF80000C0077CD10A972D
:1094F000D8F8000049F2180940F00070C8F80000E0
:10950000D8F80000C4F2020940F08060C8F80000FA
:10951000D8F8000040F00060C8F8000058F8200CAF
:1095200040F0007048F8200C58F8200C20F0007033
:1095300048F8200C59F8180C40F0010049F8180CB4
:10954000304659F8181CC9071CBF59F8181C5FEAA7
:10955000C1710AD059F8181CC90718BF002804D0D7
:1095600059F8181C0438C907EBD159F8180CC00772
:1095700040F08680EDF7C8FD002840F0958000207F
:109580000C904FF6FF70C0F28F0000BF0C900C984B
:10959000002800F084800C9801380C900C9800286A
:1095A0007DD00C9801380C900C98002877D00C983E
:1095B00001380C900C98002871D00C980138E5E720
:1095C00081F001044FF4C37144F2166244F676430D
:1095D0000FF2D0300091C0F60202C0F60203012162
:1095E0000190F7F773FD11E040F28D1144F216621D
:1095F00044F676430FF2C4300091C0F60202C0F682
:10960000020301210190F7F761FD00240FF2C4303D
:109610004FF4DA7144F2166244F6A823CDE9001043
:10962000C0F60202C0F6020301210294F7F74EFDD4
:109630004FF4B47144F2166244F68033EDA0009109
:10964000C0F60202C0F6020301210190F7F73EFDC9
:1096500044F24571C0F602013D226FF00500CDE9EC
:10966000002144F25E6244F6CE43C0F60202C0F628
:10967000020301210290F7F729FD0DB0BDE8F08F3C
:10968000E4A040F2C31144F2166244F6A82300910C
:10969000C0F60202C0F6020301210190C6E7EDF711
:1096A00033FD002800F0C8805AF8100C48F20F1162
:1096B000CFF63051084000F5803000214AF8100CF8
:1096C0004AF80C1C4AF8081C4AF8041CDAF808008E
:1096D0004FF6417210408030CAF80800CAF80C10EA
:1096E000DAF82C0043F6237240F40270CAF82C001A
:1096F000DAF8FC00CFF6DE0240F4003040F0600003
:10970000CAF8FC00DAF800014FF6FC7740F40310C9
:10971000CAF80001D9F80000C0F20407104000F1B7
:109720000870C9F8000059F8180C46F20000C0F2A1
:10973000C12049F8180C4FF6C372B81CDAF8003093
:10974000934303F64103CAF800303346DAF8005079
:10975000ED071CBFDAF800505FEAC5750AD0DAF8E9
:109760000050ED0718BF002B04D0DAF80050043B7E
:10977000ED07EBD1DAF80030DAF804305B0701F1DD
:10978000010302D481421946D8D3F91C8B4253D02D
:10979000DAF800204FF6C3739A4302F603024FF43F
:1097A0008053CAF80430CAF800203246DAF8003094
:1097B000DB071CBFDAF800305FEAC3730AD0DAF8BF
:1097C0000030DB0718BF002A04D0DAF80030043A72
:1097D000DB07EBD1DAF80020D2072DD100254FF6B8
:1097E000C37300BFDAF8002034469A4302F6410200
:1097F000CAF80020DAF80020D2071CBFDAF80020EF
:109800005FEAC2720AD0DAF80020D20718BF002C33
:1098100004D0DAF80020043CD207EBD1DAF80020BB
:10982000DAF80420920605F1010202D485421546B9
:10983000D8D38A4240F0158200204EF21054C2F272
:10984000000420605AF80C0C4FF6C37140F0100071
:109850004AF80C0CDAF80000884300F24140CAF8DC
:109860000000DAF80000C0071CBFDAF800005FEA69
:10987000C0700AD0DAF80000C00718BF002E04D06C
:10988000DAF80000043EC007EBD1DAF80010DAF88D
:109890000400C90704D180B2010518D4002001E0FA
:1098A0004FF0FF3044F2A771C0F602014FF4F0729E
:1098B000CDE9002144F2166244F6A823C0F6020264
:1098C000C0F6020301210290F7F700FC23E044F206
:1098D0009961C0F602014FF4ED72CDE9002144F226
:1098E000166244F6A823C0F34035C0F38036C0F6B4
:1098F0000202C0F602030521CDE902050496F7F73E
:10990000E5FB4EF23750C2F2000006704EF23650C0
:10991000C2F2000005702068002800F08F814EF22E
:109920003851C2F20001C8694EF220690990086AF4
:10993000C2F200090890486B496A00F002000690E4
:1099400039A0C9F8C4004BF68C20C2F2010007917F
:1099500003304BF6842120F00300C2F201014BF6E4
:10996000882308604FF4004100F50042C2F2010371
:1099700001601A6048F20402012383544FF08022F0
:1099800042504EF20862C2F2000243F6844E4FF09B
:10999000000C1060C0F6020E002280F804C0A9F886
:1099A000CA1054E05048595F5245475F4243522025
:1099B00072656164206572726F7200005048595F71
:1099C0005245475F42435220777269746520657241
:1099D000726F72007068795F736F66747761726519
:1099E0005F72657365742829206572726F72202515
:1099F00064000000656E65745F6D61635F646D6136
:109A00005F636F6E6669672829206661696C6564AB
:109A10000000000045544820696E69742066616941
:109A20006C65640A000000004D454D00D4E900104B
:109A30000232A0F806904EF22069C2F200090160DD
:109A400009EB8B010C2AC1F8D40000F099805EF874
:109A500022301869C0F800C0B3F80A80B8F1000FCE
:109A600038D0D8681E890330A8F10101032920F0FD
:109A7000030519D328F003001969AC190F680438DD
:109A80002F600D6019690F68AF510C60196904EB04
:109A900006070D68A5510F60196907EB06050C68EC
:109AA000BC510D603544E7D118F0030012D019699C
:109AB00001280C682C600D600CD01C69A91927685E
:109AC0000228AF51216005D018698D1904688C51A6
:109AD000056000BFD3E9001042F0010B016009EB03
:109AE00082015EF82B40A0F80680C1F8D4002069FE
:109AF000C0F800C0B4F80A90B9F1000F96D0E06841
:109B000025890330A9F10101032920F003001AD3AC
:109B100029F00301276946193B680439036038605E
:109B200023691F6847511E60206906EB050703681B
:109B300073510760206907EB050603687B510660D7
:109B400006EB0500E6D119F003013FF46FAF23697E
:109B500001291E68066018603FF468AF236900EBB6
:109B600005081E6802294651C3F800803FF45EAF25
:109B7000206908EB0503016848F80510036055E704
:109B80004EF29031E020C2F20001C0F200100860F5
:109B9000E9F7D4FD4BF6E415C2F2010529684BF64E
:109BA000781841F2F12B4BF63C240029C2F201084F
:109BB000C0F6010BC2F2010447D000F57A720868C2
:109BC000B8F808302860581CB8F80A3087B29F42AD
:109BD000A8F8080088BFA8F80A000020C1E9000220
:109BE00043F65C33266849F21809C0F60203C4F252
:109BF00002090833C1F808B0CB6086B37068101A48
:109C000071D433461868002872D04768D71B72D4C5
:109C10000368002B72D05F68D71B71D418680028C6
:109C200066D04768D71B66D40368002B66D05F6890
:109C30001E46D71BB7F1FF3FE4DC62E043F66670D7
:109C4000C0F60200E6F76CFE02E5B8F8040049F23F
:109C500018090130A8F80400C4F2020953E02046B4
:109C600050E0DAF800004FF6C371884300F6414037
:109C7000CAF800003046DAF80010C9071CBFDAF84D
:109C800000105FEAC1710AD0DAF80010C90718BFE6
:109C9000002804D0DAF800100438C907EBD1DAF84C
:109CA0000000DAF804004FF400615AF8102C01EAC1
:109CB000900100F48040084422F4B04108444AF87E
:109CC000100C5AF8100C40F480604AF8100CD9F8C7
:109CD000000020F08060C9F800005AF80C0C4AF827
:109CE0000C0C0120A9E54BF63C20C2F2010008E073
:109CF0000026184605E00646184602E0002600E069
:109D00001E460E600160E9F719FD2968C1B300F530
:109D10007A720868B8F808302860581CB8F80A3019
:109D200087B29F42A8F8080088BFA8F80A00002060
:109D3000C1E9000243F65C332668C0F60203103323
:109D4000C1F808B0CB600EB37068101A20D4334647
:109D5000186810B34768D71B22D403681BB35F6829
:109D6000D71B22D41868C0B14768D71B18D4036822
:109D7000CBB15F681E46D71BB7F1FF3FE8DC15E0AB
:109D8000B8F804000130A8F8040011E020460EE005
:109D90004BF63C20C2F2010008E00026184605E020
:109DA0000646184602E0002600E01E460E600160EE
:109DB000E9F7C4FC2968C9B34EF66022024408687A
:109DC000B8F808302860581CB8F80A3087B29F42AB
:109DD000A8F8080088BFA8F80A000020C1E900021E
:109DE00043F65C332668C0F602031833C1F808B0A6
:109DF000CB600EB37068101A20D43346186810B3C5
:109E00004768D71B22D403681BB35F68D71B22D4D3
:109E10001868C0B14768D71B18D40368CBB15F6816
:109E20001E46D71BB7F1FF3FE8DC15E0B8F8040089
:109E30000130A8F8040011E020460EE04BF63C206B
:109E4000C2F2010008E00026184605E00646184662
:109E500002E0002600E01E460E600160E9F76EFC9D
:109E60002968C1B300F5FA720868B8F808302860AC
:109E7000581CB8F80A3087B29F42A8F8080088BF7B
:109E8000A8F80A000020C1E9000243F65C33266806
:109E9000C0F602032033C1F808B0CB600EB370687F
:109EA000101A20D43346186810B34768D71B22D441
:109EB00003681BB35F68D71B22D41868C0B147681A
:109EC000D71B18D40368CBB15F681E46D71BB7F108
:109ED000FF3FE8DC15E0B8F804000130A8F8040002
:109EE00011E020460EE04BF63C20C2F2010008E0F3
:109EF0000026184605E00646184602E0002600E067
:109F00001E460E600160E9F719FC2968C1B300F133
:109F100064020868B8F808302860581CB8F80A309D
:109F200087B29F42A8F8080088BFA8F80A0000205E
:109F3000C1E9000243F65C332668C0F60203283309
:109F4000C1F808B0CB600EB37068101A20D4334645
:109F5000186810B34768D71B22D403681BB35F6827
:109F6000D71B22D41868C0B14768D71B18D4036820
:109F7000CBB15F681E46D71BB7F1FF3FE8DC15E0A9
:109F8000B8F804000130A8F8040011E020460EE003
:109F90004BF63C20C2F2010008E00026184605E01E
:109FA0000646184602E0002600E01E460E600160EC
:109FB000E9F7C4FB2968C9B30A68B8F808302A6011
:109FC0005A1CB8F80A3097B264309F42A8F80820AB
:109FD00088BFA8F80A200022C1E9002043F65C33BC
:109FE0002268C0F602033033C1F808B0CB602AB350
:109FF0005368DDF81C80C31A23D413461C682CB3A5
:10A000006268821A25D4236833B35A68821A25D429
:10A010001C68DCB16268821A1BD42368E3B15A68F9
:10A02000821AB2F1FF3F1A46E8DC18E0B8F80400E3
:10A030000130A8F80400DDF81C8012E0DDF81C8077
:10A040000EE04BF63C24C2F2010408E000221C465C
:10A0500005E022461C4602E0002200E01A460A60A3
:10A0600021600A994EF28854C2F20004062084F856
:10A07000380029B30868C4F832008988C3B2E18681
:10A0800094F8366094F8331094F8342003964EF226
:10A09000145694F8357094F837508DE88600C2F263
:10A0A000000644F25352C0F60202304612210495D3
:10A0B000E6F74AFA44F61640C0F60200CE213BE02D
:10A0C000E6F724F984F83200010A000C84F8331012
:10A0D00084F83400E6F71AF9010A84F83610010C06
:10A0E00084F8371094F83210022363F3010194F8D6
:10A0F000332094F8347084F8321001F0FE03C1B2BA
:10A10000C0F30726CDE902164EF21456CDE900271A
:10A11000C2F2000644F2535284F83500C0F30745FA
:10A12000C0F60202304612210495E6F70DFA44F615
:10A13000F730C0F60200D92144F2006244F696439B
:10A14000CDE90010C0F60202C0F602030421029617
:10A15000F6F7BCFF4BF63822C2F201021278099BD7
:10A160004AF6196184F83C2048F2A9620020C0F642
:10A170000101C0F600020B9384F839002064C4E9A1
:10A180000700C4E90900E0622086C4E90100C4E9CF
:10A190000302616160648BB108980BA9002818BFA5
:10A1A000A0604EF28850C2F200000CAAB8F1000F75
:10A1B00018BFC4F80C8000F045FD0FE00BA90CAAF5
:10A1C000204600F03FFDA068089988421CBF084661
:10A1D000A160E068404518BFC4F80C80442084F8B2
:10A1E0003B0047F6793041F25511C0F60000C0F649
:10A1F0000101C4E90501E08E44F23E71A4F8391072
:10A20000CAF83000D4F832004BF20C71CAF83400AE
:10A2100040F2DC5020864EF20C5049F6481BC2F248
:10A220000201C2F20000C2F2020B49F8081C0160F0
:10A230004FF4801400200BF2F456884601F1140309
:10A2400041F2DC1C48F8204F83E841010BF6E83569
:10A250000E4601F124030BEB0C070A4646F8304F7B
:10A2600061C30D46C1E90D0741F2D07E45F6B40940
:10A2700049F218034EF2085742F8104FC1E9004066
:10A2800045F8404F0BEB0E04C2F20209C4F2020380
:10A29000C2F20007C1E902B2CD63C1E91104C96489
:10A2A00043F80C9CC7F800904FF0004B43F6F027A2
:10A2B0004C46C2F2020744F810BFC9F80C4007F23E
:10A2C000F454C9F818404C4644F820BFC9F81C4063
:10A2D00007F6E834C9F828404C4644F830BFC9F8BE
:10A2E0000870C9F82C40BC444C46BE4444F2F457B4
:10A2F00044F840BFC9F80470C9F81470C9F8247054
:10A30000C9E90D7CC9E9117E0F68C9F83C401468A1
:10A3100047F440070F6044F44001D8F80070116022
:10A32000326847F44001C8F8001042F440012A683E
:10A33000316042F44001C9F800B0C9F84C9029607E
:10A340005AF8101C49F2180341F00801C4F2020344
:10A350004AF8101C19684FF6FC7241F48011C0F2E3
:10A36000040219601968C9020CD51968C90244BFF2
:10A3700019685FEAC12105D5904203D219680430FB
:10A38000C902EFD418684EF2885840F400501860A3
:10A390005AF8100CC2F2000840F004004AF8100C01
:10A3A00018684EF2903540F00200186098F83C10A2
:10A3B0004BF634204BF63826C2F20100C2F20005FB
:10A3C000C2F20106CAB20346FF2A04BF002188F880
:10A3D0003C101B68D3B193F83C70CAB2974211D0BD
:10A3E0001B689BB193F83C7097420BD01B686BB114
:10A3F00093F83C70974205D01B683BB193F83C70D2
:10A400009742E6D1013188F83C10DBE7CAB2FE3A48
:10A4100018BF4A1CD8F82C1032700268C8F8002007
:10A42000C0F80080B1B12A6808464368934231D031
:10A43000006878B1436893422CD0006850B14368FB
:10A44000934227D0006828B14368934222D0006825
:10A450000028EAD14BF6D013C2F20103186860B3AA
:10A460004BF62812C2F20102076816891F60731C9E
:10A4700057899EB2BE42138188BF53812B68002248
:10A48000C0E901320273002914BF0A6808F12C01E7
:10A4900002600860027B02214172511C0173D8F8EE
:10A4A00040308BB14EF288504EF29031C2F2000033
:10A4B000C2F200010122984706E04BF62810C2F2D2
:10A4C000010081880131818098F839004BF63021F4
:10A4D000C2F201014207C1F8008002D400F0A0FCE2
:10A4E00018E0C10716D1D8F81C1040F0010088F818
:10A4F000390019B14046884798F8390000F0050145
:10A50000052907D1D8F80410002918BF10F0200041
:10A5100040F0B8814BF6F411C2F201010C6841F22F
:10A52000A140C0F60100C8F81C00ACB14BF6B81051
:10A53000C2F20100226803890A60591C42898BB269
:10A540009342018188BF418120462821E7F765FABF
:10A55000FF20E072607707E04BF6B810C2F201000E
:10A5600081880024013181804BF25C7940F600063D
:10A57000C2F20209C2F20006C9F8004006F1100456
:10A5800040F2EF1720468C21C0F20217E7F745FA98
:10A5900041F23420C4F2563040F200114FF0807284
:10A5A0004FF48873CDF2071186E80F0044F631426C
:10A5B0004DF64013C0F60202C2F2000320466421A9
:10A5C000E5F7C2FF4EF23850C2F20000B0F840305A
:10A5D00044F62A0206F17400C0F602022821E5F7CB
:10A5E000B3FFD9F800002A68417ABA4241F020014D
:10A5F0000C97417204D144F63D40C0F6020007E0DA
:10A6000098F83910890640D444F65120C0F602006B
:10A61000E5F778FF6FF0050444F20870C0F6020019
:10A62000622144F2456244F6B843CDE90010C0F619
:10A630000202C0F6020301210294F6F747FD44F638
:10A640004A00C0F602004FF48C7144F2006244F6F6
:10A6500096430091C0F60202C0F602030121019068
:10A66000F6F734FD44F28C70C0F60200452144F246
:10A670005E6244F6CE43CDE90010C0F60202C0F699
:10A68000020301210294FEF7F6BFD8F82C10A9B1FD
:10A690000C466268BA4234D024687CB16268BA421F
:10A6A0002FD0246854B16268BA422AD024682CB1F1
:10A6B0006268BA4225D02468002CEAD14BF6D01C3F
:10A6C000C2F2010CDCF80040002C00F0B3804BF625
:10A6D0002812C2F2010226681389CCF80060013307
:10A6E00056899DB2B542138188BF53810022C4E9C7
:10A6F00001722273002914BF0A6808F12C0122603C
:10A700000C60617A09BB207B48B9D8F8403033B17E
:10A710004EF28850C2F200000CA9012298474EF276
:10A720002061C2F20001B1F88E000130A1F88E0064
:10A730004EF28850C2F200002146EFF7E9FC0220F9
:10A740006081D9F8000001216172217B01F10101D2
:10A75000217338B141F64541C0F602010022C0E93B
:10A76000081207E044F2D050C0F60200E5F7CAFE36
:10A77000D9F8000000284FD04BF26071C2F20201FC
:10A780000B461B68B3FA83F2002B4FEA521218BF34
:10A7900083421BD0DB68B3FA83F2002B4FEA5212DC
:10A7A00018BF834212D0DB68B3FA83F2002B4FEA62
:10A7B000521218BF834209D0DB68B3FA83F24FEA22
:10A7C00052121BB1834203F10C03DAD10D6800274A
:10A7D000D5B341F289362B4601E0DB68ABB3834247
:10A7E00002D05C8AB44214D0DB6873B3834202D0D7
:10A7F0005C8AB4420DD0DB683BB3834202D05C8AF2
:10A80000B44206D0DB6803B38342E6D05C8AB4422C
:10A81000E3D16FF0070407E044F28750C0F602006E
:10A82000E5F770FE6FF00F0444F2F460C0F602002A
:10A830006921F6E64BF62810C2F2010081884FF03C
:10A84000FF3401318180E7E6002541F2893307605A
:10A85000002A43821CBFC5600860402002F084F8D3
:10A8600045F61815C2F20205286038B30446007D8B
:10A8700068B344F29440C0F602006FF00504E5F7B7
:10A8800041FEB7E0D8F82C0000283FF443AE006842
:10A8900000283FF43FAE0221012205E041814272CF
:10A8A000006800283FF436AE437A022BF6D0012B25
:10A8B000F6D14389013B052BF0D2F1E744F2715008
:10A8C000C0F602006FF00F04E5F71CFE92E045F6BB
:10A8D0001C19C2F20209D9F80010B9B140F2D170C6
:10A8E000CA8A824200F08480C96879B1CA8A8242E9
:10A8F0007ED0C96851B1CA8A824279D0C96829B16B
:10A90000CA8A824274D0C9680029E9D145F6101775
:10A91000C2F202073868B8B140F2D1710246D38A58
:10A920008B4265D0D2687AB1D38A8B4260D0D2682C
:10A9300052B1D38A8B425BD0D2682AB1D38A8B4280
:10A9400056D0D268002AEAD145F60811C2F20201B7
:10A950000A68B2B140F2D171D38A8B4248D0D26832
:10A960007AB1D38A8B4243D0D26852B1D38A8B4218
:10A970003ED0D2682AB1D38A8B4239D0D268002A1D
:10A98000EAD145F62811C2F202010A68B2B140F2DA
:10A99000D171D38A8B422BD0D2687AB1D38A8B42C1
:10A9A00026D0D26852B1D38A8B4221D0D2682AB144
:10A9B000D38A8B421CD0D268002AEAD140F2D171EE
:10A9C000E182E0603C6004F0C3FF207D68B344F6A0
:10A9D0007F00C0F60200E5F795FD6FF00E04002041
:10A9E000286044F26170C0F602004FF48D7107E0F8
:10A9F0006FF0070444F2E060C0F602004FF48A7181
:10AA000044F22C6244F6A643CDE90010C0F60202DF
:10AA1000C0F6020301210294F6F758FB44F62F001A
:10AA2000C0F602004FF48F710FE64BF6EC11C2F244
:10AA300001010E68002E00F0B3804BF69810C2F2B0
:10AA40000100326803890A60591C42898BB2934223
:10AA5000018188BF418121692068A2683161E18A52
:10AA60000123F1823375637D7375B2603060E1B1AB
:10AA70003868A04215D0B0B1C2680146A2420ED0DB
:10AA80008AB1D0681146A04209D060B1C2680146BF
:10AA9000A24204D03AB1D0681146A042EBD101F1F4
:10AAA0000C07E06838600020E0604BF68810C2F2C6
:10AAB00001004BF6E8120189C2F201021368013964
:10AAC000018123604CF65910C0F60100D9F800103E
:10AAD000B06104201460B083F160C9F8006004F034
:10AAE00037FF4BF26470C2F20200002144F21402FC
:10AAF000815044F21802815044F22402815048F2FD
:10AB00003802815048F23C02815048F2480281509C
:10AB10004CF25C0281504CF260028150327D2E601A
:10AB2000012A016002BF41F61120C0F60200B061A7
:10AB3000069800283ED14EF28850C2F2000090F8EC
:10AB40003900C1076AD14EF28852C2F20002D169BF
:10AB500040F0010082F8390039B14EF28854C2F257
:10AB600000042046884794F8390000F005010529C3
:10AB700054D14EF28851C2F200014968002918BF31
:10AB800010F020004AD04EF28850C2F20000C06A95
:10AB9000002843D00068002840D00221012233E081
:10ABA0004BF69810C2F2010081884FF0FF3401315A
:10ABB000818014E74EF28C44C2F200042046482102
:10ABC000E6F72BFF0220E0714EF28850C2F200003F
:10ABD0004462ECF78BF808B3044644F2CA70C0F63E
:10ABE00002004FF4967144F2006244F69643CDE9B8
:10ABF0000010C0F60202C0F60203012102942FE504
:10AC000041814272006848B1437A022BF8D0012B8F
:10AC1000F8D14389013B052BF2D2F3E7482144F2F6
:10AC20005E6244F6CE4305A00091C0F60202C0F673
:10AC3000020304210190FEF71EBD00BF454E45549E
:10AC4000206F6B002DE9F04F81B081460F6840689E
:10AC5000874200F09880884616460028106060D031
:10AC600045F60810C2F202000068002874D145F6CB
:10AC70001010C2F20200006800287BD11FB345F615
:10AC80001C10C2F202000068E8B100BF016832681F
:10AC9000914208BF0760C068A8B10168326891425C
:10ACA00008BF0760C06870B101683268914208BF90
:10ACB0000760C06838B101683268914208BF076018
:10ACC000C0680028E2D132685AB34FF0010027B3C0
:10ACD0004BF26071C2F202010968F1B1104600BF87
:10ACE0000A68824204BF0F603068C968A9B10A6867
:10ACF000824204BF0F603068C96871B10A6882423D
:10AD000004BF0F603068C96839B10A68824204BF65
:10AD10000F603068C9680029E2D1002818BF002FF1
:10AD20004DD199F83900D8F8001000F00502052A35
:10AD3000C9F8041004D1002918BF10F0200025D153
:10AD4000D9F81C10F9B1484601B0BDE8F04F0847EA
:10AD5000002C20463FF48BAF31680268C4688A42F9
:10AD6000F6D1012101F050FCF2E700BF002C204693
:10AD70003FF484AF31680268C4688A42F6D1012189
:10AD800001F042FCF2E701B0BDE8F08FD9F82C00E9
:10AD90000028D5D000680028D2D00221012204E08A
:10ADA0004181427200680028CAD0437A022BF7D052
:10ADB000012BF7D14389013B052BF1D2F2E7D9F8FA
:10ADC0004450002DADD0BFB24FF6A9644FF0010A38
:10ADD0004FF0000B07E010F0300F1CBF0620287268
:10ADE0002D68002D9DD0696830688142F8D180B20D
:10ADF000A042F5D1A742F3D0287A0728F0D80AFA62
:10AE000000F010F08E0FE6D02A694846022185F83E
:10AE100008B09047E4E700006FF00B0070470000B7
:10AE20002DE9F04F81B04EF28852C2F2000292F842
:10AE30003900C1070FD000F0FE01000782F8391079
:10AE40000CD4D16939B14EF28850C2F2000001B081
:10AE5000BDE8F04F084701B0BDE8F08F4EF29434E2
:10AE60004BF638164BF6D4154BF648174BF6D81858
:10AE70004FF0000CC2F20004C2F20106C2F201055A
:10AE8000C2F20107C2F201084FF0000917E0009B6F
:10AE90004EF288524EF294344FF0000CC2F200028F
:10AEA000C2F20004C3F800C083F814C0C3E901CCA7
:10AEB000C3E903CC09F10109B9F10A0FC1D009EBCB
:10AEC000490004EBC003197D0029F3D09968914231
:10AED000F0D154F830B0BBF1000FE5D0009312E090
:10AEE0004BF60812C2F201024BF6C8131089C2F2E7
:10AEF000010319680138BBF1000F1081CAF8001076
:10AF0000C3F800A0C3D0DA46DBE900B402E000BF1A
:10AF100001698847002CE3D0A17B01390A06A1739F
:10AF2000DED1617B204624688907F1D4017B11F0D2
:10AF30000F010CD001290DD00229EBD13989D8F8A5
:10AF40000020013939810260C8F80000E2E7FDF70E
:10AF5000E3F9DFE731892A6801393181026028602D
:10AF6000D8E70000002804BF01207047002904BF73
:10AF70000020704702890A4493B28B420BD390F9A8
:10AF80000C30B3F1FF3F06DC4368A3EB010C00F18A
:10AF900010039C4501D2012070474389C0F804C0CA
:10AFA0001944418102810020704700002DE9F04FD3
:10AFB00081B00C46B2F5207F05464FD0B2F5C17F77
:10AFC00040F0AE804BF64818C2F20108B8F80810FD
:10AFD000B8F80AB04BF6D81A40F282094FF0000CCC
:10AFE000C2F2010A40F2F45EC0F201090027002615
:10AFF000DAF80020002A59D010680131CAF80000A0
:10B0000088B21FFA8BF3984205F1030000F4FE703A
:10B01000AEEB0003A0B2A8F8081084BFA8F80A108D
:10B020008B46984238BF034612FA85F0133020F061
:10B030000300C2E900C01481002E1046A4EB0304F3
:10B040005381C2F80C901CBF3A603046002523049F
:10B0500017460646CCD101B0BDE8F08FE01C20F0C9
:10B060000302A81803304FF6FC71014091424FF0E3
:10B070000000F0D3103189B28A42ECD80846FDF7BF
:10B08000CDF9014600284FF00000E4D04A191332F0
:10B0900022F00302C1E900028020C0F20100C86072
:10B0A00008460C814C8101B0BDE8F08FB8F804006F
:10B0B00000F10100A8F8040096B34BF638144BF6E3
:10B0C000D415C2F20104C2F2010502E00169884709
:10B0D00036B3B17B01390A06B17321D1717B304699
:10B0E00036688907F2D4017B11F00F010ED00129D7
:10B0F0000FD00229ECD1B8F80810DAF80020013995
:10B10000A8F808100260CAF80000E1E7FDF704F9AA
:10B11000DEE721892A680139218102602860D7E7AA
:10B12000002001B0BDE8F08F80B502682AB300BFEF
:10B13000B0F808C00B89634403811068D0B1B2F83D
:10B1400008C0B1F808E00368F444A2F808C0A3B14D
:10B15000B0F808C00A8962440281186860B1B3F887
:10B1600008C0B1F808E00268F444002AA3F808C057
:10B17000DED102E0104600E0184602890B8901602A
:10B180001A4402818A7B501C887380BD002148B11B
:10B19000006848B1006858B1006868B100680431BF
:10B1A0000028F5D188B2704741F0010188B270479C
:10B1B00041F0020188B2704741F0030188B2704744
:10B1C00070B506890446F01C20F0030202F111005C
:10B1D0004FF6FC71014091424FF000001FD3103137
:10B1E00089B28A421BD80846FDF718F9054600289F
:10B1F0004FF0000008BF70BD05F1210121F00301EF
:10B20000C5E900018020C0F201002E81E86022899A
:10B210002846214600236E8100F046F8284670BD7E
:10B220002DE9F04381B048B3884661B314469AB320
:10B2300005464FF0000900266889190406D099B226
:10B24000814203D31B1A200414D127E0C01A80B214
:10B25000A7B2B84238BF0746696818FA86F011FAF3
:10B2600083F13A46E7F77CF8B9443E44E41B0023F7
:10B27000200413D02D68002DDED10FE044F6892084
:10B28000C0F6020003E044F6D430C0F60200E5F751
:10B2900039F94FF0000901E04FF000091FFA89F079
:10B2A00001B0BDE8F08300002DE9F04F81B029B175
:10B2B0000746088991460E4690420BD244F6B608DE
:10B2C000F024C0F602084046E5F71CF960B201B070
:10B2D000BDE8F08F388903EB09011C46814203D990
:10B2E000F0240FF2AC08EEE743F6777A4FF0000B4C
:10B2F000C0F6020A0FF2C80803E000BF5FEA094087
:10B300003DD078897189001BA1EB0B05A84238BF9D
:10B3100005461FFA89F0854228BF0546786871689E
:10B32000204459442A46E7F71BF87089AB4483450B
:10B33000A9EB050906D336684FF0000B16B95FEA92
:10B3400009401ED178892C44844205D13F680024ED
:10B3500017B95FEA094016D12EB170893189884248
:10B3600001D1306840B9002FC8D078893989884226
:10B37000C4D138680028C1D0FA24D046A3E70024FD
:10B38000A4E7F0249FE7F0240FF244089BE700BFF6
:10B39000706275665F636F70795F70617274696106
:10B3A0006C5F706275663A20746172676574206EB6
:10B3B0006F742062696720656E6F756768000000B2
:10B3C000705F66726F6D20213D204E554C4C000021
:10B3D000705F746F20213D204E554C4C00000000E2
:10B3E0002DE9F041E0B34BF638184BF6D4164BF686
:10B3F00048174BF6D8150446C2F20108C2F20106FE
:10B40000C2F20107C2F2010503E000BF01698847EB
:10B4100034B3A17B01390A06A17318BFBDE8F081DE
:10B42000617B204624688907F0D4017B11F00F016D
:10B4300013D0012908D00229EAD139892A680139B3
:10B44000398102602860E3E7B8F8081032680139F2
:10B45000A8F8081002603060DAE7FCF75DFFD7E774
:10B46000BDE8F081B1F1FF3F04DD002818BF0029DD
:10B4700010D170470028FCD049420022B2EB114F96
:10B48000F7D142898A421ED244F60030C0F602004B
:10B49000E5F738B802890A4493B28B42E9D390F9B0
:10B4A0000CC04368BCF1FF3FA3EB010C04DC00F1CE
:10B4B00010039C4538BF70474389C0F804C0194445
:10B4C0004181028170474368521A0B4443600389EB
:10B4D0004281591A018170472DE9F04702898A4259
:10B4E00098BFBDE8F08704464089884224D28A1A72
:10B4F0002389091A1344238124688BB2608983420B
:10B500001AD92389091A1344238124688BB26089CC
:10B51000834211D92389091A1344238124688BB2E9
:10B520006089834208D92389091A13442381246836
:10B530008BB260898342DBD8227B120740F0908077
:10B540008AB2824200F08C80607B800700F18880A4
:10B550006068001B0A18D01C83B220F003000C2B7B
:10B5600038BF0C2087B2B7F5004F79D892B2974216
:10B5700076D34BF68422C2F201021268A24239D875
:10B580004BF68823C2F201031B68A34232D9A246BC
:10B590003AF8089DAAEB020EA9EB0E05A5F10803E7
:10B5A0009BB29F425CD202EB090898F80460C5F197
:10B5B000080C4EB307F114059D4251D84EF20865B0
:10B5C00000EB0E03C2F2000503F108072E6812FA21
:10B5D00087F3B34238BF2B60A3F80090AAF800703D
:10B5E0001D880026B5F5004F1E71A3F802E02DD08E
:10B5F0002A442AE04EF22060C2F20000B0F8D020C7
:10B600000132A0F8D0202BE04EF2086900EB0E03C7
:10B61000C2F20009B8F80050D9F8006003F1080739
:10B62000BBB2464504BFD618C9F80060D552AAF887
:10B630000070D618D35A4FF00008B3F5004F86F8C3
:10B640000480A6F802E001D01A4457804EF220622E
:10B65000C2F20002B2F8CC3060441844A2F8CC0028
:10B66000266861812181DEB34BF638184BF6D41978
:10B670004BF648174BF6D815C2F20108C2F2010981
:10B68000C2F20107C2F2010503E000BF0169884769
:10B6900036B3B17B01390A06B17321D1717B3046D3
:10B6A00036688907F2D4017B11F00F010AD0012915
:10B6B0000BD00229ECD139892A680139398102601D
:10B6C0002860E5E7FCF728FEE2E7B8F80810D9F8AB
:10B6D00000200139A8F808100260C9F80000D7E777
:10B6E00000202060BDE8F08780B548B151B14289A3
:10B6F0008A4209D244F60030C0F60200E4F702FFA5
:10B70000012080BD002080BD4368521A0B44436075
:10B7100003894281591A0181002080BD2DE9F04F33
:10B7200089B0876A0446002F08BFE7695818B7F147
:10B73000807FA8BF4FF0807705900138B1FBF7F507
:10B74000B0FBF7F08542049001D9002689E3129BF3
:10B7500045F2080841F20049501AC4F20108C4F247
:10B760000109019000264FF0FF0BCDE9021706E01A
:10B77000069D0498DDE90217854200F2728305FBFD
:10B7800007F29142C8BF0A460135059905FB07F04B
:10B7900081420695B8BF084690420892E8D00899C1
:10B7A0004FF0000A451A019808440790A5EB0A06D5
:10B7B000B34294F83200B8BF1E46089903280AEB3A
:10B7C00001071BD0022833D0012840F0488361686C
:10B7D0002078A27800F0BAFC607803285CD8DFE813
:10B7E00000F00241495041F628004FF20041C4F2F6
:10B7F0000200CFF6FF71102242504DE061682078C0
:10B80000A27800F0A3FC6078032800F20981DFE849
:10B8100010F00400ED00F500FC0041F628004FF2A6
:10B820000041C4F20200CFF6FF7110224250F7E04F
:10B8300061682078A27800F089FC6078032800F223
:10B840006181DFE810F0040045014D01540141F62B
:10B8500028004FF20041C4F20200CFF6FF7110221F
:10B8600042504FE141F62800C4F202004FF48061DB
:10B87000016011E041F62800C4F20200402101609D
:10B880000AE041F628004FF60042C4F202004021CF
:10B89000CFF6FF72815000BF217859B3012940F0E3
:10B8A0008981D8F8000080070CD4D8F80000800700
:10B8B0005CBFD8F800005FEA807003D4D8F80000BD
:10B8C0008007EED50320C8F80400D8F80000000671
:10B8D0000CD5D8F80000000644BFD8F800005FEA95
:10B8E000006003D5D8F800000006EED408F104008B
:10B8F00027E000BFD9F8000000060CD4D9F80000FA
:10B9000000065CBFD9F800005FEA006003D4D9F8F4
:10B9100000000006EED50320C9F80400D9F80000A5
:10B9200080060CD4D9F8000080065CBFD9F800006E
:10B930005FEA806003D4D9F800008006EED509F1F3
:10B940000400006851B3012940F03381D8F80000A9
:10B9500080070CD4D8F8000080075CBFD8F800003E
:10B960005FEA807003D4D8F800008007EED5F8B203
:10B97000C8F80400D8F8000000060CD5D8F800007C
:10B98000000644BFD8F800005FEA006003D5D8F88D
:10B9900000000006EED4D8F804000AE1D9F800004F
:10B9A00000060CD4D9F8000000065CBFD9F80000EE
:10B9B0005FEA006003D4D9F800000006EED5F8B2C3
:10B9C000C9F80400D9F8000080060CD4D9F80000AA
:10B9D00080065CBFD9F800005FEA806003D4D9F824
:10B9E00000008006EED5D9F80400E2E041F6280018
:10B9F000C4F202004FF48061016011E041F62800BA
:10BA0000C4F20200402101600AE041F628004FF62E
:10BA10000042C4F202004021CFF6FF72815000BF05
:10BA2000207848B301284FD1D8F8001089070CD4EA
:10BA3000D8F8001089075CBFD8F800105FEA817160
:10BA400003D4D8F800108907EED50321C8F80410F4
:10BA5000D8F8001009060CD5D8F80010090644BF24
:10BA6000D8F800105FEA016103D5D8F80010090684
:10BA7000EED408F1040126E0D9F8001009060CD430
:10BA8000D9F8001009065CBFD9F800105FEA01611F
:10BA900003D4D9F800100906EED50321C9F8041023
:10BAA000D9F8001089060CD4D9F8001089065CBFBB
:10BAB000D9F800105FEA816103D4D9F80010890633
:10BAC000EED509F104010968394600F061FA70E029
:10BAD00041F62800C4F202004FF48061016011E0D9
:10BAE00041F62800C4F20200402101600AE041F65C
:10BAF00028004FF60042C4F202004021CFF6FF7248
:10BB0000815000BF207848B301284FD1D8F80010E9
:10BB100089070CD4D8F8001089075CBFD8F800104A
:10BB20005FEA817103D4D8F800108907EED50321AC
:10BB3000C8F80410D8F8001009060CD5D8F8001081
:10BB4000090644BFD8F800105FEA016103D5D8F8B0
:10BB500000100906EED408F1040126E0D9F800101F
:10BB600009060CD4D9F8001009065CBFD9F80010FA
:10BB70005FEA016103D4D9F800100906EED503216C
:10BB8000C9F80410D9F8001089060CD4D9F80010AF
:10BB900089065CBFD9F800105FEA816103D4D9F847
:10BBA00000108906EED509F104010968B9B200F068
:10BBB0005DF921780798504491B3012961D1012E94
:10BBC0005FDB012E40F09380002116F0010258D077
:10BBD000D8F8002092070CD4D8F8002092075CBF58
:10BBE000D8F800205FEA827203D4D8F800209207C8
:10BBF000EED5C8F804B0D8F8002012060CD5D8F855
:10BC00000020120644BFD8F800205FEA026203D584
:10BC1000D8F800201206EED408F104022FE000BF8D
:10BC2000012E2EDB012E40F0BE80002116F0010215
:10BC300027D0D9F8002012060CD4D9F8002012061B
:10BC40005CBFD9F800205FEA026203D4D9F8002073
:10BC50001206EED5C9F804B0D9F8002092060CD42B
:10BC6000D9F8002092065CBFD9F800205FEA826212
:10BC700003D4D9F800209206EED509F10402126827
:10BC800042546078032826D8DFE800F0020A131B2C
:10BC900041F62800C4F2020010214FF2F03217E002
:10BCA00041F62800C4F202004FF4806140F8101CF5
:10BCB00011E041F62800C4F20200402140F8101CB7
:10BCC00009E041F62800C4F2020040214FF6F032AC
:10BCD000CFF6FF728150E7F75DFCB6F1FF3F40F30E
:10BCE000C080129B9A4455453FF660AD40E526F072
:10BCF0000102002107E000BFD8F804700231914230
:10BD0000C7543FF462AFD8F800309B0708D4D8F886
:10BD100000309B075CBFD8F800305FEA83733DD5E5
:10BD2000C8F804B0D8F800301B060DD5D8F800309C
:10BD30001B0644BFD8F800305FEA036304D5D8F887
:10BD400000301B06EED400BFD8F80430435441F055
:10BD50000103D8F80070BF070CD4D8F80070BF07F3
:10BD60005CBFD8F800705FEA877703D4D8F800701A
:10BD7000BF07EED5C8F804B0D8F800703F06BBD5B1
:10BD8000D8F800703F0644BFD8F800705FEA076734
:10BD9000B2D5D8F800703F06EED4ADE7D8F8003041
:10BDA0009B07B0D5BCE726F00102002107E000BFE9
:10BDB000D9F8047002319142C7543FF437AFD9F833
:10BDC00000301B0608D4D9F800301B065CBFD9F838
:10BDD00000305FEA03633DD5C9F804B0D9F80030FC
:10BDE0009B060DD4D9F800309B065CBFD9F8003013
:10BDF0005FEA836304D4D9F800309B06EED500BF18
:10BE0000D9F80430435441F00103D9F800703F06DB
:10BE10000CD4D9F800703F065CBFD9F800705FEA17
:10BE2000076703D4D9F800703F06EED5C9F804B00F
:10BE3000D9F80070BF06BBD4D9F80070BF065CBF4C
:10BE4000D9F800705FEA8767B2D4D9F80070BF06EE
:10BE5000EED5ADE7D9F800301B06B0D5BCE74FF002
:10BE6000FF36304609B0BDE8F08F00004FEA112CD4
:10BE700018B3012840F08A8045F20803C4F2010398
:10BE80001A68920709D41A6892075CBF1A685FEAB9
:10BE9000827202D41A689207F2D5C3F804C01A68F5
:10BEA00012062AD51A68120644BF1A685FEA0262AF
:10BEB00023D51A681206F2D41FE041F20043C4F2FF
:10BEC00001031A68120609D41A6812065CBF1A68C0
:10BED0005FEA026202D41A681206F2D5C3F804C0FF
:10BEE0001A68920609D41A6892065CBF1A685FEA5B
:10BEF000826202D41A689206F2D51A1D126818B32B
:10BF0000012818BF704745F20800C4F2010002681A
:10BF1000920709D4026892075CBF02685FEA8272E6
:10BF200002D402689207F2D5C9B2416001680906DD
:10BF30002AD50168090644BF01685FEA016123D57B
:10BF400001680906F2D41FE041F20040C4F201008A
:10BF50000268120609D4026812065CBF02685FEA32
:10BF6000026202D402681206F2D5C9B241600168C9
:10BF7000890609D4016889065CBF01685FEA8161AE
:10BF800002D401688906F2D50430006870470000C9
:10BF90004FEA114C18B3012844D145F20803C4F20A
:10BFA00001031A68920709D41A6892075CBF1A68DD
:10BFB0005FEA827202D41A689207F2D55FFA8CF2B5
:10BFC0005A601A6812062BD51A68120644BF1A68FE
:10BFD0005FEA026224D51A681206F2D420E041F228
:10BFE0000043C4F201031A68120609D41A68120643
:10BFF0005CBF1A685FEA026202D41A681206F2D5C0
:10C000005FFA8CF25A601A68920609D41A6892068E
:10C010005CBF1A685FEA826202D41A689206F2D59F
:10C020001A1D12684FEA112C20B3012840F08C80B1
:10C0300045F20803C4F201031A68920709D41A688A
:10C0400092075CBF1A685FEA827202D41A6892078C
:10C05000F2D55FFA8CF25A601A6812062BD51A686C
:10C06000120644BF1A685FEA026224D51A681206F3
:10C07000F2D420E041F20043C4F201031A68120630
:10C0800009D41A6812065CBF1A685FEA026202D419
:10C090001A681206F2D55FFA8CF25A601A68920694
:10C0A00009D41A6892065CBF1A685FEA826202D4F9
:10C0B0001A689206F2D51A1D126818B3012818BF23
:10C0C000704745F20800C4F201000268920709D4E3
:10C0D000026892075CBF02685FEA827202D402685B
:10C0E0009207F2D5C9B24160016809062AD50168F4
:10C0F000090644BF01685FEA016123D501680906AA
:10C10000F2D41FE041F20040C4F2010002681206BE
:10C1100009D4026812065CBF02685FEA026202D4B8
:10C1200002681206F2D5C9B241600168890609D4D5
:10C13000016889065CBF01685FEA816102D4016819
:10C140008906F2D50430006870470000F0B581B070
:10C15000012800F03D81002840F0448243F6240588
:10C16000C4F20205EB6841F6040443F04003EB60BF
:10C17000EB68C4F2020443F00103EB602B6A4FF05A
:10C18000080C43F020032B62E369206A6CF31F73F1
:10C19000E361206241F20040C4F20200D0F8006482
:10C1A000A76802234FF0010E63F38F366EF38F37CB
:10C1B000C0F80064A7602068032A20F08000206097
:10C1C000606863F38F30606040F20004C4F20204E0
:10C1D000206A666A20626CF30F3666622068E66841
:10C1E00063F397506EF397562060E660606820F422
:10C1F00000606060A06863F39750A060206A666A80
:10C2000020626CF3134666622068E76863F3196086
:10C210006EF319672060E760606820F4805060600A
:10C22000A06863F31960A060286841F20C4440F0F4
:10C23000200028602868C4F2010420F02000286053
:10C24000206820F4C060206020682060206820F40E
:10C250008050206020682060606820F4405060605A
:10C26000606840F480506060606F40F40060606718
:10C27000206820F400402060206840F400402060E6
:10C28000A06820F40060A060A068A060606F20F04B
:10C2900001006067A06820F48070A060A068A060C2
:10C2A000A06820F40070A060A068A060A06820F0E2
:10C2B0004000A060A068A060A06820F08000A0609E
:10C2C000A068A060206820F002002060606820F470
:10C2D00080406060A06820F00800A0600AD8636811
:10C2E00010B2C5A252F8200023F4E06262606268D6
:10C2F0001043606060686FF4007240F4006060603A
:10C30000204640F80C2D6FF4807202606FF04002FE
:10C3100002606FF0200202606FF48052E2676FF4F7
:10C320000062E267D4F8B42022F48072C4F8B4202A
:10C33000226822F480722260226822F08002226049
:10C34000226822F040022260226822F0200222604D
:10C35000226822F010022260626822F040026260CD
:10C36000A26822F00102A260A26822F48062A260A8
:10C37000626F22F010026267626F22F02002626731
:10C38000026822F400720260026822F48072026085
:10C39000026822F040020260026822F0200202607D
:10C3A000E26F22F48052E267E26F22F40062E267F9
:10C3B000226842F008022260226842F004022260F1
:10C3C00005F07EFE206840F40050206001B0F0BD12
:10C3D00043F6240CC4F2020CDCF80C0041F20043DA
:10C3E00040F00200CCF80C00DCF80C00C4F20203B0
:10C3F00040F02000CCF80C00DCF82000012440F4D0
:10C400008010CCF820001868DF6864F30D3064F306
:10C410000D371860DF605868062520F0400058602E
:10C4200098684FF0020E64F30D30986040209861D8
:10C4300040F20440C4F20200C769066A65F30307CC
:10C44000C76106621F6A5E6A052565F307161F62EB
:10C450005E621F6A5E6A1F6265F3030600255E6204
:10C46000C4F20205D5F8006487686EF3010664F330
:10C470000107C5F8006487600568032A25F00105F7
:10C480000560456864F3010545601868DD686EF372
:10C49000934064F393451860DD60586820F40070A1
:10C4A0005860986864F3934098601868DD686EF38C
:10C4B000114064F311451860DD60586820F4807005
:10C4C0005860986864F311409860DCF8000042F20C
:10C4D000004340F48010CCF80000DCF80000C0F20B
:10C4E000F40320F48010CCF800009ABF3EA050F86E
:10C4F000222000225CF81C0CC0F38100022806D028
:10C50000012821D147F64003C0F27D131CE05CF8FE
:10C51000200C5CF8207C5CF8206C5CF8205C00F05F
:10C520003F006D0247F64005C0F27D1558BF1D461D
:10C53000B5FBF0F0C7F38817C6F30146022303EBFF
:10C5400046037843B0FBF3F35CF81C0C5CF81C6CFE
:10C5500043F6D3275CF81C6CC0F30310C0F6020747
:10C56000385CC6F3423743F60436C0F60206F75D80
:10C5700023FA00F0F840B0FBF1F0802801D9382010
:10C5800018E0402801D9302014E0202801D92820C3
:10C5900010E0102801D920200CE0082801D918202B
:10C5A00008E0042801D9102004E00021022888BFF7
:10C5B0000121C80045F20001C4F201010B6803F437
:10C5C00041531A43104340F441700860C86920F495
:10C5D0000060C861486820F004004860086840F0C6
:10C5E0004000086001B0F0BD000000000200000043
:10C5F0000100000003000000000100000005000031
:10C6000000030000000700002DE9F04F8BB0002868
:10C6100047D00546007D0A2849D145F62811C2F2C7
:10C6200002010868A84214D0A8B1C2680146AA4213
:10C630000ED082B1D0681146A84209D058B1C26864
:10C640000146AA4204D032B1D0681146A842EBD1CB
:10C650000C31E868086000242846EC6001F008FD11
:10C66000287D01280AD00A2808D0688BC10705D088
:10C6700040F002006883284601F02AFA4BF6881041
:10C68000C2F2010001892C75013901814BF6E810D5
:10C69000C2F201000168EC82296005600BB0BDE8C0
:10C6A000F08FA6A00BB0BDE8F04FE3F72BBF0B4611
:10C6B00029690791696A0691A96D0591D5F89C10C1
:10C6C0000991E98AD8B3049145F60811C2F2020132
:10C6D0000868A84214D0A8B1C2680146AA420ED088
:10C6E00082B1D0681146A84209D058B1C26801464B
:10C6F000AA4204D032B1D0681146A842EBD10C3125
:10C70000E8680860002428460893EC6001F0B0FC5B
:10C71000287D01280AD00A2808D0688BC10705D0D7
:10C7200040F002006883284601F0D2F945F60C106B
:10C73000C2F2020001212C75EC82017027E011B3D6
:10C7400045F61011C2F202010868A84214D0A8B13F
:10C75000C2680146AA420ED082B1D0681146A842F2
:10C7600009D058B1C2680146AA4204D032B1D0689B
:10C770001146A842EBD10C31E86808600021002086
:10C780000890E96001E00020089000200490D5F8AE
:10C7900080404BF6F0164BF638184BF6D4194BF692
:10C7A000481A4BF6D81B002CC2F20106C2F201084F
:10C7B000C2F20109C2F2010AC2F2010B0A9545D187
:10C7C0000A98C56F002D40F082800A9C608B81051D
:10C7D00008D5D4F8881029B14A7F20F40070013AB6
:10C7E0004A776083089858B1201D278B00900498E1
:10C7F00023460190DDE905122046029702F0FAFC7B
:10C800004BF68810C2F2010001894BF6E81201399B
:10C81000C2F20102018109981368002823601460A4
:10C8200000F08980024607986FF00C010BB0BDE85C
:10C83000F04F10474BF6A812C2F20102108931687E
:10C840000138002C108129603560B9D02546D4E923
:10C85000004701E001698847002FEBD0B97B01391F
:10C860000A06B973E6D1797B38463F688907F1D467
:10C87000017B11F00F010ED001290FD00229EBD15D
:10C88000BAF80810DBF800200139AAF80810026095
:10C89000CBF80000E0E7FBF73FFDDDE7B8F8081054
:10C8A000D9F800200139A8F808100260C9F8000082
:10C8B000D2E700BF4BF6A812C2F20102108931681C
:10C8C0000138002D1081216034603FF47EAF2C468A
:10C8D000D5E9005702E000BF01698847002FE9D081
:10C8E000B97B01390A06B973E4D1797B38463F68D0
:10C8F0008907F1D4017B11F00F010ED001290FD06F
:10C900000229EBD1BAF80810DBF800200139AAF8A7
:10C9100008100260CBF80000E0E7FBF7FDFCDDE764
:10C92000B8F80810D9F800200139A8F808100260FA
:10C93000C9F80000D2E70BB0BDE8F08F7463705FF8
:10C940006162616E646F6E3A20696E76616C6964D3
:10C95000207063620000000080B508460121FFF7E7
:10C9600053FE6FF00C0080BD2DE9F0474BF6E81642
:10C97000C2F20106356845F620180446C2F20208E4
:10C9800075B14BF68810C2F2010029680289316046
:10C99000511C42898BB29342018188BF418169E178
:10C9A0004BF6881A45F60819C2F2010AC2F20209CA
:10C9B000BAF80410D9F8000001310028AAF80410D0
:10C9C00051D145F62810C2F20200036883B3D8F8AB
:10C9D00000100022002000BF1F6ADD68CF1B9742B5
:10C9E00028BF184605B3974288BF3A462F6AEB68BE
:10C9F000CF1B974228BF2846B3B1974288BF3A461B
:10CA00001F6ADD68CF1B974228BF184665B1974261
:10CA100088BF3A462F6AEB68CF1B974228BF28464B
:10CA200088BF3A46002BD7D110B10121FFF7ECFDAA
:10CA3000356815B32868BAF808103060481CBAF891
:10CA40000A1082B28A42AAF8080088BFAAF80A002F
:10CA50004EF22060C2F20000D0F8DC00818807E1CD
:10CA6000002D2846ADD0418BC5680A07F8D521F0C6
:10CA70000801418300F0ECFAF2E7BAF80400D9F8B3
:10CA800000300130002BAAF8040052D0D8F8001072
:10CA90000022002002E000BFDB6873B31F7D092F76
:10CAA00006D11F6ACF1B974228BF184688BF3A4657
:10CAB000DB6813B31F7D092F06D11F6ACF1B974276
:10CAC00028BF184688BF3A46DB68B3B11F7D092FDF
:10CAD00006D11F6ACF1B974228BF184688BF3A4627
:10CAE000DB6853B11F7D092FD6D11F6ACF1B974238
:10CAF00028BF184688BF3A46CEE700B30021FFF7AB
:10CB000083FD3568DDB12868BAF808103060481C2C
:10CB1000BAF80A1082B28A42AAF8080088BFAAF8B6
:10CB20000A004EF22060C2F20000D0F8DC008188DA
:10CB30009CE0BAF804000130AAF804005BE0BAF8FF
:10CB40000400D9F800300130002BAAF8040052D0BC
:10CB5000D8F800100022002002E000BFDB6873B3A9
:10CB60001F7D082F06D11F6ACF1B974228BF18468A
:10CB700088BF3A46DB6813B31F7D082F06D11F6AB2
:10CB8000CF1B974228BF184688BF3A46DB68B3B12F
:10CB90001F7D082F06D11F6ACF1B974228BF18465A
:10CBA00088BF3A46DB6853B11F7D082FD6D11F6A74
:10CBB000CF1B974228BF184688BF3A46CEE7D0B170
:10CBC0000021FFF721FD3568ADB12868BAF80810DB
:10CBD0003060481CBAF80A1082B28A42AAF80800EB
:10CBE00088BFAAF80A004EF22060C2F20000D0F816
:10CBF000DC00818838E0BAF804007F2C00F10101E4
:10CC0000204628BF7F20AAF80410F0B1D9F8001000
:10CC1000D9B1D8F80020461E0025002007E000BF4B
:10CC2000086A171A08463D461E46C96849B14B7D39
:10CC3000F7B2BB42F4D3F8D10F6AD71BAF42F1D29F
:10CC4000F3E710B10121FFF7DFFC0220FBF7B4FC92
:10CC5000002845D005464EF22060C2F20000D0F810
:10CC6000DC0081880139818001398180013981802E
:10CC7000013981802846B421E4F7CFFEFF21E97213
:10CC80004FF00611C5F842104FF6FF71D8F800209A
:10CC9000C0F2182141F2D06069632A6245F625117D
:10CCA00001222867C5E90A00C2F20201C5E9132082
:10CCB0004EF64D700978C0F60100C5F890004DF6AB
:10CCC0000050A977C0F26D0042F2F84105F1A003CF
:10CCD000C0F20101092207C328466C75BDE8F08740
:10CCE0000020BDE8F0870000B0B584B00446007DA8
:10CCF000072800F29C81DFE810F01A00E00098009D
:10CD00009A0108009A019A010800D4F884100029B9
:10CD10003ED1A16A41F2D062914239D1022800F09D
:10CD20008480012800F0C980002840F08081E08ADA
:10CD3000F8B145F61011C2F202010868A04214D001
:10CD4000A8B1C2680146A2420ED082B1D068114695
:10CD5000A04209D058B1C2680146A24204D032B103
:10CD6000D0681146A042EBD10C31E0680860002089
:10CD7000E0604BF68810C2F201004BF6E812018920
:10CD8000C2F20102136801390181236014605CE181
:10CD9000E08A626AA16D258B231DCDE90030204613
:10CDA0002346029502F026FA204601F061F945F685
:10CDB0000811C2F202010868A04214D0A8B1C268EA
:10CDC0000146A2420ED082B1D0681146A04209D0DD
:10CDD00058B1C2680146A24204D032B1D0681146AF
:10CDE000A042EBD10C31E06808600020E06045F61D
:10CDF0001410C2F20200006845F60C11C2F20201E2
:10CE0000A0424FF00100087000F017814BF6881027
:10CE1000C2F201004BF6E8120189C2F20102136866
:10CE200001390181236014600FE145F60811C2F257
:10CE300002010868A04214D0A8B1C2680146A2420B
:10CE40000ED082B1D0681146A04209D058B1C26854
:10CE50000146A24204D032B1D0681146A042EBD1C3
:10CE60000C31E068086000252046E56001F000F91B
:10CE7000207D01280AD00A2808D0608BC10705D080
:10CE800040F002006083204600F022FE4BF688123C
:10CE9000C2F2010245F60C101389C2F20200012110
:10CEA0000170581E10814BF6E810C2F201000168B3
:10CEB0002575E58221600460C7E045F61010C2F2D6
:10CEC0000200016809B30020D1F88820A24208BFFF
:10CED000C1F88800C968C1B1D1F88820A24208BF52
:10CEE000C1F88800C96881B1D1F88820A24208BF82
:10CEF000C1F88800C96841B1D1F88820A24208BFB2
:10CF0000C1F88800C9680029DED145F60810C2F2D0
:10CF10000200016809B30020D1F88820A24208BFAE
:10CF2000C1F88800C968C1B1D1F88820A24208BF01
:10CF3000C1F88800C96881B1D1F88820A24208BF31
:10CF4000C1F88800C96841B1D1F88820A24208BF61
:10CF5000C1F88800C9680029DED145F62810C2F260
:10CF60000200016809B30020D1F88820A24208BF5E
:10CF7000C1F88800C968C1B1D1F88820A24208BFB1
:10CF8000C1F88800C96881B1D1F88820A24208BFE1
:10CF9000C1F88800C96841B1D1F88820A24208BF11
:10CFA000C1F88800C9680029DED145F61C11C2F21B
:10CFB00002010868A04214D0A8B1C2680146A2428A
:10CFC0000ED082B1D0681146A04209D058B1C268D3
:10CFD0000146A24204D032B1D0681146A042EBD142
:10CFE0000C31E068086000252046E56001F040F85B
:10CFF000207D01280AD00A2808D0608BC10705D0FF
:10D0000040F002006083204600F062FD4BF698106D
:10D01000C2F2010001892575013901814BF6EC103E
:10D02000C2F201000168E582216004600DE0204643
:10D0300004B0BDE8B04000F00BB843F6EC20C2F2FB
:10D040000200017841F010010170002004B0B0BD71
:10D0500010B50446007D072816D004281AD00328EE
:10D060001CBF002010BD204602F0ECFBB0B9608B65
:10D0700081051CD5D4F88810C9B14A7F20F400700E
:10D08000013A4A77608312E0204602F0DBFB28B9C0
:10D0900009200DE0204602F0D5FB40B1411C18BF2D
:10D0A00010BD608B40F008006083002010BD05209B
:10D0B0002075204600F00CFD002010BD2DE9F04148
:10D0C0004BF6F016C2F20106D6F800C00C46BCF1D1
:10D0D000000F43D04BF6A811C2F20101DCF800505A
:10D0E0000F8935607E1C4D89DDF818E0B7B2AF427C
:10D0F0000E8188BF4E8104250EF0010105EA5E0510
:10D10000268905EB8101751AACF808504FF6EB75CE
:10D110000027AE428CF80CE0CCF80070CCF804404C
:10D12000ACF80A700BD894F90C70B7F1FF3F06DC2D
:10D13000676804F11005A7F1140EAE4553D24EF204
:10D140002060C2F20000B0F8C0100131A0F8C01099
:10D15000604602F0D1F90020BDE8F0814BF6A8103E
:10D16000C2F20100818801F101018180C4B34BF654
:10D1700038184BF6D4164BF648174BF6D815C2F2B2
:10D180000108C2F20106C2F20107C2F2010502E083
:10D190000169884724B3A17B01390A06A1731FD115
:10D1A000617B204624688907F2D4017B11F00F01CE
:10D1B0000AD001290BD00229ECD139892A6801391A
:10D1C000398102602860E5E7FBF7A6F8E2E7B8F8E6
:10D1D000081032680139A8F8081002603060D9E7F9
:10D1E0000020BDE8F08106F114056689C4F804E06A
:10D1F000143666812581C48A008B26BA00BA000CD9
:10D2000027F8120C18BA47F8100C052000EB910013
:10D2100042EA003040BA27F8080C0020360C27F804
:10D22000020C6046CCF810E027F8146CBDE8F081E1
:10D230002DE9F04F87B04EF22066C2F20006B6F834
:10D24000AE100446481CA6F8AE006089616845F639
:10D250002C15C2F202051328296005D8B6F8B600CD
:10D260000130A6F8B60061E04EF2EC5BC2F2000BB2
:10D27000DBF81420531C022B53D3DBF8003093F857
:10D280003970BF070BD55F68974208D09B6857403D
:10D290003B4204D1DF4322EA0303BB4241D002F008
:10D2A000F002E02A3DD089893C2202EA910114294A
:10D2B000D4D322899142D1D845F6381845F634198D
:10D2C00045F6301AA1F11402C2F20208C2F20209B4
:10D2D00000238842C2F2020AA8F80020C9F80030F0
:10D2E00065D220461421FEF7FFF96189B8F80000E5
:10D2F000AAF80010A0EB010A20461FFA8AF8FEF7F0
:10D30000F3F9206841898845A8D84168C9F8001018
:10D310004146FEF7E9F92089A0EB0A08A4F8088045
:10D320004CE0B6F8BC000130A6F8BC00B6F8B2007C
:10D330004BF638180130A6F8B2004BF6D4164BF66F
:10D3400048174BF6D815C2F20108C2F20106C2F224
:10D350000107C2F2010504E001698847002C00F0D2
:10D36000D581A17B01390A06A17340F0CF81617B91
:10D37000204624688907EFD4017B11F00F010AD001
:10D3800001290BD00229E9D139892A68013939816B
:10D3900002602860E2E7FAF7BFFFDFE7B8F808109D
:10D3A00032680139A8F8081002603060D6E72046DC
:10D3B000AAF80020FEF798F9B4F808802A684EF21F
:10D3C00035501188976809BA4FEA114C518897FA7D
:10D3D00087FE09BA0B0C5168D78991FA81F945F695
:10D3E0000411C2F20201C1F800904EF28C31C2F277
:10D3F0000001C1F800E039BA9789C2F2000097FA3B
:10D4000087FACAF30545090C057045F63E10D1812F
:10D4100079BAC2F20200A2F800C0A0F80080880722
:10D4200045465380C2F80490C2F808E00BD00120B2
:10D4300010FA88F5A8B2A84245F63E10C2F20200E2
:10D4400005807FF40BAF02A8059780E8204245F6DF
:10D450000810C2F202000768CFB3CAF30740019078
:10D46000DBF804A0DBE904E04FF000093D4606903C
:10D4700003E000BFD9F80C504DB34946A9462D7AB8
:10D480002DB19AF83C000130C0B28542F2D1B9F812
:10D4900018006045EED1B9F816009842EAD1D9F8E3
:10D4A00004007045E6D1D9F80000069DA842E1D1FC
:10D4B000002900F08680D9F80C00C86045F60810F5
:10D4C000C2F20200C9F80C70C0F800907EE045F688
:10D4D0002810C2F202000068DDF814A0E8B1DBF801
:10D4E0000420DBE9045E01E0C068B0B1017A29B133
:10D4F00092F83C700137FFB2B942F5D1018B61451A
:10D50000F2D1C18A9942EFD14168A942ECD10168B8
:10D510007145E9D102F09AFA4DE045F61C1EC2F2BF
:10D52000020EDEF80080B8F1000F24D0DBF8041002
:10D53000DBF814900020424601E0C268DAB10546EB
:10D540001046127A2AB191F83C700137FFB2BA4204
:10D55000F3D1C28A9A42F0D10268002A18BF4A4524
:10D56000EBD10DB3C168CEF80000E960C0F80C80C3
:10D5700000F04EF91FE05FEA4A501CD4B6F8BC0038
:10D58000B6F8B2100130A6F8BC00481CDDE9022153
:10D59000A6F8B200DBF8040011FA82F20499CDF883
:10D5A00000C001F01DFF06E0B6F8C2100131A6F878
:10D5B000C21000F02DF9204607B0BDE8F04FFDF78E
:10D5C0000FBFB6F8C2000130A6F8C2004EF2D45028
:10D5D000C2F20000A0F800804EF2D850C2F2000063
:10D5E00043F6E8210260C2F20201002008600199BE
:10D5F00045F63E174EF2D05543F6EC2843F6E42BA1
:10D60000C2F20207C2F20005C2F20208C2F2020B25
:10D6100009072C6088F80000CBF8000003D5607B78
:10D6200040F001006073D9F8840045F6141AC2F284
:10D63000020AA8B1484601F035F90D3004D0D9F8F6
:10D64000840068B1388858B1D9F82C0010B9484620
:10D6500001F0A8FFB6F8B2000130A6F8B20048E029
:10D660004846CAF8009000F043FE0D3041D098F8CB
:10D67000000000071AD4DBF80060B6B34FF6FF7461
:10D6800008E0D9F81000BAB2494698470D30A6EB29
:10D6900007062ED036B3D9F88C30A6424FF6FF7766
:10D6A00038BF3746002BECD10020EFE7D9F89C209B
:10D6B00022B1D9F810006FF00D019047484600F0F4
:10D6C000DFFD4BF68810C2F201004BF6E81201892B
:10D6D000C2F20102136801390181C9F80030C2F8B1
:10D6E000009006E00020CBF80000484600F068F803
:10D6F00078B1286843F6E8210024C2F20201CAF892
:10D7000000400C6010B1FDF76BFE2C6007B0BDE867
:10D71000F08F43F6E820C2F2020002681AB3B9F8AB
:10D720001A00C00608D4D9F890706FB1D9F810006B
:10D7300049460023B8470BE01046FDF751FE484626
:10D740000121FEF761FFD4E74946002301F0FEFB0B
:10D7500048B1C0B2F328CCD043F6E820C2F20200B0
:10D760000068C9F8840098F80000800606D5D9F84A
:10D77000840078B1417B41F0200141730020CAF858
:10D780000000484600F01CF80028B2D1484600F0DE
:10D790009FF9AEE7D9F8280041F2D06188421CBF5A
:10D7A0000130C9F82800D9F89070002FE6D0D9F8D8
:10D7B0001000494600220023B8470D3099D0DDE71C
:10D7C00010B543F6EC21C2F202010978C9065CBF2C
:10D7D000002010BD0446408BC00606D4D4F89C201F
:10D7E0001AB120696FF00E019047204600F048FD05
:10D7F0004BF68810C2F2010001894BF6E812C2F222
:10D80000010201391368018101202360146010BDF9
:10D81000F0B581B04EF23551C2F2000109784A07E5
:10D8200000F140810546C80600F1B280880740F14A
:10D830003981287F697F814280F03481687DFFF7DC
:10D8400093F8002800F01B810446687F618B01304B
:10D85000687741F4007060834EF2EC50C2F2000031
:10D86000D0E9040145F62012C4E9001045F62C1059
:10D87000C2F202000668E88A318840F60413218368
:10D8800045F60411C2F202010968C2F20202C2F2B4
:10D890000003E082032012681F682075481C606244
:10D8A0002063B8180139C4E9160129691860A06419
:10D8B00020666066687A216145F6081100F00C0068
:10D8C000C2F202016072287A0A68C4F88850207295
:10D8D000E2600C6002F03CF845F60C10C2F2020067
:10D8E00001210170204600F0F3FA4BF63421F08953
:10D8F000C2F201010968C4E91A00E08E62684EF2C2
:10D900002065C2F20005F1B94BF63021C2F20101E7
:10D91000096871B14EF28853C2F2000393F839706E
:10D9200007F00507052F04D15B6813B1D2B27F2A37
:10D930001BD1B5F856100131A5F856101EE000BFF6
:10D9400009680029E0D091F8393003F00507052F68
:10D95000F6D14F68002FF3D08E6857403E4204D076
:10D960009B07EDD4CB689A42EAD1098E31B12822C7
:10D97000D1FA52F189B2884228BF0846217DE0865B
:10D98000032926D1608BC00523D40126042722E079
:10D9900045F62C1745F6041245F63E13C2F202076F
:10D9A0004EF2EC504EF28C31C2F20202C2F202038D
:10D9B0003F68C2F20000C2F2000112681E8840688F
:10D9C00009687B883F883244009701F009FD01B067
:10D9D000F0BD0926082707F1390000F07C00B842A5
:10D9E0003DD31030FAF71AFDC8B30146493020F094
:10D9F00003000022C1E900208020C0F20100C860BD
:10DA0000636E204612220F814F810096FFF756FB6E
:10DA100028B3214651F87C2F62B1136811464BB1EF
:10DA20001A68194632B1136811461BB11A681946B3
:10DA3000002AF2D10860626E406800210132A4F829
:10DA400076106266C0B30021006868B3006870B3E6
:10DA5000006878B3006804310028F5D12CE0608BB1
:10DA6000002140F080006083B5F8B800421C2046D9
:10DA7000A5F8B82001B0BDE8F040FEF7C5BD4EF2F4
:10DA80002060C2F20000B0F8B810AB690131A0F814
:10DA9000B8103BB1286900214FF0FF3201B0BDE85A
:10DAA000F040184701B0F0BD41F0010104E041F041
:10DAB000020101E041F00301B4F874000144204682
:10DAC000A4F8741001B0BDE8F04000F001B8000007
:10DAD0002DE9F04F87B045F61411C2F20201096832
:10DAE00081423DD00446C06CA16ED4F87C80814256
:10DAF000834638BF8B46B8F1000F00F08380227A4E
:10DB000004F1040C72B34BF63425C2F201052D6802
:10DB1000002D00F0A98095F83C300133DBB2934230
:10DB200052D02D68002D00F0A18095F83C300133D3
:10DB3000DBB2934248D02D68002D00F0BC8195F8EF
:10DB40003C300133DBB293423ED02D68002D00F013
:10DB5000B48195F83C300133DBB29342D7D133E046
:10DB60000020B0E14BF63422C2F201021568DCF865
:10DB7000002000E02D6895B195F8393003F00507D5
:10DB8000052FF7D16F68002FF4D0AE6857403E42A2
:10DB90001AD09B07EED4EB689A42EBD114E04BF617
:10DBA0003023C2F201031D68DDB34EF28853C2F286
:10DBB000000393F8397007F00507052F31D15B6832
:10DBC0007BB3D2B27F2A2CD022680AB96A6822605D
:10DBD000D8F81020A36C5268B8F8087012BAD21A9C
:10DBE0003A445A4528D981420CD8D4F8800048B923
:10DBF00094F8AD0030B94FF48070A4F8AC00002068
:10DC000084F8AE00608B800705D4608B20F0800024
:10DC10006083002057E1204607B0BDE8F04F01F0D7
:10DC2000C1BC4EF22060C2F20000B0F856100131C3
:10DC3000A0F85610FC2046E1A14659F8800F0026B6
:10DC4000CDF818C089F82D6090B100BF01688246F8
:10DC5000D9B108688A46C0B101688246A9B108688E
:10DC60008A460028F2D110E0FC202CE1FC202AE1B9
:10DC70004FF0000A09E000BF404601F03DFCD4F837
:10DC80007C80B8F1000F00F01281D8F81010A36C5E
:10DC90004868B8F8082000BAC01A10445845B4D8EB
:10DCA000D9F80000C0B1608B10F0440F14D1D8F83F
:10DCB00000308BB9E38E9A420ED2226F4FF6FF737B
:10DCC0009A4228BF1A463AB1B4F874201F2A03D8E2
:10DCD00010F0A0003FF499AF227D022A03D088897A
:10DCE00040F480508881D8F80400837B012B72D1E6
:10DCF000636AE66A1ABA98F80C708A60324617F0BE
:10DD0000080C04BF94F8B12026FA02F24FF6FF7E09
:10DD1000724528BF724612BA120CCA81F218FB076C
:10DD2000226303D101F11402002614E02A8E4AB1C5
:10DD30002823D2FA53F292B240F2B4539A4228BF47
:10DD40001A4601E040F2B45202F1017212BA002602
:10DD50004A6101F11802BCF1000F1EBF40F201330D
:10DD6000C0F203431360B4F93420B2F1FF3FD8BFCF
:10DD7000A686A26B42B945F62012C2F202021268D0
:10DD80004B68A2631ABAE263426843898A1A9B1AF3
:10DD9000078943814EF22063BA1AC2F2000302815E
:10DDA000B3F8AC2041600E82511CA3F8AC1021687E
:10DDB000A27A00292146E37A08BF291D0092062293
:10DDC0000DF1040C8CE86400069A0496ECF7CAFC8A
:10DDD000002874D1227DD8F80000022AA8F80A6031
:10DDE000E06703D0608B20F003006083D8F8100058
:10DDF000A76D41688289B8F8080009BA0B1812F4B7
:10DE0000407218BF0133FF1AB7F1FF3FD8BFA365B7
:10DE1000002A18BF4FF0FF3290423FF42DAFD9F8DF
:10DE20000000C8F8006058B1DAF81020526812BA41
:10DE30008A1AB2F1FF3F07DDCAF80080C2461EE72A
:10DE4000C9F80080C2461AE74A4603695B681BBAF4
:10DE50005B1AB3F1FF3F1FDC026802B313695B6812
:10DE60001BBA5B1AB3F1FF3F1BDC106890B103696A
:10DE70005B681BBA5B1AB3F1FF3F0DDC026872B13D
:10DE800013695B681BBA5B1AB3F1FF3F09DC1068CA
:10DE90000028DAD1002100E00146104602E000210E
:10DEA00000E01146C8F80010C0F80080E7E6002046
:10DEB000A4F87600A9E6FC2005E0FC2003E0618BD5
:10DEC00041F08001618340B207B0BDE8F08F0000EF
:10DED0002DE9F04F45F63811C2F20201B1F800C049
:10DEE000BCF1000F00F0C28045F63411C2F202010D
:10DEF0000A6845F63011C2F202010B8845F62C1172
:10DF00004EF23557C2F20201C2F2000709683F78AB
:10DF10004FF64C2A01F1140907F0020E00264FF0CB
:10DF2000020BCFF6FF7A13E0B9B219FA87F49942DF
:10DF30002146A7EB030528BF52FA85F1002A08BF46
:10DF400021460C78022C38BFBDE8F08F371988E0E5
:10DF5000B4B219FA86F59C422C46A6EB030728BFFB
:10DF600052FA87F4002A08BF2C462478771C032C29
:10DF7000DAD8DFE804F07B76022FBCB219FA87F515
:10DF80009C422C46A7EB030728BF52FA87F4002ACD
:10DF900008BF2C462478042C68D1B41C1BFA84F5E5
:10DFA000654563D8A4B2002A06F103054AD0E71AF2
:10DFB00052FA87F838BF09EB040898F80040371D7B
:10DFC000AEB224029E4226BFED1A52FA85F519FA26
:10DFD00085F53DE0BCB219FA87F59C422C46A7EBCB
:10DFE000030728BF52FA87F4002A08BF2C4624787A
:10DFF000032C3BD1B41CA5B2654537D219FA84F77E
:10E00000E11A9D423C4628BF52FA81F4002A08BF1B
:10E010003C46BEF1000F06F1030722D0458BE9050F
:10E020001FD421780E2928BF0E2180F8B0100421BA
:10E0300080F8B11045F48071418341F2D061C0E9AC
:10E040000A110EE019F80440371D240219FA85F56B
:10E050002D782C43A4F2B555554538BF40F2B45441
:10E06000C486B9B261453E46FFF472AFBDE8F08F99
:10E070002DE9F04F81B00546007D0A2809D801211D
:10E0800001FA00F040F20341084202D001B0BDE8BD
:10E09000F08F688B810508D5D5F8881029B14A7FA3
:10E0A00020F40070013A4A776883D5F884404BF633
:10E0B00048164BF6D819C2F20106C2F20109A4B300
:10E0C0004BF6D417C2F2010703E000BF016988478D
:10E0D00044B3A17B01390A06A17323D1617B204699
:10E0E00024688907F2D4017B11F00F010CD00129BB
:10E0F0000DD00229ECD13189D9F8002001393181C4
:10E100000260C9F80000E3E7FAF706F9E0E74BF62A
:10E110003813C2F2010319893A6801391981026082
:10E120003860D5E70020C5F88400D5F87C804BF630
:10E13000A81A4BF6F01B4FF6FF70B8F1000FC2F2B1
:10E14000010AC2F2010B0095A88644D04BF6D41503
:10E15000C2F201050DE000BFBAF80800DBF80010BC
:10E160000138B8F1000FAAF808003960CBF8007048
:10E1700031D04746D8E9008402E000BF01698847F2
:10E18000002CE9D0A17B01390A06A173E4D1617B9F
:10E19000204624688907F1D4017B11F00F010CD0CF
:10E1A00001290DD00229EBD13189D9F8002001399C
:10E1B00031810260C9F80000E2E7FAF7ADF8DFE765
:10E1C0004BF63813C2F2010319892A680139198103
:10E1D00002602860D4E70098D0F88080B8F1000F82
:10E1E00043D04BF6D414C2F201040CE0BAF8080094
:10E1F000DBF800100138B8F1000FAAF80800396008
:10E20000CBF8007031D04746D8E9008502E000BF66
:10E2100001698847002DE9D0A97B01390A06A97355
:10E22000E4D1697B28462D688907F1D4017B11F080
:10E230000F010CD001290DD00229EBD13189D9F879
:10E240000020013931810260C9F80000E2E7FAF7E5
:10E2500063F8DFE74BF63813C2F20103198922682D
:10E260000139198102602060D4E7DDF800800020C8
:10E27000C8E91F00A8F8760001B0BDE8F08F0000E3
:10E28000B0B545F60812C2F2020211680446814296
:10E2900015D0B1B1CA680846A2420ED08AB1D16881
:10E2A0001046A14209D061B1CA680846A24204D012
:10E2B0003AB1D1681046A142EBD100F10C02E068FE
:10E2C000106000252046E560FFF7D2FE207D012882
:10E2D0000AD00A2808D0608BC10705D040F00200A0
:10E2E00060832046FFF7F4FB2575E582B0BD000092
:10E2F0002DE9F04184B04EF23557C2F200073E7866
:10E300000446710734D416F0020804D0207D00F0D2
:10E31000FE0002284FD1608BC00605D445F62010C0
:10E32000C2F202000068206200252046A4F8AE5028
:10E33000FFF7CEFD207DB10704D500F0FE010229D4
:10E3400040F0A2820238072849D8DFE800F04AB43A
:10E3500004BCCE04DAE2204600F0E0FA43F6EC20FA
:10E36000C2F202000078800600F1DB8000258BE21B
:10E37000207D022809D14EF28C30C2F200000068E4
:10E38000A16D884209D000257EE245F60410C2F254
:10E3900002000068616A884213D143F6EC20C2F2A1
:10E3A00002000178628B41F00801017022F0010047
:10E3B0006083F22568E2608B002540F002006083F4
:10E3C00062E2421A09D4A26A081A80185EBF608B02
:10E3D00040F002006083002556E2002554E200254B
:10E3E00052E206F01200122840F0A3804EF28C3068
:10E3F000C2F20000A16C00680131884240F09980AF
:10E4000045F60411C2F2020145F62C120968C2F267
:10E4100002021268A064481ED289E06560684B1C45
:10E420000421E58E63622363C4E91A222175ECF7A7
:10E43000F5FB40B1008E30B12821D0FA51F080B206
:10E44000854228BF0546264656F8800F40F68E01C5
:10E4500041F21C1226F84A5C8D4288BF6A00B2EB7A
:10E46000850F88BFAA0036F80C1CA1F1010126F81F
:10E470000C1C314646F8342C10B9214651F87C0F5B
:10E4800002680A6001F038F8306800281ABF0020DE
:10E4900084F846004FF6FF70D4F89430A086002B25
:10E4A00000F0358120692146002298470D3040F068
:10E4B0002E81F325E8E1B8F1000F3ED1F00600F11E
:10E4C000E4800025E0E1204600F028FA43F6EC2045
:10E4D000C2F2020000783978800601F010003AD4C8
:10E4E000002840F001810025CEE1204600F016FA18
:10E4F00043F6EC20C2F202000078800640D40025EA
:10E50000C2E1204600F00AFA3878C00670D400252F
:10E51000BAE1204600F002FA3878C00677D4002528
:10E52000B2E1608B002540F0020060830720207577
:10E53000AAE1F00679D40025A6E145F60410C2F25E
:10E540000200616A00680139884204BF204600F079
:10E5500095FD002598E158B14EF28C30C2F20000D2
:10E560000068A16D884203D1E06F002800F055815A
:10E57000608B002540F0020060830820207583E155
:10E58000608B40F0020060832046FFF771FD45F686
:10E590000811C2F202010868A04214D0A8B1C268F2
:10E5A0000146A2420ED082B1D0681146A04209D0E5
:10E5B00058B1C2680146A24204D032B1D0681146B7
:10E5C000A042EBD10C31E068086045F60C10C2F2B5
:10E5D00002000121017045F62811C2F202010A6809
:10E5E0000A202075E2600C6001F0B2F900254BE1D1
:10E5F0004EF28C30C2F200000068A16D884240F0FB
:10E600008280E06F002800F08A8000253CE14EF215
:10E610008C30C2F200000068A16D884275D1E06FB5
:10E62000002800F0B08000252EE14EF28C30C2F2BE
:10E630000000016845F6041045F63E12C2F20200E1
:10E64000C2F2020245F62C130068C2F202031288DD
:10E650001B6802444EF2EC505F88C2F200001E8834
:10E6600000F11003CDE9003700F1140320460296B3
:10E6700000F0C0FD94F846000025052800F2048152
:10E680002046A58600F05AFDFEE04EF28C30C2F224
:10E690000000A26C0168D04340185CBFA06DB0EBD5
:10E6A00001007AD545F6041045F63E12C2F202008A
:10E6B000C2F2020245F62C130068C2F2020312886D
:10E6C0001B6802444EF2EC505F88C2F200001E88C4
:10E6D00000F11003CDE9003700F114032046029643
:10E6E00000F088FD0025CFE04EF28C30C2F2000031
:10E6F0000068A16D884210D1E06F0025002804BF9A
:10E7000006202075C0E00025BEE00025BCE0608B3F
:10E71000002540F002006083B6E00025B4E020460A
:10E72000FFF7A6FC45F60811C2F202010868A042F4
:10E7300014D0A8B1C2680146A2420ED082B1D068FE
:10E740001146A04209D058B1C2680146A24204D085
:10E7500032B1D0681146A042EBD10C31E0680860BC
:10E7600045F60C10C2F202000121017045F6281195
:10E77000C2F202010A680A202075E2600C6001F012
:10E78000E7F8002580E043F6EC20C2F202000178B1
:10E79000002541F01001017076E0D4F888000421D2
:10E7A0002175A0B3618B8A0505D5427F21F40071E4
:10E7B000013A4277618383694BB320692146002285
:10E7C000984710F10D0163D008BB204600F0A6F871
:10E7D00043F6E420C2F20200016841F21C12002953
:10E7E0001CBF01390160E08E40F68E01884243F67D
:10E7F000EC21C2F2020188BF42000978B2EB800F1F
:10E8000088BF82008806E26444D400253CE02046AC
:10E810000121FDF7F9FEF32536E0608B40F00200A0
:10E8200060832046FFF724FC45F60811C2F202017E
:10E830000868A04214D0A8B1C2680146A2420ED016
:10E8400082B1D0681146A04209D058B1C2680146D1
:10E85000A24204D032B1D0681146A042EBD10C31B3
:10E86000E068086045F60C10C2F202000121017058
:10E8700045F62811C2F202010A680A202075E260FA
:10E880000C6001F065F8002568B204B0BDE8F081C5
:10E89000F325F9E7608B002540F002006083072034
:10E8A0002075F1E7F0B581B0D0F88450D0F89060D1
:10E8B0006F7B04460020C4F884002EB120692146F5
:10E8C0002A460023B04704E021462A46002300F0F0
:10E8D0003DFB06460D301ED0F0B218B9B80605D47F
:10E8E000002618E0FB26C4F8845014E0A06A41F228
:10E8F000D06188421CBF0130A062D4F890704FB143
:10E9000020692146002200230026B8470D3008BFA9
:10E91000F32600E0002670B201B0F0BD2DE9F0470B
:10E920004EF23551C2F20001097845F63E1845F61F
:10E9300004190446C806C2F20208C2F2020940F1F4
:10E94000EE80D4E91706D9F80070A36EC11B0AD473
:10E950004EF28C31C2F200010A68B84240F01081D8
:10E96000B01A40F10D8145F62C10C2F20200006889
:10E9700094F8B010C089E26E88404EF28C31824229
:10E98000A06638BFE066C2F2000109680A46C4E921
:10E990001771A76CBD1A00F18B80B8F80050002DDC
:10E9A00040F0918033440144994240F08C80B4F9A6
:10E9B0003410002900F18780974240F0848094F859
:10E9C0004710FF2905D04A1C032984F84720C0F0CE
:10E9D000E581E16CE28E891828BF4FF0FF31E164D8
:10E9E000D4F88020002A6ED0618B4B076BD453681B
:10E9F0009B7B012B67D1234653F87C6F17685F60C0
:10EA00007EB317697F683DBA37697F683FBA7F1B5D
:10EA1000B7F1FF3F00F389823368002B00F0878253
:10EA20001F697F683FBA7F1BB7F1FF3F00F3828207
:10EA30001F68B7B13E69766836BA761BB6F1FF3FFC
:10EA400000F37B823B68002B00F079821E697668B8
:10EA500036BA761BB6F1FF3F00F374821E68002EB3
:10EA6000D2D1002515601A601268002A04BF002266
:10EA7000A4F8762094F84620FF2A1CBF013284F8BF
:10EA80004620E36C0022A263834238BF1846E38E1F
:10EA900047085E00B7EB430F88BF460803EB43000F
:10EAA0003044C4E9130641F004006083A2860AE002
:10EAB000F84380185CBFA06DB0EB020040F1B98054
:10EAC000204600F06FFDA06B48B34EF28C32C2F2CC
:10EAD0000002E16B1268891AB1F1FF3F1FDC45F6B5
:10EAE0002011C2F202010968B4F940200027A7EB07
:10EAF000D206081A10FA86F0B4F9423011180AB298
:10EB0000A4F84010010448BF4042A0EB9300184411
:10EB1000A4F8420000EBD200A4F84400A763B8F8C0
:10EB20000020CAB1207D062816D8D9F80030606AC6
:10EB3000D94347185EBF6FEA000C0CEB020111EBE2
:10EB4000030132D5191AB1F1FF3F00F3B080608B99
:10EB500040F002006083F4E0D9F80000616A421AD4
:10EB600008D4A26AC04308441044B0F1FF3FC8BFB4
:10EB7000BDE8F087608B40F002006083BDE8F0875D
:10EB80009642184631467FF404AF45F62C10C2F287
:10EB90000200006894F8B010C08932468840834271
:10EBA00018463146FFF4DFAEF3E64EF2D051C2F222
:10EBB00000010A684EF2D451C2F200010E88C71A51
:10EBC0005589BBB2F61BAB420E8023D911890026B2
:10EBD000CF1B00BF1781568112685D1B5189ABB2F4
:10EBE0008B4217D91781568112686D1A5189ABB2C1
:10EBF0008B420FD91781568112686D1A5189ABB2B9
:10EC00008B4207D9178156811268691A55898BB2D0
:10EC1000AB42DFD8002B3FD051898B4234D944F628
:10EC20000030C0F60200E1F76DFC606A6FEA000C8C
:10EC300032E0608B410706D5216D20F00400E164CD
:10EC400000216083A167B4F94030B4F8426000212C
:10EC5000A4F8461006EBD301237DA4F84410042B3E
:10EC6000A264C0F0AF80D4E91313D21B994280F0A4
:10EC7000998000054FF00100E38E58BF02205843F1
:10EC8000824238BF104698E05768C91A1F4457603F
:10EC900017895181F91A11814EF2D851C2F200013F
:10ECA000096800EB0C070346C9F800004860A26A37
:10ECB000B91846D4834244D14EF2D857C2F2000765
:10ECC0003E684EF2D455C2F20005B1892B8811F48A
:10ECD000407F18BF0133A8F800309BB24EF2D05AE3
:10ECE0009A42C2F2000A1BD2C80544BF21F48071C7
:10ECF000B181880100B202EBE031DAF8000029802E
:10ED000089B2FCF7E9FB38682B88818911F4407FD0
:10ED100018BF0133A26AD9F80000A8F800309BB2EE
:10ED2000C718D31A0244206BE68E40F66835676236
:10ED3000AE4238BF35464619921BA36206D4E36241
:10ED40000AE02046BDE8F04700F02CBCC01BB0F143
:10ED5000FF3FD8BF0020E062DAF8000002893AB134
:10ED600043F6E822C2F2020210600020CAF8000056
:10ED7000C80507D543F6EC20C2F20200017841F045
:10ED800020010170608BC1070EBF40F0010040F010
:10ED9000020020F001006083BDE8F08702293FF403
:10EDA0001FAE90E6A06F801828BF4FF0FF3088425A
:10EDB000A06707D3421AE08EA267401828BF4FF021
:10EDC000FF30E064D4F880504EF28C3643F6E427EE
:10EDD000C2F20006C2F2020705BB0020E56FC4F8CC
:10EDE0008000002D4ED10021B0FA80F20023E167AF
:10EDF0005209002808BF4FF0FF33A386217779E03E
:10EE000042F00102B4F874309A1A3B68A4F87420F6
:10EE10001944396000F070FB002DDED02A692846C5
:10EE2000516833680DBA018992890D445B1B12F455
:10EE3000407F18BF013B002BD0D4D0E90053002203
:10EE4000002BDFD01B68002BDAD01B6833B11B68A6
:10EE50003BB11B680432002BF4D1D3E742F002022D
:10EE6000D0E742F00302CDE742F00102B4F874307B
:10EE70009A1A3B68A4F8742018443860084600F0D9
:10EE80003BFB2DB32A6929465068336805BA0889C7
:10EE9000928905445B1B12F4407F18BF013B002B95
:10EEA00017D4D1E900530022002BDFD01B68002BC0
:10EEB000DAD01B6833B11B683BB11B680432002BEE
:10EEC000F4D1D3E742F00202D0E742F00302CDE7EB
:10EED0000021D4F880000026B0FA80F20028E16713
:10EEE0004FEA52124FF0000308BF4FF0FF36A686DC
:10EEF000237719B900210123A4F87610266F3D6805
:10EF0000678B2E443D0526677FF5DDAD12B143B911
:10EF1000086900E000694068616D00BA401A3FF579
:10EF2000D2AD27F400606083CDE535469AE5002533
:10EF3000334697E51D46334694E53D4692E5002568
:10EF40003B468FE51D463B468CE500002DE9F04130
:10EF500059B3144682B32389D1E90927086BFF18F6
:10EF600041F2D06341F2D06638BF3B46B74288BF1A
:10EF700041F2D063CE8E40F668359F18AE4238BF5E
:10EF800035464619BE1BB6F1FF3F8B621ADD381AB3
:10EF900040F2B4529042CB621AD3488B40F0020048
:10EFA00048830846FEF794FD12E02DA0E1F7AAFA87
:10EFB000F02040B2BDE8F081002B44D0002040B2E8
:10EFC000BDE8F081801AB0F1FF3FD8BF0020C862D1
:10EFD0004BF638184BF6D4164BF648174BF6D815A7
:10EFE000C2F20108C2F20106C2F20107C2F2010533
:10EFF00004E000BF01698847002CDFD0A17B013904
:10F000000A06A173DAD1617B204624688907F1D40E
:10F01000017B11F00F010AD001290BD00229EBD19D
:10F0200039892A680139398102602860E4E7F9F7F3
:10F0300073F9E1E7B8F8081032680139A8F8081048
:10F0400002603060D8E7087D012803D0488B40F08B
:10F05000100048830846BDE8F041FDF745BE00BFFB
:10F060007463705F726563765F6E756C6C3A20696D
:10F070006E76616C696420706362000080B5D0F8C0
:10F0800080C0BCF1000F57D0DCF80410897B012947
:10F0900018BF80BD024652F87C1FDCF80030536078
:10F0A00069B3DCF810305B6893FA83FE0B695B6828
:10F0B0001BBAA3EB0E03B3F1FF3F22DC0A6812B3C5
:10F0C00013695B681BBAA3EB0E03B3F1FF3F1DDCB2
:10F0D0001168A1B10B695B681BBAA3EB0E03B3F116
:10F0E000FF3F0EDC0A6872B113695B681BBAA3EBC1
:10F0F0000E03B3F1FF3F09DC11680029D6D10023CC
:10F1000006E00B4604E000230A4601E013460A46E7
:10F11000CCF80030C2F800C0DCF80010002904BFB1
:10F120000021A0F8761090F84610FF291CBF01318D
:10F1300080F846100021816380BD000080B5D0F8C2
:10F1400080E0BEF1000F23D0714600BFD1E900235B
:10F150009B7BAAB1012B1BD1D2E900139B7BC1B1D0
:10F16000012B15D1D1E900239B7B4AB1012B18BF9C
:10F1700080BDD2E900139B7B59B1012BE6D007E09B
:10F180005A1EB2FA82F24FEA521CBCF1000F09D1AA
:10F1900080BD591EB1FA81F14FEA511C1146BCF1F4
:10F1A000000FF5D0C26F0A6012B94A89A0F8762024
:10F1B000438B0A6943F400634383536809891BBA8C
:10F1C00092894FF0000C0B44C0F87CE0C0F880C07E
:10F1D00012F4407F18BF013390F846104365FF29B1
:10F1E000C0F838C01CBF013180F84610BDE880402F
:10F1F000FEF76EBC2DE9F04385B081464820984665
:10F2000017460D46F9F70AF9002800F0E580DDE918
:10F210000C2E80210446DDF838C000F135034FF094
:10F220001410C0F2010123F00303C4E902019EFAA5
:10F230009EF119809CFA9CF1598041F250410026C0
:10F24000C0F26D11C4E90063C3E9031628BA99F846
:10F25000081058604BF634203FBAC2F201009F609C
:10F2600021B3006800287ED090F83C300133DBB237
:10F270008B4249D00068002875D090F83C300133AB
:10F28000DBB28B4240D0006800286CD090F83C3054
:10F290000133DBB28B4237D00068002863D090F88E
:10F2A0003C300133DBB28B42DBD12DE000681168CA
:10F2B00001E000BF006890B190F8393003F0050715
:10F2C000052FF7D14768002FF4D086684F403E42A3
:10F2D0001AD09B07EED4C3689942EBD114E04BF6E9
:10F2E0003020C2F20100006830B34EF28853C2F2FF
:10F2F000000393F8397007F00507052F1CD15B68F0
:10F30000D3B1C9B27F2917D04EF22067C2F20007ED
:10F31000B7F8AC6099F80A1099F80B300136A7F8E5
:10F32000AC60AAB1B8F1000F10D0D8F80070002F6F
:10F3300008BF00F104080BE04EF22060C2F20000AA
:10F34000B0F856100131A0F856100CE000F1040896
:10F3500000270626CDE90016CDE9020720464146E2
:10F360000497EBF7FFF94BF638184BF6D4164BF62B
:10F3700048174BF6D815C2F20108C2F20106C2F2D4
:10F380000107C2F2010502E00169884724B3A17BAD
:10F3900001390A06A1731FD1617B204624688907C1
:10F3A000F2D4017B11F00F010AD001290BD0022900
:10F3B000ECD139892A680139398102602860E5E792
:10F3C000F8F7AAFFE2E7B8F8081032680139A8F8A0
:10F3D000081002603060D9E705B0BDE8F083000096
:10F3E0002DE9F04186B0002800F0828005464820D3
:10F3F0001F4690460E46F9F711F8002878D00446CB
:10F40000802304F135014FF01412C0F2010321F002
:10F410000301C4E902237BBA32BA0B8041F25043A4
:10F420000C984FF0000CC0F26D134A604EF220624F
:10F43000C4E900C1C1E9033CC2F2000240BAB2F81B
:10F44000AC30488098FA88F08860581C4EF2EC5333
:10F45000C2F2000353F8141FA2F8AC0000291946A9
:10F460004FF0060008BF291DCDE900C01A1F204635
:10F47000FF23CDE9025CCDF810C0EBF773F94BF632
:10F4800038184BF6D4164BF648174BF6D815C2F27F
:10F490000108C2F20106C2F20107C2F2010502E050
:10F4A0000169884724B3A17B01390A06A1731FD1E2
:10F4B000617B204624688907F2D4017B11F00F019B
:10F4C0000AD001290BD00229ECD139892A680139E7
:10F4D000398102602860E5E7F8F71EFFE2E7B8F837
:10F4E000081032680139A8F8081002603060D9E7C6
:10F4F00006B0BDE8F0810000002808BF70472DE984
:10F50000F04381B046680446D6B34BF638184BF644
:10F51000D4194BF648174BF6D815C2F20108C2F2BF
:10F520000109C2F20107C2F2010502E00169884740
:10F5300036B3B17B01390A06B17321D1717B3046F4
:10F5400036688907F2D4017B11F00F010AD0012936
:10F550000BD00229ECD139892A680139398102603E
:10F560002860E5E7F8F7D8FEE2E7B8F80810D9F820
:10F5700000200139A8F808100260C9F80000D7E798
:10F580004BF6A810C2F201004BF6F0120189C2F24C
:10F5900001021368013901812360146001B0BDE8E4
:10F5A000F04370472DE9F04F85B00446D0F8248031
:10F5B000D0F82CB0876DB0F816A0B0F8189090F87D
:10F5C000B1604820F8F72AFF00285CD0054638BA19
:10F5D000802705F135014FF01413C0F2010721F027
:10F5E00003010022C5E902372BFA06F34FF6FF7735
:10F5F000C5E90021BB4238BF1F469AFA9AF30B8037
:10F6000099FA99F34B8098FA88F3C1E9010341F222
:10F6100050000A61888138BA626AE36A000CC881C6
:10F620009818217A20634BF6342004F10402C2F2C8
:10F63000010071B30068002800F0CB8090F83C30E6
:10F640000133DBB28B4253D00068002800F0C18048
:10F6500090F83C300133DBB28B4249D0006800287F
:10F6600000F0B78090F83C300133DBB28B423FD0E2
:10F670000068002800F0AD8090F83C300133DBB228
:10F680008B42D7D134E0608BFE2640F003006083CC
:10F69000D3E00068116800E0006890B190F839305C
:10F6A00003F00507052FF7D14768002FF4D08668CF
:10F6B0004F403E421CD09B07EED4C3689942EBD129
:10F6C00016E04BF63020C2F201000068002871D02D
:10F6D0004EF28853C2F2000393F8397007F0050721
:10F6E000052F67D15B68002B64D0C9B27F2961D038
:10F6F0004EF22061C2F20001B1F8AC70E37A01373A
:10F70000A1F8AC702168A77A002921464FF00006C5
:10F7100008BF011D4FF0060CCDE902062846CDE9D1
:10F72000007C0496EBF71EF84BF638184BF6D4190C
:10F730004BF6481A4BF6D8170646C2F20108C2F239
:10F740000109C2F2010AC2F2010702E00169884719
:10F7500045B3A97B01390A06A97323D1697B2846E1
:10F760002D688907F2D4017B11F00F010CD001291B
:10F770000DD00229ECD1BAF808103A680139AAF87C
:10F78000081002603860E3E7F8F7C6FDE0E7B8F874
:10F790000810D9F800200139A8F808100260C9F84B
:10F7A0000000D5E7002E44D1608B002620F0030036
:10F7B000608342E04EF22060C2F20000B0F85610C2
:10F7C0000131A0F8561004E02969284688473546DB
:10F7D00076B3A87B01380106A87329D1687B2E680F
:10F7E0008007F1D4287B10F00F000ED0012810D034
:10F7F0000228ECD14BF64810C2F2010001894BF609
:10F80000D8120139C2F201020DE02846F8F784FD52
:10F81000DDE74BF63810C2F2010001894BF6D41235
:10F820000139C2F20102136801812B601560CEE735
:10F83000FC26608B40F00300608370B205B0BDE829
:10F84000F08F0000B0B582B00546044655F87C0F35
:10F8500090B100BF026801464AB11068114630B14C
:10F86000026801461AB1106811460028F2D10869F1
:10F87000818911F4E06F51D04820F8F7CFFD0028BE
:10F880003FD0802201464FF0000CC0F20102493007
:10F89000C1E902C220F00300636E486020460122E5
:10F8A000C1F800C0CDF800C0FDF708FC48B32968D6
:10F8B00069B100BF0A680D464AB11168154631B1F9
:10F8C0000A680D461AB1116815460029F2D1626E18
:10F8D000286001326266628B4068002142F020029B
:10F8E000A4F87610628350B3002100BF0068F0B125
:10F8F0000068F8B1006800B3006804310028F5D151
:10F900001DE0608B012140F0800060834EF220609A
:10F91000C2F2000000F1B802FF2013E0628B41F454
:10F920008071818142F02000608300200DE041F071
:10F93000010104E041F0020101E041F0030104F1A2
:10F940007402002013881944118040B202B0B0BD87
:10F9500010B545F63C10C2F202000178002974D1BE
:10F9600045F6081145F62812C2F20201C2F202025F
:10F9700009681268114308BF10BD01210170E3F747
:10F98000DDFE4BF6E41EC2F2010EDEF800C0BCF153
:10F99000000F40D04BF67814C2F20104DCF80030BE
:10F9A0002189CEF800300131638900F1FA0288B272
:10F9B000984241F20100C0F60200218188BF6181B6
:10F9C0000023CCF808004BF63C20CCF80030C2F203
:10F9D00001000168CCF80C30CCF8042099B34868D9
:10F9E000101A20D40B46186810B34168511A22D45B
:10F9F00003681BB35968511A22D41868C0B1416812
:10FA0000511A18D40368CBB15968511AB1F1FF3FAC
:10FA10001946E8DC15E04BF67810C2F20100818847
:10FA20000131818010BD4BF63C20C2F2010008E09C
:10FA30000021184605E00146184602E0002100E0DA
:10FA40001946CCF80010C0F800C010BD10B584B045
:10FA50004EF23551C2F2000109784A0748D48A07AC
:10FA600008D4C90735D045F62011C2F20201096851
:10FA700001622EE045F60411C2F202010A68416AF1
:10FA8000531A26D4836A891AC91822D445F63E1C13
:10FA9000C2F2020C45F62C13C2F20203BCF800C0FD
:10FAA0001B684EF28C3162444EF2EC5CC2F20001F3
:10FAB000B3F802E0C2F2000C09681C880CF11003D4
:10FAC000CDE9003E0CF114030294FFF793FB04B060
:10FAD00010BD45F63E11C2F20201098841B1418BC9
:10FAE00041F00201418304B0BDE81040FDF7F0BFD2
:10FAF00004B010BD2DE9F04F8DB045F6251945F63F
:10FB00000811C2F20209C2F2020199F800000C6861
:10FB10000130002C89F8000000F0CB8045F60C176E
:10FB2000C2F202074FF00008A17FC2B2914203D196
:10FB3000D4F80CB07AE000BF618BA077CA0709D077
:10FB400041F0020060832046FDF7C2FF608B20F089
:10FB500003016183080705D521F008006083204672
:10FB6000FDF776FAD4F88450D4F80CB0002D5DD0AF
:10FB7000D4F8906095F80DA087F80080C4F88480D0
:10FB8000EEB1206921462A460023B04710F10D014D
:10FB900043D0C0B200283ED15FEA8A603DD5A06A5A
:10FBA00041F2D06188421CBF0130A062D4F890605D
:10FBB0009EB32069214600220023B0472DE02A8908
:10FBC000D4E90913206B9B1841F2D06238BF1A4662
:10FBD00041F2D066B34288BF41F2D062E68EBC46A5
:10FBE00040F66837BE4228BF3E46531806449E1B67
:10FBF000B6F1FF3FA26220DD181A40F2B4518842EC
:10FC00006746E26226D3608B40F0020060832046A4
:10FC1000FDF75EFF1EE0C4F88450387830B145F639
:10FC20000810C2F20200D0F800B000BFBBF1000F14
:10FC30003FD099F800005C4676E7401AB0F1FF3FEC
:10FC4000CCBFE062C4F82C80674603E001698847B6
:10FC5000002DA1D0A97B01390A06A9739CD1697B2B
:10FC600028462D688907F1D4017B11F00F010ED0D1
:10FC700001290FD00229EBD14BF64813C2F2010340
:10FC800019894BF6D8160139C2F201060CE0F8F7D3
:10FC900043FBDDE74BF63813C2F2010319894BF63B
:10FCA000D4160139C2F2010632681981026030604F
:10FCB000CEE745F62410C2F2020001780131CA07EE
:10FCC000017000F0298645F6201AC2F2020ADAF81D
:10FCD000000099F800100130CAF8000045F608103D
:10FCE000C2F2020006684BF688184A1C002EC2F2C7
:10FCF000010889F8002000F0E58545F60C17C2F2EE
:10FD000002074FF0000B07E0F568B346002D00F046
:10FD1000D98599F800202E46B07FD1B28842F3D021
:10FD2000317D96F846000229B277CDF830B003D184
:10FD3000052803D909E000BF0B2806D896F8AD20A6
:10FD400032B196F8AE000B2839D94FF0010BD4E34D
:10FD5000B28E47F6FE739A429CBF0132B286B6F964
:10FD6000443012B29A42C0F2C683D6F88050002DB9
:10FD700000F0EF802A46D2E90037BF7B002B00F06D
:10FD8000BA80012F40F0DE80D3E90027BF7B002A34
:10FD900000F0D180012F40F0D580D2E90037BF7B41
:10FDA000002B00F0A880012F40F0CC80D3E9002781
:10FDB000BF7B002A00F0BF80012FDCD0C2E00FF62D
:10FDC0006031114411F8011C96F8AC208A423CBF06
:10FDD000013286F8AC208A42C0F08D83B46E002CCC
:10FDE0007AD0F16F002900F07B83A2B2002A00F0E4
:10FDF00077830889904240F26F830D7BCDE908211B
:10FE0000042205F0010102EA550202EB8108001B01
:10FE10000A9000EB0807032010FA87F020F0030196
:10FE200001F139004FF6FC7210408842C0F04F8259
:10FE3000103080B2814200F24A82F8F7EFFA0028CF
:10FE400000F0458200F1490121F003020021C0E9E0
:10FE500000128021002AC0F201010781478107902A
:10FE6000C160069500F0E3810A9F390400F0E58146
:10FE7000099902EB0800D1F804B00B90BBF8080018
:10FE800009892044411A4FF000080024BBF80A00F9
:10FE90000A0404D08AB2824201D3091A13E0401A3C
:10FEA00080B2BDB2A84238BF0546DBF804200B98EB
:10FEB00012FA81F110FA84F02A46E2F751FAA844C6
:10FEC0002C447F1B0021380400F0B981DBF800B01E
:10FED000BBF1000FDAD1B2E1F36F002B00F0008329
:10FEE000196901308A8986F8AE00D2050A936DD46B
:10FEF0004FF0000A6FE07B1EB3FA83F35F090FB384
:10FF0000F36F136013B95389A6F87630738B1769B2
:10FF100043F4006373837B6812891BBABF89F5675A
:10FF200000251A44C6F8805017F4407F18BF0132EC
:10FF30007265B56311E07A1EB2FA82F257091A4669
:10FF4000002FDDD145F60C17002DC2F2020740F05C
:10FF5000D282F26F002A00F0CE82022915D001462B
:10FF60000C2828BF0C21B6F94020B6F942300FF614
:10FF7000B817795C03EBE20202FA01F147F6FF726F
:10FF80009142A8BF1146A6F84410F16CB26E00254C
:10FF9000B586914238BF0A46F18E53084F000130B2
:10FFA000B3EB410F88BF5708C6E91317C1B28142AE
:10FFB000B56708BF86F846003046FDF789FD4FF06B
:10FFC000000B45F60C17C2F2020796E21889B0FA48
:10FFD00080F04FEA501A486815240B90706AD6F8E2
:10FFE0002CB00990308BB6F81680089096F8B15076
:10FFF000BAF1000F18BF1424E01C00F01C002530DB
:020000040802F0
:1000000000F07C001030F8F709FA80B38021074631
:100010003530C0F2010120F003000023F9602BFA13
:1000200005F14FF6FF72C7E900303C817C819142B7
:1000300028BF114698FA98F20280089A0B9D52BA8E
:100040004280099A036112BAC0E9015241F250029A
:10005000828109BA726AF36A090CC1819918BAF1EE
:10006000000F31630ED041F25011818143E045F61B
:10007000201A4BF688184FF0000BC2F2020AC2F2A7
:1000800001089EE70A9A54687CB32189128945F6D3
:10009000201A1430891A4FF0010B4FF00008C2F2F9
:1000A000020A0B9060890A0404D08AB2824201D30A
:1000B000091A13E0401A80B21FFA8BF5A84238BF24
:1000C000054662680B9812FA81F110FA88F02A4608
:1000D000E2F746F9A844ABEB050B00215FEA0B40C1
:1000E0000DD02468002CDDD109E044F68920C0F64B
:1000F0000200E0F707FA45F6201AC2F2020A0A984F
:10010000B16D00694BF688184068321D00BA0130A5
:10011000091AB1F1FF3FD8BFB065317A4BF63420F0
:10012000C2F20108C2F2010041B30068002800F0E9
:10013000288190F83C300133DBB28B4250D000680C
:10014000002800F0208190F83C300133DBB28B4274
:1001500046D00068002800F0188190F83C30013348
:10016000DBB28B423CD00068002800F0108190F890
:100170003C300133DBB28B42D7D131E000681168EB
:1001800001E000BF006890B190F8393003F0050538
:10019000052DF7D14568002DF4D084684D402C42E0
:1001A0001ED09B07EED4C3689942EBD118E04BF602
:1001B0003020C2F20100006870B34EF28853C2F2E0
:1001C000000393F8393003F00503052B24D14EF2D8
:1001D0008853C2F200035B68F3B1C9B27F291BD018
:1001E0004EF22065C2F20005B5F8AC10F37A013189
:1001F000A5F8AC103168B57A0029314608BF011D59
:1002000000950625CDE90150002538460395049553
:10021000EAF7A8FA0546C0E04EF22061C2F20001FA
:10022000B1F85600FC250130A1F85600B5E044F6BF
:10023000D430C0F60200E0F765F94FF000080A98E4
:100240001FFA88F180B2814253D1099800698189EF
:1002500040680CBA082101EA1447089900BAC4F3AF
:1002600000484318DDE9065108EB070230460095C7
:10027000FCF724FF58B38346200C3721002F08BF1A
:100280003F2101EA00040998B8F1000F406818BF47
:1002900004F03E0400284FF000054FF0000100F08C
:1002A000B28045F60C170246C2F202071268002A15
:1002B00000F0AE801268002A00F0AD801268002ABB
:1002C00000F0AC8012680431002AEFD1A8E04EF2B1
:1002D0002061C2F20001B1F8B8004BF6881845F66B
:1002E0000C170130C2F20108C2F20207A1F8B800EF
:1002F000F6E04EF22061C2F20001B1F8B8004BF610
:10030000881845F60C17079C0130C2F20108C2F2AA
:100310000207A1F8B80004E001698847002C00F04A
:10032000DF80A17B01390A06A17340F0D980617B8F
:10033000204624688907EFD4017B11F00F010ED00D
:1003400001290FD00229E9D14BF64813C2F201036B
:1003500019894BF6D8150139C2F201050CE0F7F7FF
:10036000DBFFDBE74BF63813C2F2010319894BF6CA
:10037000D4150139C2F201052A681981026028608A
:10038000CCE7FC2509E0FC2507E0FC2505E0FC2581
:1003900003E000BF0169884777B3B97B01390A06DA
:1003A000B97329D1797B38463F688907F2D4017B3C
:1003B00011F00F010ED001290FD00229ECD14BF61C
:1003C0004813C2F2010319894BF6D8140139C2F25D
:1003D00001040CE0F7F7A0FFDEE74BF63813C2F29A
:1003E000010319894BF6D4140139C2F201042268C1
:1003F000198102602060CFE745F60C172806C2F28B
:10040000020778D16CE045F60C17C2F2020707E04C
:1004100041F0010104E041F0020101E041F003017B
:10042000B6F87420DDF82880511A0289A6F87410F5
:10043000A2EB080189B2FBF74FF8099B18891969EB
:10044000A0EB080018818A89586842EA04228A8150
:100450005D8198B10025006840B1006848B100682E
:1004600050B1006804350028F5D107E045F00105DA
:1004700004E045F0020501E045F00305DBF8042047
:10048000B6F87400002192B1126842B112684AB104
:10049000126852B112680431002AF5D107E041F028
:1004A000010104E041F0020101E041F00301099B78
:1004B00028441A684BF68818CBF80020C3F800B01F
:1004C000DBF800200844C2F20108002AA6F87400F4
:1004D00004BF0020A6F876003046FDF7F9FA50B1C7
:1004E00096F8AD004FF0000B062886F8ACB004D8A3
:1004F000013086F8AD004FF0000B307D06280AD1A0
:10050000718BC90607D5DAF80010326A891A2829D2
:1005100088BF0BF1010B717A090719D5072801D0A3
:10052000042815D106F1A0030BCBDAF80020376AB6
:1005300001FB030344F6D354C1F26204A3FB043568
:10054000D21BB2EB551F05D90BF1010B00253BE186
:1005500001253DE196F8AF3001FB0300A0FB04014B
:10056000B2EB511F40F22F81706AD6F82CA00B908D
:10057000D6F85880F48A358B96F8B1904820F7F772
:100580004DFF00286BD007464FF01412BA6080224E
:1005900007F13501C0F2010221F003014FF0000C18
:1005A000FA602AFA09F24FF6FF73C7E900C19A42CE
:1005B00028BF1A4663BA0B806BBA4B800B9BA8F11D
:1005C000010000BA1BBAC1E9010341F25000C1F8B1
:1005D00010C0888110BA726AF36A000CC88198183A
:1005E000317A30634BF63420002906F10402C2F25E
:1005F000010042D045F6251945F6201A4BF6881819
:10060000C2F20209C2F2020AC2F20108006800281E
:1006100000F0978090F83C300133DBB28B4274D00D
:100620000068002800F08F8090F83C300133DBB286
:100630008B426AD00068002800F0878090F83C3038
:100640000133DBB28B4260D00068002800F07F806D
:1006500090F83C300133DBB28B42D7D155E045F600
:10066000251945F6201A4BF688180125C2F2020911
:10067000C2F2020AC2F20108A6E00068116845F65B
:10068000251945F6201A4BF68818C2F20209C2F263
:10069000020AC2F2010830BB4BF63020C2F2010060
:1006A000006890B14EF28853C2F2000393F83930DB
:1006B00003F00503052B08D14EF28853C2F2000364
:1006C0005B6813B1C9B27F291FD14EF22061C2F21B
:1006D0000001B1F85600FC250130A1F856003CE0BD
:1006E00000680028D8D090F8393003F00505052DB2
:1006F000F6D14568002DF3D084684D402C4204D0DB
:100700009B07EDD4C3689942EAD14EF22065C2F24C
:100710000005B5F8AC10F37A0131A5F8AC103168DA
:10072000B57A0029314608BF011D00950625CDE99F
:1007300001500025384603950495EAF713F805465D
:100740000BE0FC2509E0FC2507E0FC2505E0FC2585
:1007500003E000BF0169884777B3B97B01390A0616
:10076000B97329D1797B38463F688907F2D4017B78
:1007700011F00F010ED001290FD00229ECD14BF658
:100780004813C2F2010319894BF6D8140139C2F299
:1007900001040CE0F7F7C0FDDEE74BF63813C2F2B8
:1007A000010319894BF6D4140139C2F201042268FD
:1007B000198102602060CFE7280604D196F8AF00C7
:1007C000013086F8AF00012545F60C17C2F202078A
:1007D000307D092808D003280CD1DAF80000316AEE
:1007E000401A282806D925E0DAF80000316A401AB4
:1007F000F0281FD8BBF1000F1CD1307F717F013072
:10080000F568C2B28A423077FFF47FAAD6F8982002
:1008100000203077387042B13069314690473978DE
:10082000002945D100287FF470AA3046FDF750F921
:10083000FFF76BBAD6F89C403046FDF719FCDDF89F
:1008400030B045F60811F068BBF1000FC2F20201AA
:1008500018BF0BF10C0108607DB9F08A378B726A02
:10086000B16D331DCDE9003030463346029745F671
:100870000C17C2F20207FEF7BDFCB8F808004BF6F1
:10088000E812C2F2010201381168F568A8F8080000
:1008900030693160002C4FF00001166039703FF470
:1008A00035AA6FF00C01A047387800283FF42EAA33
:1008B00045F60810C2F2020005681DB14FF0000BAA
:1008C000FFF727BA45F62815C2F202052C684BF649
:1008D000E817C2F20107FCB1DAF80000002603E0D5
:1008E000E16826460C46B9B1216A411AF129F7D3CD
:1008F0002046FDF7BDFBE168002E0EBF2960F160C8
:10090000E168B8F808003A680138A8F80800DAF891
:10091000000022603C60E5E70DB0BDE8F08F00BF4D
:1009200003060C183060780001020304050607076F
:1009300007070707070000002DE9F04F8BB0C8B389
:100940004FF6FC7E8846C0F2010EC16EC78E0EF1D6
:1009500002024FF6FF73914238BFC1F34F03BB420F
:1009600028BF3B46017D002B08BF3B4607294FF0BF
:10097000F50724D8012202FA01F111F09C0F1ED0D4
:10098000B8F1000F1FD0016F41450DD3B0F874903E
:10099000B9F1200F19D34EF22062C2F20002B2F870
:1009A000B8100131A2F8B810418BFF2741F0800147
:1009B000418304E00FF2D850DFF7A4FDF02778B2AE
:1009C0000BB0BDE8F08FB0F8749084465CF87C2FD3
:1009D000CDE90990CDF80CC04AB300BF11681646A6
:1009E00049B10A680E4632B11168164619B10A6853
:1009F0000E46002AF2D1317B0422348901F0010530
:100A000002EA51012144B0F8762001EB8501A3EB05
:100A10000101C2B147468DB2424538BF1746BD42BB
:100A200038BF2F46D21BC91BB346089210E00020E6
:100A3000089000274FF0000A4FF000094FF0000B1C
:100A40000026002487E00022089200274FF0000BC8
:100A500047454FF0000A67D20A0465D0002C63D0E6
:100A600088B20497A8EB07078742A8BF07461FFA7A
:100A700087FCDDF828B084453D460CD2BBF81A103F
:100A80003D46490607D40CF2B75101EA0E018142F6
:100A900038BF08460546032010FA85F04FF6FC7271
:100AA00000EA0E01104088424FF0000A3FD3103098
:100AB00080B281424FF0000400F2A381A94664464F
:100AC000CDE90637F7F7AAFC4FF0000A78B380218A
:100AD000079A0546C0F20101E960A9EB02010891FD
:100AE0002A816A8145F64811049A1330C2F2020144
:100AF00020F0030011442246C5E900A0E1F730FCD4
:100B00004FF6FC7E069B28462C46C0F2010E00BF25
:100B1000006870B1006878B1006880B100680AF1BF
:100B2000040A0028F4D10CE0B946002413E00024A4
:100B300067E14AF0010A04E04AF0020A01E04AF0E3
:100B4000030A0998049F504409900798DDF820A0F3
:100B500007EB0009B3461FFA89F040450794049754
:100B6000CDF808A080F0A38000254FF0000ACDE961
:100B700005830FE0C144DDF814801FFA89F0079C5B
:100B80004FF6FC7E069B40455D468A46C0F2010E4C
:100B900080F08F80A8EB09001FFA80F8434538BF2A
:100BA0009846DDF828B09845474615D2BBF81A009C
:100BB0004746400610D4BAF1000F06D103980068EA
:100BC00018B9DBF8800000286FD008F2B75000EAAF
:100BD0000E079F4228BF1F46032010FA87F000EA45
:100BE0000E0101F139004FF6FC7210408842C0F04E
:100BF0000881103080B2814200F203810895F7F736
:100C00000DFC002800F0FD8080210546C0F20101A6
:100C1000E96045F648111FFA89F44930C2F2020131
:100C200020F003004FF0000B21444246C5E900B01C
:100C3000A7EB0807A5F80880A5F80A80E1F790FB64
:100C4000284600BF006848B1006850B1006858B13C
:100C500000680BF1040B0028F4D107E04BF0010B06
:100C600004E04BF0020B01E04BF0030B09985844F1
:100C7000099080B2212880F084800A980022416E79
:100C80000B19294600250095FCF718FA002800F0FA
:100C9000B5808346BAF1000F014647813FF46AAF41
:100CA00008985146C0F800B064E7474694E7089FAB
:100CB000002108910299B946002E18BF5FEA014051
:100CC00002D0708908447081049F099D0FB3746835
:100CD000C4B145F6481AC2F2020A01E0044688B1DE
:100CE00021892068394400282181F7D16068618911
:100CF0003A4608445146E1F733FB6089C119206840
:100D00006181EBE7308971893844079C3081C81BC9
:100D100070810A98A0F8769034B3706850B3016877
:100D2000002900F00F8100BF028923891A44028143
:100D30000868002800F003810B89278902683B447A
:100D4000002A0B8100F0FE8001892389194401816A
:100D50001068002800F0F5801389278901683B445A
:100D600000291381E0D1EDE003980899002E18BF07
:100D70003046F2E043F6D170C0F60200DFF7C2FB66
:100D8000E5E04BF638184BF6D4164BF648174BF601
:100D9000D814DDF828B0C2F20108C2F20106C2F28E
:100DA0000107C2F2010402E00169884725B3A97B6B
:100DB00001390A06A9731FD1697B28462D68890766
:100DC000F2D4017B11F00F010AD001290BD00229C6
:100DD000ECD1398922680139398102602060E5E768
:100DE000F7F79AFAE2E7B8F8081032680139A8F87C
:100DF000081002603060D9E7079C02E0079CDDF82C
:100E000028B0BBF81A004EF22061C2F2000140F097
:100E10008000B1F8B820ABF81A004BF6D4194BF6A5
:100E2000481B4BF6D817501C002CC2F20109C2F225
:100E3000010BC2F20107A1F8B80051D1BAF1000FBD
:100E40007BD04BF6A8144BF6F015C2F20104C2F2A7
:100E5000010508E0208929680138BAF1000F2081D6
:100E600031602E6067D05646DAE900A802E000BF84
:100E700001698847B8F1000FECD098F80E100139DD
:100E80000A0688F80E10E5D198F80D104046D8F8FB
:100E900000808907ECD4017B11F00F010CD00129EF
:100EA0000DD00229E6D1BBF808103A680139ABF839
:100EB000081002603860DDE7F7F72EFADAE74BF644
:100EC0003813C2F201031989D9F8002001391981B8
:100ED0000260C9F80000CDE701698847002CADD059
:100EE000A17B01390A06A173A8D1617B2046246841
:100EF0008907F1D4017B11F00F010CD001290DD02D
:100F00000229EBD1BBF808103A680139ABF8081098
:100F100002603860E2E7F7F7FFF9DFE74BF63813D6
:100F2000C2F201031989D9F8002001391981026040
:100F3000C9F80000D2E7FF2741E5FF273FE5084653
:100F400000E0104601892289046011440181208952
:100F5000318908440899308130460A9A0160506E00
:100F6000116F40445066A1EB0800BBF1000F106701
:100F7000A2F8745009D0DBF81000002700281EBF2B
:100F8000818941F40061818119E5002717E500BFDF
:100F90007463705F77726974653A20696E76616C0C
:100FA000696420706362000010B584B004460CA030
:100FB000E022CDE9002044F22C620391C0F6020247
:100FC0000BA305210294F0F781F844F224004BF2C0
:100FD00064716043C2F2020100220A5004B010BDE5
:100FE0005B25645D205443502065727220256400A7
:100FF000746370636D645F6572725F666E0000009B
:1010000010B5FEF777FD45F6081045F62811C2F237
:101010000200C2F202010068096808434BD0E2F7FF
:101020008DFB4BF6E41EC2F2010EDEF800C0BCF1EF
:10103000000F47D04BF67814C2F20104DCF8003000
:101040002189CEF800300131638900F1FA0288B2BB
:10105000984241F20100C0F60200218188BF6181FF
:101060000023CCF808004BF63C20CCF80030C2F24C
:1010700001000168CCF80C30CCF80420D1B34868EA
:10108000101A27D40B46186848B34168511A29D45E
:10109000036853B35968511A29D41868F8B14168E4
:1010A000511A1FD4036803B35968511AB1F1FF3FB5
:1010B0001946E8DC1CE045F63C10C2F202000021B3
:1010C000017010BD4BF67810C2F201008188013129
:1010D000818010BD4BF63C20C2F2010008E00021E7
:1010E000184605E00146184602E0002100E01946D6
:1010F000CCF80010C0F800C010BD00002DE9F04F82
:1011000087B04EF220660446C2F20006B6F896009A
:1011100065890130072DA6F8960046D8B6F89E00DE
:10112000B6F89A100130A6F89E00481CA6F89A005E
:101130004BF638184BF6D4164BF648174BF6D81525
:10114000C2F20108C2F20106C2F20107C2F20105B1
:1011500005E000BF01698847002C00F00F82A17BE9
:1011600001390A06A17340F00982617B2046246898
:101170008907EFD4017B11F00F010AD001290BD0B0
:101180000229E9D139892A68013939810260286048
:10119000E2E7F7F7C1F8DFE7B8F80810326801397D
:1011A000A8F8081002603060D6E74EF2EC5EC2F29A
:1011B000000EDEF814B0D4F804C00BF101000228D0
:1011C000069101D2002313E0DEF8001091F8397087
:1011D000BF070CD54F685F4509D0896887EA0B07C0
:1011E000394204D1CF432BEA0101B942EAD00123AD
:1011F0004BF26071C2F202010A68002A00F0DE8040
:10120000BCF80010BCF8027009BA4FEA114A39BAAA
:10121000DEF80470DEF810604FEA114802A981E898
:101220000C104FF00001059543B34FF0000E03E0A2
:10123000CA68002A00F0998089461146528A4245C0
:10124000F6D10A7A2AB197F83C000130C0B2824246
:10125000EED10A68002A18BF5A45E9D1087C00F08F
:10126000040050EA0E00888A08BF8E465045DFD140
:101270004A68002A18BFB2425DD0D9E758B3069B2E
:101280004FF0000E03E000BFCA68002A6DD0508AFC
:10129000894611464045F7D10A7A2AB197F83C00B1
:1012A0000130C0B28242EFD10A6822B1986882EA66
:1012B0000B021042E8D1087C00F0040050EA0E0056
:1012C000888A08BF8E465045DED14A68002A18BF7A
:1012D000B242D9D12FE0069B4FF0000C05E000BFD1
:1012E000E646CA68F446002A3FD0508A894611462D
:1012F0004045F5D10A7A2AB197F83C000130C0B2D6
:101300008242EDD1087C40070CD4BCF1000F8E4620
:1013100009D0DCF800005A68904203D00868904277
:1013200008BF8C46E646888A5045DAD14A68002ACA
:1013300018BFB242D5D14EF2EC5EDDE904C54EF2E3
:101340002066C2F2000EC2F20006B9F1000F00F0F2
:101350001881C868C9F80C000298C8604BF2607028
:10136000C2F20200016094B913E1BEF1000F7146B0
:101370004EF2EC5EDDE904C54EF22066039BC2F23C
:10138000000EC2F2000619D0002C00F002810CF110
:1013900008006060A5F10800608120890F6A0838A4
:1013A000002F208100F0B180486A0EF11003224620
:1013B000CDF800A0B84707B0BDE8F08F06984068A8
:1013C000584566D1002C00F0E4800CF1080021891A
:1013D0006060A5F108006081A1F1080020818BB157
:1013E000DEF8140000F0F000E0280BD0BEF80C008E
:1013F000083001B22046FAF735F8204603210322CF
:10140000E8F79CFBB6F8A400B6F89A100130A6F8ED
:10141000A400481CA6F89A004BF638184BF6D416D0
:101420004BF648174BF6D815C2F20108C2F2010676
:10143000C2F20107C2F2010505E000BF0169884759
:10144000002C00F09B80A17B01390A06A17340F0BB
:101450009580617B204624688907EFD4017B11F0D9
:101460000F010AD001290BD00229E9D139892A6854
:101470000139398102602860E2E7F6F74DFFDFE7C6
:10148000B8F8081032680139A8F808100260306016
:10149000D6E7002C72D04BF638184BF6D4164BF624
:1014A00048174BF6D815C2F20108C2F20106C2F283
:1014B0000107C2F2010503E001698847002C5DD0F5
:1014C000A17B01390A06A17358D1617B20462468AB
:1014D0008907F1D4017B11F00F010AD001290BD04B
:1014E0000229EBD139892A680139398102602860E3
:1014F000E4E7F6F711FFE1E7B8F8081032680139C0
:10150000A8F8081002603060D8E74BF638184BF6A0
:10151000D4164BF648174BF6D815C2F20108C2F2A2
:101520000106C2F20107C2F2010502E00169884723
:1015300024B3A17B01390A06A1731FD1617B204628
:1015400024688907F2D4017B11F00F010AD0012928
:101550000BD00229ECD139892A680139398102601E
:101560002860E5E7F6F7D8FEE2E7B8F80810326839
:101570000139A8F8081002603060D9E707B0BDE86B
:10158000F08FB6F8AA000130A6F8AA00002C7FF46C
:10159000FEAEB6F89A000130A6F89A0007B0BDE892
:1015A000F08F00002DE9F04F85B0002879D0154666
:1015B000002A7BD0DDF83C80B8F1000F7BD0DDF84D
:1015C00038B0BBF1000F7BD00746408A99460E46E3
:1015D00000284FF6FF7A40F096804BF26070C2F21E
:1015E000020001460968B1FA81F200294FEA52125D
:1015F00018BFB9421BD0C968B1FA81F200294FEA7D
:10160000521218BFB94212D0C968B1FA81F200294A
:101610004FEA521218BFB94209D0C968B1FA81F233
:101620004FEA521219B1B94201F10C01DAD140F678
:101630000811D0F800C0C2F200010C88BCF1000F04
:1016400052D00021A3B20134534504BF4CF2000430
:10165000CFF6FF746346588A1FFA84FB584513D0AF
:10166000DB6893B3B3F812E0DE450DD0DB6863B3FB
:10167000588A584508D0DB683BB3588A584503D090
:10168000DB68002BE7D120E043F6FF70814201F1D7
:101690000101D7D340F60810C2F200000480F825FB
:1016A000E1E08EA0DEF72EFFF025DCE082A0DEF781
:1016B00029FFF025D7E077A0DEF724FFF025D2E060
:1016C0006BA0DEF71FFFF025CDE0200440F60810E8
:1016D000C2F200000480DDF838B04BF26070C2F254
:1016E00002000AD1F825BEE0544504F1010404BF0C
:1016F0004CF20004CFF6FF740C80002A7C821CBFE1
:10170000C7F80CC007603189AAF1080080B2814295
:1017100001D9FF25A7E096F90C00B0F1FF3F05DCE9
:10172000706806F11002083890421BD23C20F6F790
:1017300075FEA8B1802304464FF00812C0F20103E1
:10174000C4E902233289353020F0030000212160F2
:10175000606072B120463146F9F7E6FC606808E047
:10176000FF2580E072890831083270607281318112
:101770003446798A2A6809BA090C018099FA99F1E4
:1017800041800021C180397C090702F0F0010AD5AF
:10179000E02908D1617B228941F00401617311BA0B
:1017A000090C818006E02289E02912BA4FEA124230
:1017B000828002D107F11D0001E007F10B000378E0
:1017C000B87A112100278DE80308204641462A46B1
:1017D00003970497E8F7C6FFB44205463AD04BF6A4
:1017E00038184BF6D4194BF648164BF6D817C2F2F8
:1017F0000108C2F20109C2F20106C2F2010702E0C9
:101800000169884734B3A17B01390A06A17321D14C
:10181000617B204624688907F2D4017B11F00F0117
:101820000AD001290BD00229ECD131893A6801395B
:10183000318102603860E5E7F6F76EFDE2E7B8F85F
:101840000810D9F800200139A8F808100260C9F87A
:101850000000D7E74EF22060C2F20000B0F894100A
:101860000131A0F8941068B205B0BDE8F08F00BF58
:101870007564705F73656E64746F5F69665F7372C1
:10188000633A20696E76616C6964206E657469667E
:10189000000000007564705F73656E64746F5F694B
:1018A000665F7372633A20696E76616C6964207357
:1018B00072635F69700000007564705F73656E64C9
:1018C000746F5F69665F7372633A20696E76616CEC
:1018D0006964206473745F69700000007564705FF0
:1018E00073656E64746F5F69665F7372633A2069D3
:1018F0006E76616C69642070636200002DE9F047C8
:10190000044644F214002658002E40D04BF63819F5
:101910004BF6D41A4BF648154BF6D81704EB0008D3
:10192000C2F20109C2F2010AC2F20105C2F20107C4
:1019300003E000BF0169884736B3B17B01390A066D
:10194000B17321D1717B304636688907F2D4017BAF
:1019500011F00F010AD001290BD00229ECD12989FD
:101960003A680139298102603860E5E7F6F7D4FC6E
:10197000E2E7B9F80810DAF800200139A9F80810F0
:101980000260CAF80000D7E70020C8F8000020680D
:10199000A8B1017D01294FF0000101614177C0E943
:1019A0002311C0E9261103D0418B41F0100141837E
:1019B000FBF79AF918B120680121FAF725FE0020FB
:1019C0002060BDE8F087000010B540F60004C2F2C8
:1019D000000444F631424DF6401304F11000C0F605
:1019E0000202C2F200036421DEF7AEFD4EF238506F
:1019F000C2F20000B0F8403044F62A0204F174004C
:101A0000C0F602022821BDE81040DEF79DBD0000AF
:101A100070B584B04BF26470C2F2020002680C46EA
:101A2000A2B144F22401415891B148F24801415811
:101A300081B1002C54D0207D012803D0608B40F070
:101A4000100060832046FBF74FF946E0002502E0D6
:101A5000012500E00225617A4BF6207C41F0080167
:101A6000617241F64531C0F60201C4F8901040F6AB
:101A7000A971C0F2020CC0F60201C4E9271C44F2AD
:101A8000240141F28832072315FB01066943C4E9AA
:101A900029234450E1F752FE706006F1080044F239
:101AA0001C01DFF7BAFF60684EF2DC51C2F20001A0
:101AB0002561E9F7F1F8218B11A209BA40F205136B
:101AC000090CCDE9003244F22C620391C0F6020207
:101AD00014A305210290EFF7F9FA002004B070BDBD
:101AE00001A0DEF70FFDF8E77463705F636C6F733E
:101AF000653A20696E76616C6964207063620000EB
:101B000041636365707420556E69636F726E322035
:101B100054435020636D642066726F6D2025733AC4
:101B200025640000756E69636F726E325F74637056
:101B30005F6163636570745F63616C6C6261636B4A
:101B400000000000B0B584B04BF264711C46C2F2D4
:101B5000020144F2240300FB0315B4B12FA14F226C
:101B6000CDE9002144F22C6244F61E33C0F6020295
:101B7000C0F60203052102900394EFF7A7FA284666
:101B8000FFF7BCFE002004B0B0BD1AB344F224033A
:101B900000FB031144F21403C85878B30168B9B3C9
:101BA000038915892B440381086870B30D89148952
:101BB000036825440D815BB301891589294401819E
:101BC000186820B31D8914890168254400291D81E6
:101BD000E6D11DE017A15522CDE9002144F22C6287
:101BE00044F61E33C0F60202C0F60203052102903D
:101BF000EFF76CFA2846FFF781FEC3E7C8180260CA
:101C000044F2180000220A50BCE7084600E01846DB
:101C100001891389026019440181B3E75B25645D82
:101C2000205443502072656376206572726F722073
:101C3000256400005B25645D2054435020636C6F75
:101C4000736500002DE9F04F87B0934636209C2144
:101C50004FF4C1721C46F9F7A9F9D8B3824620683F
:101C60004EF2DC51109EC2F20001E9F715F80FF2B6
:101C7000E032312371BACDE9003244F2456244F2D8
:101C800082630391C0F60202C0F6020305210290AE
:101C9000EFF71CFABAF808009C2870D244F6BC2072
:101CA000C0F60200DEF72EFC0FF2E8313522CDE956
:101CB000002144F2456244F282634FF0FF30C0F6E7
:101CC0000202C0F6020301210290EFF7FFF907B00C
:101CD000BDE8F08F3F2144F2456244F282630FF287
:101CE000CC300091C0F60202C0F60203022101903E
:101CF000EFF7ECF9BBF1000F3ED04BF638184BF67E
:101D0000D4164BF648174BF6D815C2F20108C2F2AA
:101D10000106C2F20107C2F2010504E00169884729
:101D2000BBF1000F28D09BF80E1001390A068BF882
:101D30000E1021D19BF80D105846DBF800B0890732
:101D4000ECD4017B11F00F010AD001290BD002293C
:101D5000E6D139892A680139398102602860DFE7D4
:101D6000F6F7DAFADCE7B8F8081032680139A8F8B3
:101D7000081002603060D3E707B0BDE8F08F40F68E
:101D8000000805949C244FF00009C2F20008CDF829
:101D900018A000BFBAF80A5008EB09012F46AC4260
:101DA00038BF2746DAF804003A46E0F7D9FAAC42E1
:101DB00037D9DAF80050E61B6C89B9442746A642A9
:101DC00038BF3746686808EB09013A46E0F7C8FAB9
:101DD000A64226D92C68F51B6689B9443746B54218
:101DE00038BF2F46606808EB09013A46E0F7B8FAB9
:101DF000B54216D9D4F800A0EC1BBAF80A6007EB7C
:101E00000905B44238BF2646DAF8040008EB05019C
:101E10003246E0F7A5FADAF800A0A41B06EB0509A4
:101E2000B8D14BF25C70C2F2020005688DB3297A1A
:101E3000069CA1B34BF63420059EC2F20100006857
:101E4000002800F0AD8090F83C200132D2B28A42E6
:101E500000F088800068002800F0A28090F83C2004
:101E60000132D2B28A427DD00068002800F098800A
:101E700090F83C200132D2B28A4273D00068002828
:101E800000F08E8090F83C200132D2B28A42D6D146
:101E900068E074A0DEF736FB069CF0208AE0059E21
:101EA000316801F0F000E0282ED12A7F22B34BF6F2
:101EB0003420C2F20100006830B390F83C300133A6
:101EC000DBB293424ED00068F0B190F83C30013361
:101ED000DBB2934246D00068B0B190F83C30013399
:101EE000DBB293423ED0006870B190F83C300133D1
:101EF000DBB29342DFD135E0A869421C022A03D34A
:101F0000E8F78CFE70BB31684BF63420C2F201005A
:101F1000006890B190F8392002F00503052BF7D145
:101F20004368002BF4D087684B401F421AD09207B9
:101F3000EED4C2689142EBD114E04BF63020C2F2ED
:101F40000100006818B34EF28852C2F2000292F803
:101F5000393003F00503052B19D15268BAB1C9B263
:101F60007F2914D02968071D39B101F0F002E02A59
:101F700003D03A682F4691421BD1109B009028460F
:101F8000214632460197FFF70DFB98B923E04EF248
:101F90002060C2F20000B0F856100131A0F85610CF
:101FA0004EF22060C2F20000B0F8A2100131A0F899
:101FB000A210FC2031A13B22CDE9002144F2456270
:101FC00044F2826340B2C0F60202C0F6020301216D
:101FD0000290EFF77BF84BF638184BF6D4164BF619
:101FE00048174BF6D815C2F20108C2F20106C2F238
:101FF0000107C2F2010504E001698847002C3FF4A3
:1020000079AEA17B01390A06A1737FF473AE617BBF
:10201000204624688907EFD4017B11F00F010AD014
:1020200001290BD00229E9D139892A68013939817E
:1020300002602860E2E7F6F76FF9DFE7B8F808100A
:1020400032680139A8F8081002603060D6E700BF96
:10205000416E737765722055445020746F2025734C
:102060003A2564007564705F73656E64746F3A201E
:10207000696E76616C696420706362007564705F7C
:1020800073656E64746F2829206572726F722025E3
:1020900064000000706275665F74616B65282920BA
:1020A0006572726F722025640000000070627566B0
:1020B0005F616C6C6F632829206661696C656400E0
:1020C00070B547F2FF72C4F2000290424FF0000375
:1020D0000EDC44F6FF32C4F20002904217DC44F2F8
:1020E0000042C4F2000290421DD044F6000216E005
:1020F00040F6FF72C4F2010290427CDC47F6000217
:10210000C4F2000290420ED047F6004207E044F6C7
:102110000042C4F20002904205D045F20002C4F22F
:102120000002904250D14FF0000C43F6040EC4F26E
:10213000020EDEF80420C2F3810342F20042022BB9
:10214000C0F2F40206D0012B21D147F64002C0F2C2
:102150007D121CE0DEF80030DEF80040DEF80050B2
:10216000DEF8006003F03F03760247F64006C0F257
:102170007D1658BF1646B6FBF3F3C4F38814C5F3B7
:102180000145022202EB45026343B3FBF2F2DEF8A3
:10219000043043F6D324C3F30313C0F60204E35C14
:1021A000DEF80440DA40DEF80430BCF1000F43F6FC
:1021B000043CC0F6020C14BFC3F34233C4F38223C1
:1021C0001CF8033022FA03F3C268120406D403EBAE
:1021D0005102B2FBF1F189B2816070BD5A0002EB8D
:1021E0005102B2FBF1F14FF6F0720A40C1F3420125
:1021F0001144816070BD41F20002C4F201029042BC
:102200004FF0010C91D041F20042C4F20102904221
:102210008BD0D9E72DE9F04F81B045F2080741F2A4
:1022200000458146C4F201070029C4F2010540F3CC
:102230003C814EF218060846CEF20006E2F7B4F8EA
:102240004DF6500B8A46C2F2000B0090D9F80410EC
:1022500099F8000099F80220F9F778FF99F8010041
:10226000032825D8DFE800F0020A121A41F6180107
:10227000C4F2020110224FF2104316E041F6180199
:10228000C4F202014FF480620A6111E041F61801C4
:10229000C4F2020140220A610AE000BF41F61801BF
:1022A000C4F2020140224FF61043CFF6FF73CA502A
:1022B00099F8001001B3012960D13A68920709D456
:1022C0003A6892075CBF3A685FEA827202D43A6861
:1022D0009207F2D505227A603A6812060AD53A6862
:1022E000120644BF3A685FEA026203D53A681206F2
:1022F000F2D400BF3A1D1EE02A6812060AD42A68EA
:1023000012065CBF2A685FEA026203D42A681206DA
:10231000F2D500BF05226A602A6892060AD42A68AC
:1023200092065CBF2A685FEA826203D42A6892063A
:10233000F2D500BF2A1D126831B301291ED13968B8
:10234000890709D4396889075CBF39685FEA8171F8
:1023500002D439688907F2D5FF2179603968090606
:102360000AD53968090644BF39685FEA016103D5B7
:1023700039680906F2D400BF391D24E04FF0000887
:10238000032825D94EE000BF296809060AD4296828
:1023900009065CBF29685FEA016103D42968090660
:1023A000F2D500BFFF216960296889060AD429682F
:1023B00089065CBF29685FEA816103D429688906C0
:1023C000F2D500BF291D09685FFA81F8032829D8D2
:1023D000DFE800F0020E161E41F618004FF2004131
:1023E000C4F20200CFF6FF71102242501AE000BF83
:1023F00041F61800C4F202004FF48061016011E060
:1024000041F61800C4F20200402101600AE000BF5A
:1024100041F618004FF60042C4F202004021CFF608
:10242000FF728150E1F7B6F85FEAC87000F03181C1
:10243000DBE900013268DBE900344C4043402343D0
:102440001AD0DBE900013268DBE900344C4043403C
:10245000234311D0DBE900013268DBE900344C4052
:102460004340234308D0DBE900013268DBE9003454
:102470004C4043402343DBD156F8043C56F8044C0F
:102480000133A21A59430132E0FB03214DF290209F
:10249000C2F20000D0E900038018009A5941101AD6
:1024A0007AEB0100C0F0F980D0E6052405F10408BC
:1024B0004FF0FF0A4FF0400BD9F8041099F80000D4
:1024C00099F80220F9F742FE99F80100032829D86B
:1024D000DFE800F0020E161E41F618014FF210431D
:1024E000C4F202011022CFF6FF73CA501AE000BFF7
:1024F00041F61801C4F202014FF480620A6111E052
:1025000041F61801C4F20201C1F810B00AE000BFA0
:1025100041F618014FF61042C4F20201CFF6FF72E5
:1025200041F802B099F80010F1B101295CD13A6884
:10253000920709D43A6892075CBF3A685FEA8272F0
:1025400002D43A689207F2D57C603A68120609D53F
:102550003A68120644BF3A685FEA026202D53A68F6
:102560001206F2D43A1D1CE02A6812060AD42A6820
:1025700012065CBF2A685FEA026203D42A68120668
:10258000F2D500BF6C602A68920609D42A689206C8
:102590005CBF2A685FEA826202D42A689206F2D59A
:1025A0004246126821B301291ED13968890709D42E
:1025B000396889075CBF39685FEA817102D439687C
:1025C0008907F2D5C7F804A0396809060AD5396821
:1025D000090644BF39685FEA016103D53968090615
:1025E000F2D400BF391D22E00026032823D94BE096
:1025F000296809060AD4296809065CBF29685FEAC8
:10260000016103D429680906F2D500BFC5F804A00A
:10261000296889060AD4296889065CBF29685FEAA7
:10262000816103D429688906F2D500BF4146096853
:10263000CEB2032828D8DFE800F0020D151D41F6C0
:1026400018004FF20041C4F20200CFF6FF711022D1
:10265000425019E041F61800C4F202004FF48061C4
:10266000016011E041F61800C4F20200C0F800B0A9
:102670000AE000BF41F618004FF60041C4F2020024
:10268000CFF6FF7140F801B0E0F784FFF00700D00B
:1026900012E7002001B0BDE8F08F012001B0BDE8D5
:1026A000F08F5FEA400C08BF91F0000F4FEA8C23D7
:1026B0004FEAC12243EA51514FEA1C5018BF00F5BE
:1026C000F0404FEA300018BF41F000415FEA6C5C17
:1026D00000F02980BCF1FF3F08BF40F08040704708
:1026E000130C06BF12044FF0100C4FF0000C130E29
:1026F00004BF12020CF1080C130F04BF12010CF1FD
:10270000040C930F04BF92000CF1020CD30F04BF12
:1027100052000CF1010C11464FF00002A0F11F0015
:10272000A0EB0C00704711F0004F08BF704731F06C
:1027300000413FF4D5AF0B0C06BF09044FF0100C5D
:102740004FF0000C0B0E04BF09020CF1080C0B0F2C
:1027500004BF09010CF1040C8B0F04BF89000CF1BC
:10276000020CCB0F04BF49000CF1010CCCF120038B
:1027700022FA03F341EA030102FA0CF2A0EB0C0087
:1027800000F101007047000023F07F4720F07F4CEC
:1027900080EA030000F00040ACEB070303F57C5334
:1027A00003F1FF032DE9804909B44FEA144324EAF9
:1027B00003484FEA154B25EA0B4E0FF2042606EBB1
:1027C00013273E7803FB0667C7F5000707FB06F6ED
:1027D0004FEAD64606F102064FEA543707FB066C6D
:1027E000CCF1005C4FEA1C472CEA074C0CFB06F5C9
:1027F00007FB06F404EB15464FEA961649085FEA14
:10280000320234BF00204FF000404FEAD13706FBC0
:1028100007FC4FEA1C4C0CFB0BF7D21B03FB0CF71D
:1028200061EB07010CFB0EF7B0EB074072EB1742B0
:102830000CFB08F734BFA2EB0742B2EB074261EB97
:1028400017414FEA0C444FEA910706FB07FC4FEA99
:102850001C4C0CFB0BF7B0EBC74072EB573203FB81
:102860000CF734BFA2EBC742B2EBC74261EB573162
:102870000CFB0EF7B0EBC70072EB57720CFB08F7BE
:1028800034BFA2EBC702B2EBC70261EB57714FEA4C
:10289000816141EA92114FEA826242EA90124FEA64
:1028A000806004EBCC04039F4FEAD13706FB07FCA2
:1028B0004FEA1C4C0CFB0BF7D21B03FB0CF761EB34
:1028C00007010CFB0EF7B0EB074072EB17420CFB55
:1028D00008F734BFA2EB0742B2EB074261EB1741A6
:1028E0004FEA8C5504EB9C244FEA910706FB07FC4A
:1028F0004FEA1C4C0CFB0BF7B0EBC74072EB5732A6
:1029000003FB0CF734BFA2EBC742B2EBC74261EB4B
:1029100057310CFB0EF7B0EBC70072EB57720CFB94
:1029200008F734BFA2EBC702B2EBC70261EB5771E5
:102930004FEA816141EA92114FEA826242EA9012C3
:102940004FEA806015EB4C2544F100044FEAD13783
:1029500006FB07FC4FEA1C4C0CFB0BF7D21B03FBDE
:102960000CF761EB07010CFB0EF7B0EB074072EBC5
:1029700017420CFB08F734BFA2EB0742B2EB074249
:1029800061EB17414FEA813141EA92414FEA8232CD
:1029900042EA90424FEA80304FEA0C7615EB1C1564
:1029A00044F1000448EA03434EEA0B484FF0000E9E
:1029B000B2EB080C71EB030724BF624639464EEBBD
:1029C0000E0E4FF0000B0018524149414BEB0B0B20
:1029D000B2EB080C71EB03077BF1000B24BF6246DE
:1029E00039464EEB0E0E4FF0000B00185241494194
:1029F0004BEB0B0BB2EB080C71EB03077BF1000BFD
:102A000024BF624639464EEB0E0E51EA020718BF4C
:102A100046F0010616EB0E7655F1000254F1000166
:102A200003D5BDE88901BDE80088BDE88901BDE89E
:102A30000048B619524141EB0101A3F1010370476F
:102A400080807F7E7D7C7B7A7978777676757473EB
:102A5000727171706F6E6E6D6C6C6B6A6A696868AA
:102A6000676666656464636362616160605F5F5E40
:102A70005E5D5D5C5C5B5B5A5A59595858575756B6
:102A8000565555555454535352525251515050501B
:102A90004F4F4F4E4E4D4D4D4C4C4C4B4B4B4A4A6D
:102AA0004A494949484848474747474646464545B1
:102AB00045444444444343434342424242414141EA
:102AC0009C46002B30D477002BD04FEA37071CB53B
:102AD00003B44FF010004FF01001BAF1000F06D010
:102AE000BCF1000FDCBF40F0080040F008014FF0DF
:102AF00000000FBCBDE810400BF1010BBBF1010F52
:102B000008BF5FEA170722BF12F1010211F10101AC
:102B10004FF0004143F1000300F0004043EA0000A1
:102B20007047F9D35708D0E746EA06464FEA1646FB
:102B300013F1400F1FDD13F1200FDFBF16430A46CC
:102B4000002120335B42BED0C3F1200746EA06468F
:102B50004FEA164602FA07F746EA070622FA03F298
:102B6000C3F1200701FA07F742EA070221FA03F14D
:102B70004FF00003A7E746EA020646EA06464FEA98
:102B8000164646EA0106BCBF46EA0646360C4FF03A
:102B900000034FF000024FF0000194E72DE9804C54
:102BA00070B49A46934691E8380007C831EA400C61
:102BB00048BF34EA430C03D5FFF7E6FDFFF780FF7B
:102BC000F0BCBDE8008C2DE9804C70B49A46934669
:102BD00091E8380007C810F0804F08BF13F0804F0D
:102BE00003D100F005F8FFF76BFFF0BCBDE8008CE7
:102BF00020F07F4723F07F4C80EA030000F0004084
:102C000007EB0C03A3F57C53A3F1FE0392F0000F36
:102C100000F0B38095F0000F00F077802DE90149B6
:102C20004FEA114021EA00484FEA144624EA0647D9
:102C300000FB06FC08FB06F607FB08F818EB064845
:102C40004CEB164C00FB07F718EB07484CEB174012
:102C50004FEA124B22EA0B4E4FEA154625EA064789
:102C60000BFB06FC0EFB06F607FB0EFE1EEB064EEC
:102C70004CEB164C0BFB07F71EEB074E4CEB174BC0
:102C800018EB0B0840F1000018EB0E0B58EB000896
:102C900040F100008F1A4FF000014FF000063CBFDA
:102CA000C943661B14BFB5EB040C00213CBFC943EC
:102CB000F61B4FEA174427EA04454FEA1C472CEA63
:102CC000074C04FB076205FB07F70CFB05F616EB48
:102CD000074642EB174204FB0CFC16EB0C4642EB9A
:102CE0001C421BEB060658EB020241414EEA8E0ED7
:102CF00046EA9E0601D5BDE80189B619524141EB6D
:102D00000101A3F10103BDE801894FEA144524EA5A
:102D100005464FEA114721EA074C05FB07F406FB7D
:102D200007F70CFB06F111EB074144EB174405FBD9
:102D30000CFC11EB0C4144EB1C444FEA124722EA15
:102D4000074C05FB07F206FB07F70CFB06F616EB34
:102D5000074642EB174205FB0CFC16EB0C4642EB18
:102D60001C456A1854F1000148BF7047B61952411A
:102D700041EB0101A3F10103704795F0000F37D03B
:102D80004FEA114221EA02464FEA144724EA074C6F
:102D900002FB07F106FB07F70CFB06F414EB0744F4
:102DA00041EB174102FB0CFC14EB0C4441EB1C41C2
:102DB0004FEA154725EA074C02FB07F506FB07F724
:102DC0000CFB06F616EB074645EB174502FB0CFC21
:102DD00016EB0C4645EB1C42121951F1000148BF9D
:102DE0007047B619524141EB0101A3F1010370474D
:102DF0004FEA144524EA05464FEA114721EA074CF9
:102E000005FB07F106FB07F70CFB06F212EB074286
:102E100041EB174105FB0CFC12EB0C4251EB1C4142
:102E20004FF0000648BF7047921841EB0101A3F133
:102E30000103704703B401984100009850EAC12093
:102E400018BF04204A0D18BF40F0010040F2FF7285
:102E5000B2EB515F08BF40F00200012808BF052017
:102E600002B0704730380A2801D201207047002094
:102E700070478A68002A02DC0022DEF7E1BA521E9F
:102E80008A604A68C0B2531C4B60107070470000E3
:102E900010B500290AD00878002807D005487844E2
:102EA000DDF726FE002801D0002010BD024878443E
:102EB00010BD0000523700004A37000010B500294D
:102EC0000AD00878002807D005487844DDF710FEBE
:102ED000002801D0002010BD0248784410BD000039
:102EE000363800002E3800004FF07E5209E011F015
:102EF000004204D54042C1F1000138BF491E42F0F2
:102F00007E5202F170620B0012BF20235FEA0001C3
:102F10007047B1FA81FC01FA0CF1A3EB0C0320FA23
:102F200003FC41EA0C0102EBC352C3F1200310FA87
:102F300003FC5CEA416C42EB112018BF5FF0806C2F
:102F400028BF20F001007047F1EE100A4FF6FF7124
:102F5000C0F2C03120EA010040F04070E1EE100AFA
:102F60007047DEF714B8DEF7E9BD3A7474003A74BE
:102F700074003A74740030313233343536373839AE
:102F800041424344454640305800303132333435B5
:102F90003637383961626364656640307800040012
:102FA0000008000000000000000200010000100006
:102FB00000000000000000001F1D1F1E1F1E1F1F1D
:102FC0001E1F1E1F303132333435363738396162B7
:102FD00063646566787000303132333435363738A3
:102FE0003941424344454658500000000240000029
:102FF000000000A00000000005400000000000C824
:10300000000000000C4000000000409C0000000098
:10301000194000000020BCBE000000003440000049
:10302000BFC91B8E00000004B5400000504BCFD03C
:103030006607E2CF010000006C4100003E8251AA09
:10304000DFEEA73401000000D9420000DCB5A0E2A9
:103050003A301F97FFFFFFFFB4450000FD25A0C8D1
:10306000E9A3C14FFFFFFFFFFF3F0000000000800A
:1030700000000000FF3F0000000000800000000092
:10308000436F726520757074696D65000000000003
:103090000000000000000000000000000000000030
:1030A0000000000000000000000000000000000020
:1030B0000000000000000000000000000000000010
:1030C0000000000000000000000000000000000000
:1030D00000000000000000000000000000000000F0
:1030E00000000000000000000000000000000000E0
:1030F00000000000000000000000000000000000D0
:1031000000000000D090D0BBD18CD182D0B5D1804E
:10311000D0BDD0B0D182D0B8D0B2D0BDD18BD0B9D3
:1031200020D181D0B5D180D0B2D0B5D18020534E3E
:1031300054500000000000000000000000000000EB
:10314000000000000000000000000000000000007F
:10315000000000000000000000000000000000006F
:10316000000000000000000000000000000000005F
:10317000000000000000000000000000000000004F
:103180000000000000000000495044656661756C55
:1031900074536563534E545000000000000000005B
:1031A000000000000000000000000000D09ED1815F
:1031B000D0BDD0BED0B2D0BDD0BED0B920D181D08C
:1031C000B5D180D0B2D0B5D18020534E545000003C
:1031D00000000000000000000000000000000000EF
:1031E00000000000000000000000000000000000DF
:1031F00000000000000000000000000000000000CF
:1032000000000000000000000000000000000000BE
:1032100000000000000000000000000000000000AE
:10322000000000000000000000000000000000009E
:10323000495044656661756C74507269534E5450C0
:10324000000000000000000000000000000000007E
:1032500000000000D09ED181D0BDD0BED0B2D0BD84
:10326000D0BED0B920D188D0BBD18ED0B70000005D
:10327000000000000000000000000000000000004E
:10328000000000000000000000000000000000003E
:10329000000000000000000000000000000000002E
:1032A000000000000000000000000000000000001E
:1032B000000000000000000000000000000000000E
:1032C00000000000000000000000000000000000FE
:1032D0000000000000000000495044656661756C04
:1032E00074475700000000000000000000000000CC
:1032F000000000000000000000000000D09CD0B0E2
:10330000D181D0BAD0B020D0BFD0BED0B4D181D07E
:10331000B5D182D0B800000000000000000000001D
:10332000000000000000000000000000000000009D
:10333000000000000000000000000000000000008D
:10334000000000000000000000000000000000007D
:10335000000000000000000000000000000000006D
:10336000000000000000000000000000000000005D
:10337000000000000000000000000000000000004D
:10338000495044656661756C744E65744D61736B2C
:10339000000000000000000000000000000000002D
:1033A00000000000495020D0B0D0B4D180D0B5D1B9
:1033B0008120D091D09ED0A6D0B22D313220D0BF66
:1033C000D0BE20D183D0BCD0BED0BBD187D0B0D0AE
:1033D000BDD0B8D18E000000000000000000000049
:1033E00000000000000000000000000000000000DD
:1033F00000000000000000000000000000000000CD
:1034000000000000000000000000000000000000BC
:1034100000000000000000000000000000000000AC
:103420000000000000000000495044656661756CB2
:103430007441646472657373000000000000000052
:10344000000000000000000000000000495055731B
:1034500065444843500000000000000000000000E8
:10346000000000000000000000000000000000005C
:1034700045746872656E6574206C696E6B20737438
:10348000617475730000000000000000000000007F
:10349000000000000000000000000000000000002C
:1034A000000000000000000000000000000000001C
:1034B000000000000000000000000000000000000C
:1034C00000000000000000000000000000000000FC
:1034D00000000000000000000000000000000000EC
:1034E00000000000000000000000000000000000DC
:1034F000000000004574684C696E6B53746174750C
:103500007300000000000000000000000000000048
:1035100000000000000000004E756D6265722065BD
:1035200072726F7220777269746520646576696360
:10353000652075736167652073746174697374695C
:103540006300000000000000000000000000000018
:10355000000000000000000000000000000000006B
:10356000000000000000000000000000000000005B
:10357000000000000000000000000000000000004B
:10358000000000000000000000000000000000003B
:103590000000000000000000000000004E756D6299
:1035A00065724572726F72577269746544657669A7
:1035B00063655573537461740000000000000000DF
:1035C0004E756D626572206F66206170706C696304
:1035D0006174696F6E206C61756E6368657300005D
:1035E00000000000000000000000000000000000DB
:1035F00000000000000000000000000000000000CB
:1036000000000000000000000000000000000000BA
:1036100000000000000000000000000000000000AA
:10362000000000000000000000000000000000009A
:10363000000000000000000000000000000000008A
:10364000000000004E756D6265724F664170706CCF
:1036500069636174696F6E4C61756E636865730050
:1036600000000000000000004E756D6265724F2082
:103670006F6620626F6F746C6F61646572206C613D
:10368000756E6368657300000000000000000000B4
:10369000000000000000000000000000000000002A
:1036A000000000000000000000000000000000001A
:1036B000000000000000000000000000000000000A
:1036C00000000000000000000000000000000000FA
:1036D00000000000000000000000000000000000EA
:1036E0000000000000000000000000004E756D6248
:1036F00065724F66426F6F746C6F616465724C6186
:10370000756E636865730000000000000000000033
:10371000546F74616C206F7065726174696E67209C
:1037200074696D65000000000000000000000000EA
:103730000000000000000000000000000000000089
:103740000000000000000000000000000000000079
:103750000000000000000000000000000000000069
:103760000000000000000000000000000000000059
:103770000000000000000000000000000000000049
:103780000000000000000000000000000000000039
:1037900000000000436F7265557074696D6500002C
:1037A0000000000000000000000000000000000019
:1037B0000000000000000000546F74616C4F7065E1
:1037C000726174696E6754696D65000000000000E5
:1037D0000000000000000000000000004D414341D7
:1037E0006464724C6F77546872656542797465736E
:1037F00000000000000000000000000000000000C9
:1038000000000000000000000000000000000000B8
:1038100000000000000000000000000000000000A8
:103820000000000000000000000000000000000098
:103830000000000000000000000000000000000088
:103840000000000000000000000000000000000078
:103850000000000000000000000000000000000068
:103860004D4143416464724C6F77546872656542A0
:103870007974657300000000000000000000000083
:10388000000000004D4143416464725570706572E0
:103890005468726565427974657300000000000029
:1038A0000000000000000000000000000000000018
:1038B0000000000000000000000000000000000008
:1038C00000000000000000000000000000000000F8
:1038D00000000000000000000000000000000000E8
:1038E00000000000000000000000000000000000D8
:1038F00000000000000000000000000000000000C8
:1039000000000000000000004D4143416464725516
:1039100070706572546872656542797465730000F1
:10392000000000000000000000000000456E616221
:103930006C65206C6F6164206170706C6963617488
:10394000696F6E0000000000000000000000000031
:103950000000000000000000000000000000000067
:103960000000000000000000000000000000000057
:103970000000000000000000000000000000000047
:103980000000000000000000000000000000000037
:103990000000000000000000000000000000000027
:1039A0000000000000000000000000000000000017
:1039B000456E61626C654C6F61644170700000001F
:1039C00000000000000000000000000000000000F7
:1039D00000000000000000000000000101010101E2
:1039E0000101000000000000001020304050607015
:1039F0008090F0F0F0F0F0F0F0A0B0C0D0E0F00077
:103A0000004B00000096000000E1000000C2010031
:103A10000046050040000000000200000200000017
:103A2000404B4C0053544D5F4D3935323536000014
:103A30000000000000000000000000000000000086
:103A40000200000010000000100000000100000053
:103A5000404B4C004D435F323541413032453438A4
:103A60000000000001000000FA0000000600000055
:103A700002000000AB4890C455A15CF1112F034334
:103A8000156BD7F9AB4890C455A15CF1112F0343D6
:103A9000156BD7F81234567890ABCDEF1002300486
:103AA0005006700800000000000000000000417592
:103AB0006720323020323032360031353A30333AF6
:103AC00032360030313233343536373839414243BB
:103AD0004445460000000000000000010203040607
:103AE00007080900000000000000000000000000BE
:103AF00000000000000000000000000000000000C6
:103B0000010000000000000001020304FFFFFFFFAE
:103B1000FFFF000000000000FFFFFFFF00000000AB
:103B20006410B71DC8206E3BAC30D9269041DC76BE
:103B3000F4516B6B5861B24D3C7105502083B8ED68
:103B400044930FF0E8A3D6D68CB361CBB0C2649B8C
:103B5000D4D2D38678E20AA01CF2BDBDFA000000E0
:103B6000F5FA0108E80300000DB10008E8030000C1
:103B70004985000860EA0000A1560008F401000031
:103B8000D15F00086400000081520008640000005A
:103B900035A20008ED44020808B9012008001E0003
:103BA000A4E70020C8B90120F744020818B9012091
:103BB00018000F0097E80020CCB901202F4502081B
:103BC00028B901201000080002EA0020D0B9012025
:103BD0001345020838B901201000100008AB01207D
:103BE000D4B901200945020848B901200406200083
:103BF00085EA0020D8B901208C44020858B9012078
:103C00001C0004000BAC0120DCB901207244020846
:103C100068B90120200005007EAC0120E0B9012038
:103C20004745020878B9012010000C0021AD0120A1
:103C3000E4B901207C44020888B90120B4000A00DC
:103C400087AE0120E8B901202045020898B901207B
:103C500020000500E4AD0120ECB901200145020877
:103C6000A8B901201400200092B50120F0B901206C
:103C700084440208B8B901202800060015B80120C4
:103C8000F4B90120F83B0208703C0208343C0208F9
:103C9000483C02085C3C02080C3C0208A83B0208B5
:103CA000943B0208BC3B0208203C0208D03B0208BF
:103CB000E43B020852533438353A2564207370656A
:103CC00065642025640A0052533438353A2564204F
:103CD000616464726573732025640A0025733A2554
:103CE000643A64656275673A20466978696E672050
:103CF0006D6F7665207768696C652072656C6F639F
:103D00006174696E67207B307825782C20307825A7
:103D1000787D20307825780A25730A0025733A25A6
:103D2000643A64656275673A20466978696E67200F
:103D30006D6F7665207768696C6520666978696E55
:103D400067206F727068616E73207B307825782CE5
:103D500020307825787D20307825780A25730A0070
:103D600025733A25643A6572726F723A20496E760D
:103D7000616C696420626C6F636B2073697A652083
:103D800028257520213D2025752925730A002573D6
:103D90003A25643A6572726F723A20496E76616CA8
:103DA000696420626C6F636B20636F756E7420288A
:103DB000257520213D2025752925730A0025733A94
:103DC00025643A6572726F723A20556E7375707021
:103DD0006F727465642066696C655F6D6178202818
:103DE0002575203E2025752925730A0025733A255F
:103DF000643A6572726F723A20556E737570706FA7
:103E00007274656420617474725F6D617820282516
:103E100075203E2025752925730A0025733A2564EF
:103E20003A6572726F723A20496E76616C696420ED
:103E300076657273696F6E207625642E2564202165
:103E40003D207625642E256425730A0025733A25C6
:103E5000643A7761726E3A20556E61626C652074C7
:103E60006F20657870616E64207375706572626C26
:103E70006F636B25730A0025733A25643A77617284
:103E80006E3A204379636C6520646574656374657C
:103E90006420696E207461696C206C697374257389
:103EA0000A0025733A25643A64656275673A2042D0
:103EB000616420626C6F636B2061742030782578B8
:103EC00025730A0025733A25643A64656275673A7A
:103ED00020466978696E67206D6F7665207B307843
:103EE00025782C20307825787D203078257825732A
:103EF0000A0025733A25643A64656275673A20467C
:103F00006F756E642070656E64696E672067737488
:103F10006174652030782530387825303878253040
:103F2000387825730A0025733A25643A646562750A
:103F3000673A20466978696E672068616C662D6F04
:103F4000727068616E207B307825782C203078255F
:103F5000787D202D3E207B307825782C20307825E8
:103F6000787D25730A0045544820696E697420667F
:103F700061696C65640D00706275665F636F70796E
:103F80005F7061727469616C5F7062756628292068
:103F9000646F6573206E6F7420616C6C6F77207036
:103FA00061636B657420717565756573210070635D
:103FB000616368652D3E626C6F636B203D3D202818
:103FC000286C66735F626C6F636B5F74292D312997
:103FD00000286820213D204E554C4C2920262620C3
:103FE000287420213D204E554C4C29202870726F9A
:103FF0006772616D6D65722076696F6C617465734F
:104000002041504929006C66735F6D6C6973745F61
:1040100069736F70656E286C66732D3E6D6C697385
:10402000742C2028737472756374206C66735F6DD2
:104030006C6973742A2966696C652900D091D0BBBC
:10404000D0BED0BA20D0BED0B1D180D0B0D0B1D007
:10405000BED182D0BAD0B820D186D0B8D184D18098
:10406000D0BED0B2D0BED0B92028D091D09ED0A69C
:10407000D0B22D3132292028426F6F742920257348
:1040800020D097D0B0D0B22EE28496253033642071
:1040900028535720257320257329002F006C667341
:1040A0002D3E6366672D3E73796E6320213D20307F
:1040B000006C66732D3E6366672D3E7265616420F9
:1040C000213D2030006C66732D3E6366672D3E6592
:1040D0007261736520213D2030006C66732D3E6354
:1040E00066672D3E726561645F73697A6520213D64
:1040F0002030006C66732D3E6366672D3E636163FE
:1041000068655F73697A6520213D2030006C6673B5
:104110002D3E6366672D3E70726F675F73697A65C7
:1041200020213D2030006C66732D3E6366672D3E76
:1041300070726F6720213D2030006C66732D3E63E6
:1041400066672D3E626C6F636B5F6379636C65734A
:1041500020213D203000657272203C3D2030006CF3
:1041600066735F7461675F73697A65286C66732D27
:104170003E6773746174652E74616729203C20303A
:1041800078316666207C7C206F727068616E732067
:104190003C3D203000216C66732D3E6366672D3EEA
:1041A0006D657461646174615F6D6178207C7C20F1
:1041B0006C66732D3E6366672D3E6D657461646148
:1041C00074615F6D61782025206C66732D3E636697
:1041D000672D3E726561645F73697A65203D3D209D
:1041E00030006C66732D3E6366672D3E626C6F63B4
:1041F0006B5F73697A652025206C66732D3E63665C
:10420000672D3E63616368655F73697A65203D3D34
:10421000203000636F6D6D69742E6F6666202520F7
:104220006C66732D3E6366672D3E70726F675F73B9
:10423000697A65203D3D203000216C66732D3E6318
:1042400066672D3E6D657461646174615F6D617850
:10425000207C7C206C66732D3E6366672D3E6D6509
:104260007461646174615F6D61782025206C667390
:104270002D3E6366672D3E70726F675F73697A6566
:10428000203D3D203000216C66732D3E6366672D16
:104290003E6D657461646174615F6D6178207C7CE2
:1042A000206C66732D3E6366672D3E626C6F636B98
:1042B0005F73697A652025206C66732D3E6366679F
:1042C0002D3E6D657461646174615F6D6178203D40
:1042D0003D2030006C66732D3E6366672D3E6C6F2B
:1042E0006F6B61686561645F73697A65203E203039
:1042F0000072696E676275665F67657462756628CD
:104300002564292072657475726E2030006C6673A6
:104310002D3E6366672D3E636F6D706163745F74DD
:104320006872657368203D3D2030207C7C206C667F
:10433000732D3E6366672D3E636F6D706163745FBE
:10434000746872657368203E3D206C66732D3E6311
:1043500066672D3E626C6F636B5F73697A652F329F
:10436000006C66732D3E6366672D3E617474725FE8
:104370006D6178203C3D203130323200756E6963CA
:104380006F726E325F636F6E6E5F7463705F7365C2
:104390006E6432004E3D424F432D362C443D436FF8
:1043A000727465782D4D34006C66732D3E636667BC
:1043B0002D3E6E616D655F6D6178203C3D2032352C
:1043C00035006C66732D3E6366672D3E66696C65CD
:1043D0005F6D6178203C3D203231343734383336DC
:1043E0003437006C66732D3E6366672D3E696E6CD4
:1043F000696E655F6D6178203D3D20286C66735F56
:1044000073697A655F74292D31207C7C206C66731A
:104410002D3E6366672D3E696E6C696E655F6D61EA
:1044200078203C3D2028286C66732D3E6366672DFE
:104430003E6D657461646174615F6D617829203FD0
:10444000206C66732D3E6366672D3E6D65746164F6
:104450006174615F6D6178203A206C66732D3E63F4
:1044600066672D3E626C6F636B5F73697A65292F97
:104470003800524541535344415441005443505F26
:10448000504342005544505F504342005241575FF1
:10449000504342007463705F62696E643A206361E6
:1044A0006E206F6E6C792062696E6420696E207375
:1044B0007461746520434C4F534544006C66735FD0
:1044C0007461675F7479706533286C66732D3E671D
:1044D0006469736B2E74616729203D3D204C4653FF
:1044E0005F545950455F44454C4554450041525036
:1044F0005F515545554500465241475F504255462C
:10450000005443505F53454700504255465F504F5B
:104510004F4C00504255465F5245462F524F4D007A
:104520005443505F5043425F4C495354454E0049F9
:10453000474D505F47524F55500053797374656D26
:10454000205245534554005359535F54494D454FEC
:10455000555400253032583A253032583A253032F9
:10456000583A253032583A253032583A25303258A8
:10457000007463705F62696E643A20696E76616C84
:10458000696420706362007564705F62696E643A8A
:1045900020696E76616C6964207063620075647076
:1045A0005F72656D6F76653A20696E76616C6964DD
:1045B00020706362007564705F73656E64746F5F12
:1045C00069663A20696E76616C6964207063620086
:1045D0007564705F726563763A20696E76616C69A6
:1045E0006420706362002E2E2F4C6974746C6546D3
:1045F000532F6C66735F73746F726167652E63000F
:104600002E2E2F4C776970506F72742F6E65746305
:104610006F6E662E63002E2E2F4C776970506F726E
:10462000742F6472765F6574682E63002E2E2F4798
:104630006C6F62616C2F756E69636F726E325F743E
:1046400063702E63002E2E2F476C6F62616C2F7586
:104650006E69636F726E325F7564702E63006D6198
:10466000696E5F626F6F746C6F616465722E630058
:104670002E2E2F4C6974746C6546532F6C66732E06
:104680006300756E69636F726E325F7564705F721E
:104690006563765F66756E63004175746F4E65671E
:1046A0006F20726573756C742070687973737220F3
:1046B000307825303458206475706C657820256416
:1046C0002C207370656564202564007068795F43F1
:1046D0006865636B4175746F4E65676F2025640074
:1046E0007463705F62696E642829206572726F72EC
:1046F000202564007564705F62696E6428292065F6
:1047000072726F722025640069676D705F6A6F69ED
:104710006E67726F75705F6E6574696628292065B3
:1047200072726F72202564007068795F53746172D1
:10473000744175746F4E65676F2829206572726FBA
:1047400072202564006574685F73797374656D5FAA
:1047500073657475702829206572726F72202564E4
:10476000007463705F6C697374656E5F77697468F9
:104770005F6261636B6C6F675F616E645F657272CD
:104780002829206572726F72202564006C77697029
:104790005F737461636B5F696E6974282920657249
:1047A000726F72202564007068795F436865636B7F
:1047B0004175746F4E65676F526573756C74282907
:1047C000206572726F7220256400646863705F7385
:1047D000746172742829206572726F7220256400DA
:1047E0007463705F6F7574707574282920657272B8
:1047F0006F7220256400706275665F74616B652856
:10480000256429206572726F7220256400746370BC
:104810005F777269746528256429206572726F72EA
:104820002025640025643B25640025303364007531
:104830006E69636F726E325F7463705F696E697404
:104840002829206661696C656400756E69636F7202
:104850006E325F6C6F6361746F725F696E6974282A
:1048600029206661696C656400706275665F616CC1
:104870006C6F6328256429206661696C6564007427
:1048800063705F6C697374656E5F776974685F628B
:1048900061636B6C6F675F616E645F6572723A2013
:1048A00070636220616C726561647920636F6E6E03
:1048B000656374656400706275665F636F70795FCD
:1048C0007061727469616C5F706275663A20636FC3
:1048D00070795F6C656E20626967676572207468C5
:1048E000616E20736F7572636500526573657452F3
:1048F0006F7574696E65006C66732D3E6366672D17
:104900003E696E6C696E655F6D6178203D3D202863
:104910006C66735F73697A655F74292D31207C7CC6
:10492000206C66732D3E6366672D3E696E6C696E02
:10493000655F6D6178203C3D206C66732D3E63663B
:10494000672D3E63616368655F73697A6500342A29
:104950006C66735F6E70773228307866666666665E
:10496000666666202F20286C66732D3E6366672D71
:104970003E626C6F636B5F73697A652D322A3429EE
:1049800029203C3D206C66732D3E6366672D3E6298
:104990006C6F636B5F73697A65006F6666202B20AE
:1049A00073697A65203C3D206C66732D3E636667B3
:1049B0002D3E626C6F636B5F73697A65006C667322
:1049C0002D3E6366672D3E636F6D706163745F7427
:1049D0006872657368203D3D20286C66735F73695B
:1049E0007A655F74292D31207C7C206C66732D3EA6
:1049F0006366672D3E636F6D706163745F74687288
:104A0000657368203C3D206C66732D3E6366672DA0
:104A10003E626C6F636B5F73697A65006C66732DC1
:104A20003E6366672D3E6D657461646174615F6DA0
:104A30006178203C3D206C66732D3E6366672D3E99
:104A4000626C6F636B5F73697A650025663B2566F0
:104A50000069676D705F6A6F696E67726F75705F0E
:104A60006E657469663A20617474656D7074207443
:104A70006F206A6F696E206F6E206E6F6E2D4947D2
:104A80004D50206E6574696600706275665F636F75
:104A900070795F7061727469616C3A20696E7661D9
:104AA0006C69642062756600656E65745F6D616334
:104AB0005F646D615F636F6E6669670070627566E3
:104AC0005F74616B653A20627566206E6F74206C4E
:104AD0006172676520656E6F756768006574686CE4
:104AE000696E6B5F636865636B00492331353D53C5
:104AF00079735469636B005465726D696E616C0003
:104B0000696E6372656D656E745F6D61676E697401
:104B1000756465203C3D20702D3E6C656E00756EA1
:104B200069636F726E325F746370636D645F726528
:104B300063765F666E0073797374656D5F70617222
:104B4000616D312E62696E006465766963655F75BB
:104B5000736167655F737461742E62696E006C695E
:104B60006E6B20646F776E006C696E6B2075702EB3
:104B7000207374617274206175746F6E65676F0065
:104B80006574685F73797374656D5F736574757050
:104B9000007068795F436865636B4C696E6B49733D
:104BA00055702829206572726F72005265636569BD
:104BB0007665206572726F7200706275665F7461EF
:104BC0006B653A20696E76616C696420646174611A
:104BD00070747200706275665F636F70795F706188
:104BE000727469616C3A20696E76616C69642064E4
:104BF000617461707472005573696E672067656EC9
:104C0000657261746564204D41432D616464726511
:104C10007373202573005573696E6720657874651A
:104C2000726E616C204D41432D61646472657373D3
:104C3000202573006C6974746C6566730069676D18
:104C4000705F6A6F696E67726F75705F6E657469A9
:104C5000663A20617474656D707420746F206A6F99
:104C6000696E20616C6C73797374656D7320616417
:104C70006472657373007068795F736F66747761CF
:104C800072655F72657365740073746F72616765D6
:104C90005F696E6974006C7769705F737461636BD0
:104CA0005F696E697400756E69636F726E325F74EE
:104CB00063705F696E697400756E69636F726E32DE
:104CC0005F6C6F6361746F725F696E6974006E65AB
:104CD000745F696E697400626C6F636B203D3D2088
:104CE00028286C66735F626C6F636B5F74292D326A
:104CF00029207C7C20626C6F636B203C206C667387
:104D00002D3E626C6F636B5F636F756E7400216C18
:104D100066732D3E626C6F636B5F636F756E74209C
:104D20007C7C20626C6F636B203C206C66732D3E34
:104D3000626C6F636B5F636F756E74007063616349
:104D400068652D3E626C6F636B203C206C66732D32
:104D50003E626C6F636B5F636F756E740041757458
:104D60006F2D4E65676974696174696F6E2074692F
:104D70006D656F7574006C6F775F6C6576656C5FE1
:104D8000696E707574006C6F775F6C6576656C5FCB
:104D90006F75747075740053797356696577006C1C
:104DA00066732D3E6366672D3E696E6C696E655F46
:104DB0006D6178203D3D20286C66735F73697A656C
:104DC0005F74292D31207C7C206C66732D3E6366D8
:104DD000672D3E696E6C696E655F6D6178203C3D44
:104DE000206C66732D3E617474725F6D6178004A49
:104DF000534F4E0A207B202255554944223A2074B5
:104E00007275652C20225265736574223A20747283
:104E100075652C20224368674D6F64627573416429
:104E20006472223A20747275652C2022506172617E
:104E30006D496E74223A205B207B20224944223A3D
:104E40002022456E61626C654C6F61644170702216
:104E50002C20224E756D223A20302C20224E616D7E
:104E600065223A2022456E61626C65206C6F616438
:104E7000206170706C69636174696F6E222C2022EE
:104E800054797065223A2022426F6F6C222C2022C6
:104E9000416363657373223A2022727722207D2C4E
:104EA000207B20224944223A20224D414341646420
:104EB0007255707065725468726565427974657375
:104EC000222C20224E756D223A20312C20224E6158
:104ED0006D65223A20224D414320616464726573FE
:104EE00073207570706572207468726565206279D0
:104EF000746573222C202254797065223A2022682E
:104F0000616C666D6163222C20224163636573735B
:104F1000223A2022726F22207D2C207B20224944BD
:104F2000223A20224D4143416464724C6F775468A9
:104F30007265654279746573222C20224E756D224C
:104F40003A20322C20224E616D65223A20224D41BA
:104F5000432061646472657373206C6F772074689A
:104F6000726565206279746573222C2022547970F1
:104F700065223A202268616C666D6163222C2022D2
:104F8000416363657373223A2022726F22207D2C65
:104F9000207B20224944223A2022546F74616C4FB6
:104FA0007065726174696E6754696D65222C202288
:104FB0004E756D223A20332C20224E616D65223AC7
:104FC0002022546F74616C206F7065726174696E19
:104FD000672074696D65222C202254797065223A0D
:104FE0002022526567756C6172222C202244657301
:104FF00063223A2022222C2022556E6974223A2004
:1050000022686F757273222C2022466F726D617454
:10501000537472223A20222564222C202241636399
:10502000657373223A2022726F22207D2C207B2010
:10503000224944223A20224E756D6265724F6642C3
:105040006F6F746C6F616465724C61756E636865D7
:1050500073222C20224E756D223A20342C20224EB1
:10506000616D65223A20224E756D626572206F6611
:1050700020626F6F746C6F61646572206C61756E15
:1050800063686573222C202254797065223A2022AD
:10509000526567756C6172222C202244657363220D
:1050A0003A2022222C2022466F726D617453747252
:1050B000223A20222564222C2022416363657373E7
:1050C000223A2022726F22207D2C207B202249440C
:1050D000223A20224E756D6265724F664170706C87
:1050E00069636174696F6E4C61756E636865732284
:1050F0002C20224E756D223A20352C20224E616DD7
:1051000065223A20224E756D626572206F662061BD
:1051100070706C69636174696F6E206C61756E6329
:10512000686573222C202254797065223A2022521D
:105130006567756C6172222C202244657363223A84
:105140002022222C2022466F726D617453747222C9
:105150003A20222564222C20224163636573732246
:105160003A2022726F22207D2C207B20224944226B
:105170003A20224E756D6265724572726F72577277
:105180006974654465766963655573537461742207
:105190002C20224E756D223A20362C20224E616D35
:1051A00065223A20224E756D626572206572726FBB
:1051B000722077726974652064657669636520750D
:1051C000732073746174222C202254797065223A02
:1051D0002022526567756C6172222C2022466F7204
:1051E0006D6174537472223A20222564222C20228D
:1051F000416363657373223A2022726F22207D2CF3
:10520000207B20224944223A20224950466163747F
:105210006F727953657474696E67734C6F636B2238
:105220002C20224E756D223A20372C20224E616DA3
:1052300065223A2022466163746F72792073657427
:1052400074696E6773206368616E676520616C6C5A
:105250006F776564222C202254797065223A2022CF
:10526000426F6F6C222C202244657363223A202205
:10527000222C2022416363657373223A2022726FCD
:1052800022207D2C207B20224944223A2022495092
:10529000466163746F727953657474696E67734B9A
:1052A0006579222C20224E756D223A20382C20223E
:1052B0004E616D65223A2022466163746F727920D7
:1052C00073657474696E6773206B6579222C202274
:1052D00054797065223A2022526567756C6172229A
:1052E0002C2022466F726D6174537472223A202210
:1052F000307825303858222C202244657363223AB6
:105300002022222C2022416363657373223A2022DB
:10531000727722207D2C207B20224944223A2022B1
:10532000446576696365446174654F664D616E7569
:1053300066616374757265222C20224E756D223A67
:1053400020392C20224E616D65223A202244657658
:10535000696365446174654F664D616E756661632E
:1053600074757265222C202254797065223A2022AD
:10537000526567756C6172222C2022466F726D61D6
:1053800074537472223A20222554222C2022416325
:1053900063657373223A2022727722207D2C207B52
:1053A00020224944223A2022446576696365536588
:1053B0007269616C4E756D626572222C20224E7589
:1053C0006D223A2031302C20224E616D65223A2028
:1053D0002244657669636553657269616C4E756DCB
:1053E000626572222C202254797065223A20225262
:1053F0006567756C6172222C2022466F726D617434
:10540000537472223A20222564222C2022416363A5
:10541000657373223A2022727722207D2C207B2014
:10542000224944223A202249504574684C696E6BE7
:10543000537461747573222C20224E756D223A20AC
:1054400031312C20224E616D65223A2022D0A1D12B
:1054500082D0B0D182D183D1812045746872656ECB
:10546000657420D0BBD0B8D0BDD0BAD0B0222C202B
:105470002254797065223A2022456E756D222C20C7
:1054800022456E756D223A207B20224944223A2023
:1054900022456E756D5F49504574684C696E6B535B
:1054A0007461747573222C202256616C75657322A9
:1054B0003A205B207B20224E616D65223A20224EED
:1054C0006F4C696E6B222C202256616C7565223AF6
:1054D00020302C202244657363223A2022D09DD0B4
:1054E000B5D18220D0BBD0B8D0BDD0BAD0B02220A8
:1054F0007D2C7B20224E616D65223A202231304D79
:10550000425F4844222C202256616C7565223A2065
:10551000312C202244657363223A2022313020D07E
:105520009CD091D0B8D18220D0BFD0BED0BBD18387
:10553000D0B4D183D0BFD0BBD0B5D0BAD1812220D6
:105540007D2C7B20224E616D65223A202231304D28
:10555000425F4644222C202256616C7565223A2017
:10556000332C202244657363223A2022313020D02C
:105570009CD091D0B8D18220D0BFD0BED0BBD0BDFE
:10558000D18BD0B920D0B4D183D0BFD0BBD0B5D0CF
:10559000BAD18122207D2C7B20224E616D65223A7A
:1055A00020223130304D425F4844222C2022566167
:1055B0006C7565223A20352C202244657363223AAB
:1055C000202231303020D09CD091D0B8D18220D050
:1055D000BFD0BED0BBD183D0B4D183D0BFD0BBD0DD
:1055E000B5D0BAD18122207D2C7B20224E616D6501
:1055F000223A20223130304D425F4644222C202274
:1056000056616C7565223A20372C202244657363FD
:10561000223A202231303020D09CD091D0B8D18293
:1056200020D0BFD0BED0BBD0BDD18BD0B920D0B49C
:10563000D183D0BFD0BBD0B5D0BAD18122207D20BC
:105640005D207D2C202244657363223A2022222C87
:105650002022466F726D6174537472223A202225A3
:1056600064222C2022416363657373223A202272E4
:105670006F22207D2C207B20224944223A2022497F
:105680005055736544484350222C20224E756D229C
:105690003A2031322C20224E616D65223A2022D0F0
:1056A00098D181D0BFD0BED0BBD18CD0B7D0BED026
:1056B000B2D0B0D182D18C204448435020D0B4D055
:1056C000BBD18F20D0BFD0BED0BBD183D187D0B5C6
:1056D000D0BDD0B8D18F20D0BDD0B0D181D182D1B2
:1056E00080D0BED0B5D0BA20D181D0B5D182D0B8CB
:1056F000222C202254797065223A2022626F6F6C2E
:10570000222C2022416363657373223A2022727730
:1057100022207D2C207B20224944223A20224950FD
:1057200044656661756C7441646472657373222CA0
:1057300020224E756D223A2031332C20224E616D8D
:1057400065223A2022495020D0B0D0B4D180D0B5C3
:10575000D18120D091D09ED0A6D0B22D313220D090
:10576000BFD0BE20D183D0BCD0BED0BBD187D0B0FB
:10577000D0BDD0B8D18E222C202254797065223A27
:1057800020224950763441646472222C20224465E0
:105790007363223A2022D09FD180D0B8D181D0B279
:1057A000D0B0D0B8D0B2D0B0D0B5D182D181D18F65
:1057B00020D091D09ED0A6D0B22D313220D0B5D1FC
:1057C00081D0BBD0B820D0BDD0B520D0B1D18BD046
:1057D000BB20D0BFD0BED0BBD183D187D0B5D0BD88
:1057E00020D0B0D0B2D182D0BED0BCD0B0D182D087
:1057F000B8D187D0B5D181D0BAD0B820D0BED182AF
:10580000204443485020D181D0B5D180D0B2D0B50A
:10581000D180D0B0222C2022556E6974223A2022E9
:1058200049507634222C2022416363657373223AF7
:105830002022727722207D2C207B20224944223A8C
:105840002022495044656661756C744E65744D61E3
:10585000736B222C20224E756D223A2031342C207D
:10586000224E616D65223A2022D09CD0B0D181D0E9
:10587000BAD0B020D0BFD0BED0B4D181D0B5D18203
:10588000D0B8222C202254797065223A2022495027
:1058900076344D61736B222C202244657363223A67
:1058A0002022D09FD180D0B8D181D0B2D0B0D0B892
:1058B000D0B2D0B0D0B5D182D181D18F20D091D00B
:1058C0009ED0A6D0B22D313220D0B5D181D0BBD060
:1058D000B820D0BDD0B520D0B1D18BD0BB20D0BFA7
:1058E000D0BED0BBD183D187D0B5D0BD20D0B0D071
:1058F000B2D182D0BED0BCD0B0D182D0B8D187D006
:10590000B5D181D0BAD0B820D0BED182204443488E
:105910005020D181D0B5D180D0B2D0B5D180D0B017
:10592000222C2022556E6974223A20224950763466
:10593000222C2022416363657373223A20227277FE
:1059400022207D2C207B20224944223A20224950CB
:1059500044656661756C744757222C20224E756D24
:10596000223A2031352C20224E616D65223A2022C8
:10597000D09ED181D0BDD0BED0B2D0BDD0BED0B926
:1059800020D188D0BBD18ED0B7222C202254797060
:1059900065223A20224950763441646472222C20D8
:1059A0002244657363223A2022D09FD180D0B8D19F
:1059B00081D0B2D0B0D0B8D0B2D0B0D0B5D182D131
:1059C00081D18F20D091D09ED0A6D0B22D3132205F
:1059D000D0B5D181D0BBD0B820D0BDD0B520D0B10A
:1059E000D18BD0BB20D0BFD0BED0BBD183D187D08C
:1059F000B5D0BD20D0B0D0B2D182D0BED0BCD0B056
:105A0000D182D0B8D187D0B5D181D0BAD0B820D08A
:105A1000BED182204443485020D181D0B5D180D01E
:105A2000B2D0B5D180D0B0222C2022556E6974221C
:105A30003A202249507634222C2022416363657338
:105A400073223A2022727722207D2C207B2022494B
:105A500044223A2022495044656661756C74507244
:105A600069534E5450222C20224E756D223A20311B
:105A7000362C20224E616D65223A2022D09ED181A3
:105A8000D0BDD0BED0B2D0BDD0BED0B920D181D093
:105A9000B5D180D0B2D0B5D18020534E5450222CF5
:105AA000202254797065223A20224950763441648C
:105AB0006472222C202244657363223A2022D09FF4
:105AC000D180D0B8D181D0B2D0B0D0B8D0B2D0B01F
:105AD000D0B5D182D181D18F20D091D09ED0A6D007
:105AE000B22D313220D0B5D181D0BBD0B820D0BDBD
:105AF000D0B520D0B1D18BD0BB20D0BFD0BED0BBD1
:105B0000D183D187D0B5D0BD20D0B0D0B2D182D092
:105B1000BED0BCD0B0D182D0B8D187D0B5D181D0E1
:105B2000BAD0B820D0BED182204443485020D18181
:105B3000D0B5D180D0B2D0B5D180D0B0222C202227
:105B4000556E6974223A202249507634222C202244
:105B5000416363657373223A2022727722207D2C81
:105B6000207B20224944223A202249504465666124
:105B7000756C74536563534E5450222C20224E751D
:105B80006D223A2031372C20224E616D65223A2059
:105B900022D090D0BBD18CD182D0B5D180D0BDD015
:105BA000B0D182D0B8D0B2D0BDD18BD0B920D18104
:105BB000D0B5D180D0B2D0B5D18020534E54502230
:105BC0002C202254797065223A20224950763441A3
:105BD000646472222C202244657363223A2022D00E
:105BE0009FD180D0B8D181D0B2D0B0D0B8D0B2D00F
:105BF000B0D0B5D182D181D18F20D091D09ED0A606
:105C0000D0B22D313220D0B5D181D0BBD0B820D088
:105C1000BDD0B520D0B1D18BD0BB20D0BFD0BED0AD
:105C2000BBD183D187D0B5D0BD20D0B0D0B2D18286
:105C3000D0BED0BCD0B0D182D0B8D187D0B5D181C0
:105C4000D0BAD0B820D0BED182204443485020D111
:105C500081D0B5D180D0B2D0B5D180D0B0222C20A7
:105C600022556E6974223A202249507634222C2023
:105C700022416363657373223A2022727722207D6A
:105C80002C207B20224944223A20224950456E4351
:105C90006865636B4574684C696E6B222C20224EDC
:105CA000756D223A2031382C20224E616D65223AE2
:105CB0002022D09AD0BED0BDD182D180D0BED0BB60
:105CC000D18C20D181D0BED0B5D0B4D0B8D0BDD089
:105CD000B5D0BDD0B8D18F2045746865726E65743B
:105CE000222C202254797065223A2022626F6F6C38
:105CF000222C202244657363223A2022D095D18140
:105D0000D0BBD0B820D0B3D0B0D0BBD0BED187D01C
:105D1000BAD0B020D183D181D182D0B0D0BDD0BE95
:105D2000D0B2D0BBD0B5D0BDD0B02C20D182D0BEA7
:105D300020D0BFD180D0B820D0BED182D181D18334
:105D4000D182D181D182D0B2D0B8D0B8206C696E66
:105D50006B2045746865726E657420D0B1D183D0B4
:105D6000B4D0B5D18220D184D0BED180D0BCD0B83F
:105D7000D180D0BED0B2D0B0D182D18CD181D18FE0
:105D800020D0BED188D0B8D0B1D0BAD0B0222C208B
:105D900022416363657373223A2022727722207D49
:105DA000205D2C202254656C656D65747279223AF1
:105DB000205B207B20224944223A2022436F7265D7
:105DC000557074696D65222C20224E756D223A2023
:105DD000302C20224E616D65223A2022436F72657D
:105DE00020757074696D65222C2022466F726D617A
:105DF00074537472223A2022257422207D205D2C57
:105E00002022466C6173686573223A205B207B20F8
:105E1000224E616D65223A2022466C617368206DC6
:105E2000656D6F727920666F7220736176696E6737
:105E30002073657474696E6773222C20224E756D11
:105E4000223A20302C20225061676553697A6522FE
:105E50003A203132382C20225061676573436F75C8
:105E60006E74223A20323536207D2C7B20224E6102
:105E70006D65223A20224170706C69636174696FAC
:105E80006E222C20224E756D223A20312C20225079
:105E900061676553697A65223A20343039362C209F
:105EA000225061676573436F756E74223A203438EF
:105EB000302C20224F6666736574223A20313334C9
:105EC000343739383732207D205D2C20225541521D
:105ED00054223A207B202256616C756573223A2049
:105EE0005B207B20224E616D65223A2022393630BC
:105EF00030222C202256616C7565223A2030207D9C
:105F00002C7B20224E616D65223A202231393230BD
:105F100030222C202256616C7565223A2031207D7A
:105F20002C7B20224E616D65223A2022333834309A
:105F300030222C202256616C7565223A2032207D59
:105F40002C7B20224E616D65223A20223537363077
:105F500030222C202256616C7565223A2033207D38
:105F60002C7B20224E616D65223A20223131353260
:105F70003030222C202256616C7565223A20342064
:105F80007D2C7B20224E616D65223A2022333435F0
:105F9000363030222C202256616C7565223A20352D
:105FA000207D205D207D207D00000000466C617317
:105FB00068206D656D6F727920666F7220736176EF
:105FC000696E672073657474696E67730000000002
:105FD00000000000B71DC1046E3B8209D926430DA5
:105FE000DC7604136B6BC517B24D861A0550471E3D
:105FF000B8ED08260FF0C922D6D68A2F61CB4B2BDD
:10600000649B0C35D386CD310AA08E3CBDBD4F3884
:1060100070DB114CC7C6D0481EE09345A9FD524124
:10602000ACAD155F1BB0D45BC2969756758B5652BC
:10603000C836196A7F2BD86EA60D9B6311105A675C
:1060400014401D79A35DDC7D7A7B9F70CD665E7404
:10605000E0B6239857ABE29C8E8DA1913990609564
:106060003CC0278B8BDDE68F52FBA582E5E664867C
:10607000585B2BBEEF46EABA3660A9B7817D68B39C
:10608000842D2FAD3330EEA9EA16ADA45D0B6CA0C4
:10609000906D32D42770F3D0FE56B0DD494B71D9E4
:1060A0004C1B36C7FB06F7C32220B4CE953D75CAFC
:1060B00028803AF29F9DFBF646BBB8FBF1A679FF1C
:1060C000F4F63EE143EBFFE59ACDBCE82DD07DEC44
:1060D00077708634C06D4730194B043DAE56C539D4
:1060E000AB0682271C1B4323C53D002E7220C12A0C
:1060F000CF9D8E1278804F16A1A60C1B16BBCD1F0C
:1061000013EB8A01A4F64B057DD00808CACDC90C53
:1061100007AB9778B0B6567C69901571DE8DD47553
:10612000DBDD936B6CC0526FB5E6116202FBD0668B
:10613000BF469F5E085B5E5AD17D1D576660DC538B
:1061400063309B4DD42D5A490D0B1944BA16D840D3
:1061500097C6A5AC20DB64A8F9FD27A54EE0E6A113
:106160004BB0A1BFFCAD60BB258B23B69296E2B2CB
:106170002F2BAD8A98366C8E41102F83F60DEE874B
:10618000F35DA9994440689D9D662B902A7BEA9413
:10619000E71DB4E0500075E4892636E93E3BF7ED93
:1061A0003B6BB0F38C7671F7555032FAE24DF3FE4B
:1061B0005FF0BCC6E8ED7DC231CB3ECF86D6FFCBCB
:1061C0008386B8D5349B79D1EDBD3ADC5AA0FBD893
:1061D000EEE00C6959FDCD6D80DB8E6037C64F64F3
:1061E0003296087A858BC97E5CAD8A73EBB04B77AB
:1061F000560D044FE110C54B383686468F2B47426B
:106200008A7B005C3D66C158E4408255535D435132
:106210009E3B1D252926DC21F0009F2C471D5E2872
:10622000424D1936F550D8322C769B3F9B6B5A3B2A
:1062300026D6150391CBD40748ED970AFFF0560EEA
:10624000FAA011104DBDD014949B93192386521DB2
:106250000E562FF1B94BEEF5606DADF8D7706CFCB2
:10626000D2202BE2653DEAE6BC1BA9EB0B0668EFEA
:10627000B6BB27D701A6E6D3D880A5DE6F9D64DA2A
:106280006ACD23C4DDD0E2C004F6A1CDB3EB60C972
:106290007E8D3EBDC990FFB910B6BCB4A7AB7DB032
:1062A000A2FB3AAE15E6FBAACCC0B8A77BDD79A36A
:1062B000C660369B717DF79FA85BB4921F467596AA
:1062C0001A163288AD0BF38C742DB081C3307185F2
:1062D00099908A5D2E8D4B59F7AB085440B6C95042
:1062E00045E68E4EF2FB4F4A2BDD0C479CC0CD435A
:1062F000217D827B9660437F4F460072F85BC176BA
:10630000FD0B86684A16476C93300461242DC565E1
:10631000E94B9B115E565A1587701918306DD81CC1
:10632000353D9F0282205E065B061D0BEC1BDC0FD9
:1063300051A69337E6BB52333F9D113E8880D03A39
:106340008DD097243ACD5620E3EB152D54F6D42961
:106350007926A9C5CE3B68C1171D2BCCA000EAC881
:10636000A550ADD6124D6CD2CB6B2FDF7C76EEDB19
:10637000C1CBA1E376D660E7AFF023EA18EDE2EEF9
:106380001DBDA5F0AAA064F4738627F9C49BE6FDA1
:1063900009FDB889BEE0798D67C63A80D0DBFB8401
:1063A000D58BBC9A62967D9EBBB03E930CADFF9799
:1063B000B110B0AF060D71ABDF2B32A66836F3A279
:1063C0006D66B4BCDA7B75B8035D36B5B440F7B121
:1063D0000000C1C081C1400101C3C003800241C2AD
:1063E00001C6C006800741C70005C1C581C440047D
:1063F00001CCC00C800D41CD000FC1CF81CE400E2D
:10640000000AC1CA81CB400B01C9C009800841C83C
:1064100001D8C018801941D9001BC1DB81DA401AAC
:10642000001EC1DE81DF401F01DDC01D801C41DC7C
:106430000014C1D481D5401501D7C017801641D6AC
:1064400001D2C012801341D30011C1D181D04010BC
:1064500001F0C030803141F10033C1F381F24032AC
:106460000036C1F681F7403701F5C035803441F47C
:10647000003CC1FC81FD403D01FFC03F803E41FE2C
:1064800001FAC03A803B41FB0039C1F981F840383C
:106490000028C1E881E9402901EBC02B802A41EAAC
:1064A00001EEC02E802F41EF002DC1ED81EC402C7C
:1064B00001E4C024802541E50027C1E781E64026AC
:1064C0000022C1E281E3402301E1C021802041E0BC
:1064D00001A0C060806141A10063C1A381A24062AC
:1064E0000066C1A681A7406701A5C065806441A47C
:1064F000006CC1AC81AD406D01AFC06F806E41AE2C
:1065000001AAC06A806B41AB0069C1A981A840683B
:106510000078C1B881B9407901BBC07B807A41BAAB
:1065200001BEC07E807F41BF007DC1BD81BC407C7B
:1065300001B4C074807541B50077C1B781B64076AB
:106540000072C1B281B3407301B1C071807041B0BB
:106550000050C190819140510193C05380524192AB
:106560000196C056805741970055C195819440547B
:10657000019CC05C805D419D005FC19F819E405E2B
:10658000005AC19A819B405B0199C059805841983B
:106590000188C04880494189004BC18B818A404AAB
:1065A000004EC18E818F404F018DC04D804C418C7B
:1065B0000044C184818540450187C04780464186AB
:1065C0000182C042804341830041C18181804040BB
:1065D000206702080008002010010000E801000800
:1065E000306802081009002000AF03000402000810
:1065F0001001000043000000F8FFFFFF0040404092
:106600004040404040404141414141404040404085
:106610004040404040404040404040404005020231
:1066200002020202020202020202020202202020F0
:10663000202020202020200202020202020290904C
:10664000909090901010101010101010101010104A
:10665000101010101010101002020202020288889E
:1066600088888888080808080808080808080808AA
:106670000808080808080808020202024000000092
:10668000000000000000000000000000000000000A
:1066900000000000000000000000000000000000FA
:1066A00000000000000000000000000000000000EA
:1066B00000000000000000000000000000000000DA
:1066C00000000000000000000000000000000000CA
:1066D00000000000000000000000000000000000BA
:1066E00000000000000000000000000000000000AA
:1066F000000000000000000000000000000000009A
:106700001C00000043000000F8FFFFFF0C00000029
:106710000E0000000F0000002E000000000000002E
:106720000000000000000000000000000000000069
:106730000000000000000000000000000000000059
:106740000000000000000000000000000000000049
:106750000000000000000000000000000000000039
:106760000000000000000000000000000000000029
:106770000000000000000000000000000000000019
:106780000000000000000000000000000000000009
:1067900000000000000000000000000000000000F9
:1067A00000000000000000000000000000000000E9
:1067B00000000000000000000000000000000000D9
:1067C0000000000000000000030300000000CDAB4B
:1067D0000000000029B900080DB9000809B9000837
:1067E0006DB90008100000001000000080000000DB
:1067F0000001000050C30000400000001000000035
:10680000000000009F3A022044BA01200CE600205C
:106810000000000000000000000000000000000078
:10682000000000006E19000000C000000000000021
:04000005080001AD41
:00000001FF
